<?xml version="1.0" encoding="utf-8"?><files><file url="zh-cn_topic_0170591284.html" id="ZH-CN_TOPIC_0170591284" originalId="ZH-CN_TOPIC_0170591284"/><file url="zh-cn_topic_0170591269.html" id="ZH-CN_TOPIC_0170591269" originalId="ZH-CN_TOPIC_0170591269"/><file url="zh-cn_topic_0170591423.html" id="ZH-CN_TOPIC_0170591423" originalId="ZH-CN_TOPIC_0170591423"/><file url="zh-cn_topic_0170591128.html" id="ZH-CN_TOPIC_0170591128" originalId="ZH-CN_TOPIC_0170591128"/><file url="zh-cn_topic_0170591374.html" id="ZH-CN_TOPIC_0170591374" originalId="ZH-CN_TOPIC_0170591374"/><file url="zh-cn_topic_0170591156.html" id="ZH-CN_TOPIC_0170591156" originalId="ZH-CN_TOPIC_0170591156"/><file url="zh-cn_topic_0170591129.html" id="ZH-CN_TOPIC_0170591129" originalId="ZH-CN_TOPIC_0170591129"/><file url="zh-cn_topic_0170591220.html" id="ZH-CN_TOPIC_0170591220" originalId="ZH-CN_TOPIC_0170591220"/><file url="zh-cn_topic_0170591327.html" id="ZH-CN_TOPIC_0170591327" originalId="ZH-CN_TOPIC_0170591327"/><file url="zh-cn_topic_0170591601.html" id="ZH-CN_TOPIC_0170591601" originalId="ZH-CN_TOPIC_0170591601"/><file url="zh-cn_topic_0170591201.html" id="ZH-CN_TOPIC_0170591201" originalId="ZH-CN_TOPIC_0170591201"/><file url="zh-cn_topic_0170591297.html" id="ZH-CN_TOPIC_0170591297" originalId="ZH-CN_TOPIC_0170591297"/><file url="zh-cn_topic_0170591354.html" id="ZH-CN_TOPIC_0170591354" originalId="ZH-CN_TOPIC_0170591354"/><file url="zh-cn_topic_0170591338.html" id="ZH-CN_TOPIC_0170591338" originalId="ZH-CN_TOPIC_0170591338"/><file url="zh-cn_topic_0170591329.html" id="ZH-CN_TOPIC_0170591329" originalId="ZH-CN_TOPIC_0170591329"/><file url="zh-cn_topic_0170591570.html" id="ZH-CN_TOPIC_0170591570" originalId="ZH-CN_TOPIC_0170591570"/><file url="zh-cn_topic_0170591585.html" id="ZH-CN_TOPIC_0170591585" originalId="ZH-CN_TOPIC_0170591585"/><file url="zh-cn_topic_0170591572.html" id="ZH-CN_TOPIC_0170591572" originalId="ZH-CN_TOPIC_0170591572"/><file url="zh-cn_topic_0170591461.html" id="ZH-CN_TOPIC_0170591461" originalId="ZH-CN_TOPIC_0170591461"/><file url="zh-cn_topic_0170591448.html" id="ZH-CN_TOPIC_0170591448" originalId="ZH-CN_TOPIC_0170591448"/><file url="zh-cn_topic_0170591276.html" id="ZH-CN_TOPIC_0170591276" originalId="ZH-CN_TOPIC_0170591276"/><file url="zh-cn_topic_0170591146.html" id="ZH-CN_TOPIC_0170591146" originalId="ZH-CN_TOPIC_0170591146"/><file url="zh-cn_topic_0170591451.html" id="ZH-CN_TOPIC_0170591451" originalId="ZH-CN_TOPIC_0170591451"/><file url="zh-cn_topic_0170591599.html" id="ZH-CN_TOPIC_0170591599" originalId="ZH-CN_TOPIC_0170591599"/><file url="zh-cn_topic_0170591604.html" id="ZH-CN_TOPIC_0170591604" originalId="ZH-CN_TOPIC_0170591604"/><file url="zh-cn_topic_0170591392.html" id="ZH-CN_TOPIC_0170591392" originalId="ZH-CN_TOPIC_0170591392"/><file url="zh-cn_topic_0170591281.html" id="ZH-CN_TOPIC_0170591281" originalId="ZH-CN_TOPIC_0170591281"/><file url="zh-cn_topic_0170591295.html" id="ZH-CN_TOPIC_0170591295" originalId="ZH-CN_TOPIC_0170591295"/><file url="zh-cn_topic_0170591389.html" id="ZH-CN_TOPIC_0170591389" originalId="ZH-CN_TOPIC_0170591389"/><file url="zh-cn_topic_0170591417.html" id="ZH-CN_TOPIC_0170591417" originalId="ZH-CN_TOPIC_0170591417"/><file url="zh-cn_topic_0170591139.html" id="ZH-CN_TOPIC_0170591139" originalId="ZH-CN_TOPIC_0170591139"/><file url="zh-cn_topic_0170591176.html" id="ZH-CN_TOPIC_0170591176" originalId="ZH-CN_TOPIC_0170591176"/><file url="zh-cn_topic_0170591372.html" id="ZH-CN_TOPIC_0170591372" originalId="ZH-CN_TOPIC_0170591372"/><file url="zh-cn_topic_0170591358.html" id="ZH-CN_TOPIC_0170591358" originalId="ZH-CN_TOPIC_0170591358"/><file url="zh-cn_topic_0170591263.html" id="ZH-CN_TOPIC_0170591263" originalId="ZH-CN_TOPIC_0170591263"/><file url="zh-cn_topic_0170591456.html" id="ZH-CN_TOPIC_0170591456" originalId="ZH-CN_TOPIC_0170591456"/><file url="zh-cn_topic_0170591229.html" id="ZH-CN_TOPIC_0170591229" originalId="ZH-CN_TOPIC_0170591229"/><file url="zh-cn_topic_0170591433.html" id="ZH-CN_TOPIC_0170591433" originalId="ZH-CN_TOPIC_0170591433"/><file url="zh-cn_topic_0170591207.html" id="ZH-CN_TOPIC_0170591207" originalId="ZH-CN_TOPIC_0170591207"/><file url="zh-cn_topic_0170591036.html" id="ZH-CN_TOPIC_0170591036" originalId="ZH-CN_TOPIC_0170591036"/><file url="zh-cn_topic_0170591183.html" id="ZH-CN_TOPIC_0170591183" originalId="ZH-CN_TOPIC_0170591183"/><file url="zh-cn_topic_0170591436.html" id="ZH-CN_TOPIC_0170591436" originalId="ZH-CN_TOPIC_0170591436"/><file url="zh-cn_topic_0170591287.html" id="ZH-CN_TOPIC_0170591287" originalId="ZH-CN_TOPIC_0170591287"/><file url="zh-cn_topic_0170591030.html" id="ZH-CN_TOPIC_0170591030" originalId="ZH-CN_TOPIC_0170591030"/><file url="zh-cn_topic_0170591187.html" id="ZH-CN_TOPIC_0170591187" originalId="ZH-CN_TOPIC_0170591187"/><file url="zh-cn_topic_0170591512.html" id="ZH-CN_TOPIC_0170591512" originalId="ZH-CN_TOPIC_0170591512"/><file url="zh-cn_topic_0170591302.html" id="ZH-CN_TOPIC_0170591302" originalId="ZH-CN_TOPIC_0170591302"/><file url="zh-cn_topic_0170591518.html" id="ZH-CN_TOPIC_0170591518" originalId="ZH-CN_TOPIC_0170591518"/><file url="zh-cn_topic_0170591509.html" id="ZH-CN_TOPIC_0170591509" originalId="ZH-CN_TOPIC_0170591509"/><file url="zh-cn_topic_0170591336.html" id="ZH-CN_TOPIC_0170591336" originalId="ZH-CN_TOPIC_0170591336"/><file url="zh-cn_topic_0170591253.html" id="ZH-CN_TOPIC_0170591253" originalId="ZH-CN_TOPIC_0170591253"/><file url="zh-cn_topic_0170591331.html" id="ZH-CN_TOPIC_0170591331" originalId="ZH-CN_TOPIC_0170591331"/><file url="zh-cn_topic_0170591191.html" id="ZH-CN_TOPIC_0170591191" originalId="ZH-CN_TOPIC_0170591191"/><file url="zh-cn_topic_0170591280.html" id="ZH-CN_TOPIC_0170591280" originalId="ZH-CN_TOPIC_0170591280"/><file url="zh-cn_topic_0170591163.html" id="ZH-CN_TOPIC_0170591163" originalId="ZH-CN_TOPIC_0170591163"/><file url="zh-cn_topic_0170591403.html" id="ZH-CN_TOPIC_0170591403" originalId="ZH-CN_TOPIC_0170591403"/><file url="zh-cn_topic_0170591245.html" id="ZH-CN_TOPIC_0170591245" originalId="ZH-CN_TOPIC_0170591245"/><file url="zh-cn_topic_0170591398.html" id="ZH-CN_TOPIC_0170591398" originalId="ZH-CN_TOPIC_0170591398"/><file url="zh-cn_topic_0170591383.html" id="ZH-CN_TOPIC_0170591383" originalId="ZH-CN_TOPIC_0170591383"/><file url="zh-cn_topic_0170591608.html" id="ZH-CN_TOPIC_0170591608" originalId="ZH-CN_TOPIC_0170591608"/><file url="zh-cn_topic_0170591322.html" id="ZH-CN_TOPIC_0170591322" originalId="ZH-CN_TOPIC_0170591322"/><file url="zh-cn_topic_0170591208.html" id="ZH-CN_TOPIC_0170591208" originalId="ZH-CN_TOPIC_0170591208"/><file url="zh-cn_topic_0170591148.html" id="ZH-CN_TOPIC_0170591148" originalId="ZH-CN_TOPIC_0170591148"/><file url="zh-cn_topic_0170591033.html" id="ZH-CN_TOPIC_0170591033" originalId="ZH-CN_TOPIC_0170591033"/><file url="zh-cn_topic_0170591224.html" id="ZH-CN_TOPIC_0170591224" originalId="ZH-CN_TOPIC_0170591224"/><file url="zh-cn_topic_0170591464.html" id="ZH-CN_TOPIC_0170591464" originalId="ZH-CN_TOPIC_0170591464"/><file url="zh-cn_topic_0170591197.html" id="ZH-CN_TOPIC_0170591197" originalId="ZH-CN_TOPIC_0170591197"/><file url="zh-cn_topic_0170591386.html" id="ZH-CN_TOPIC_0170591386" originalId="ZH-CN_TOPIC_0170591386"/><file url="zh-cn_topic_0170591140.html" id="ZH-CN_TOPIC_0170591140" originalId="ZH-CN_TOPIC_0170591140"/><file url="zh-cn_topic_0170591230.html" id="ZH-CN_TOPIC_0170591230" originalId="ZH-CN_TOPIC_0170591230"/><file url="zh-cn_topic_0170591170.html" id="ZH-CN_TOPIC_0170591170" originalId="ZH-CN_TOPIC_0170591170"/><file url="zh-cn_topic_0170591545.html" id="ZH-CN_TOPIC_0170591545" originalId="ZH-CN_TOPIC_0170591545"/><file url="zh-cn_topic_0170591246.html" id="ZH-CN_TOPIC_0170591246" originalId="ZH-CN_TOPIC_0170591246"/><file url="zh-cn_topic_0170591346.html" id="ZH-CN_TOPIC_0170591346" originalId="ZH-CN_TOPIC_0170591346"/><file url="zh-cn_topic_0170591308.html" id="ZH-CN_TOPIC_0170591308" originalId="ZH-CN_TOPIC_0170591308"/><file url="zh-cn_topic_0170591323.html" id="ZH-CN_TOPIC_0170591323" originalId="ZH-CN_TOPIC_0170591323"/><file url="zh-cn_topic_0170591254.html" id="ZH-CN_TOPIC_0170591254" originalId="ZH-CN_TOPIC_0170591254"/><file url="zh-cn_topic_0170591193.html" id="ZH-CN_TOPIC_0170591193" originalId="ZH-CN_TOPIC_0170591193"/><file url="zh-cn_topic_0170591290.html" id="ZH-CN_TOPIC_0170591290" originalId="ZH-CN_TOPIC_0170591290"/><file url="zh-cn_topic_0170591213.html" id="ZH-CN_TOPIC_0170591213" originalId="ZH-CN_TOPIC_0170591213"/><file url="zh-cn_topic_0170591605.html" id="ZH-CN_TOPIC_0170591605" originalId="ZH-CN_TOPIC_0170591605"/><file url="zh-cn_topic_0170591494.html" id="ZH-CN_TOPIC_0170591494" originalId="ZH-CN_TOPIC_0170591494"/><file url="zh-cn_topic_0170591164.html" id="ZH-CN_TOPIC_0170591164" originalId="ZH-CN_TOPIC_0170591164"/><file url="zh-cn_topic_0170591122.html" id="ZH-CN_TOPIC_0170591122" originalId="ZH-CN_TOPIC_0170591122"/><file url="zh-cn_topic_0170591443.html" id="ZH-CN_TOPIC_0170591443" originalId="ZH-CN_TOPIC_0170591443"/><file url="zh-cn_topic_0170591180.html" id="ZH-CN_TOPIC_0170591180" originalId="ZH-CN_TOPIC_0170591180"/><file url="zh-cn_topic_0170591038.html" id="ZH-CN_TOPIC_0170591038" originalId="ZH-CN_TOPIC_0170591038"/><file url="zh-cn_topic_0170591619.html" id="ZH-CN_TOPIC_0170591619" originalId="ZH-CN_TOPIC_0170591619"/><file url="zh-cn_topic_0170591292.html" id="ZH-CN_TOPIC_0170591292" originalId="ZH-CN_TOPIC_0170591292"/><file url="zh-cn_topic_0170591248.html" id="ZH-CN_TOPIC_0170591248" originalId="ZH-CN_TOPIC_0170591248"/><file url="zh-cn_topic_0170591179.html" id="ZH-CN_TOPIC_0170591179" originalId="ZH-CN_TOPIC_0170591179"/><file url="zh-cn_topic_0170591040.html" id="ZH-CN_TOPIC_0170591040" originalId="ZH-CN_TOPIC_0170591040"/><file url="zh-cn_topic_0170591444.html" id="ZH-CN_TOPIC_0170591444" originalId="ZH-CN_TOPIC_0170591444"/><file url="zh-cn_topic_0170591370.html" id="ZH-CN_TOPIC_0170591370" originalId="ZH-CN_TOPIC_0170591370"/><file url="zh-cn_topic_0170591459.html" id="ZH-CN_TOPIC_0170591459" originalId="ZH-CN_TOPIC_0170591459"/><file url="zh-cn_topic_0170591582.html" id="ZH-CN_TOPIC_0170591582" originalId="ZH-CN_TOPIC_0170591582"/><file url="zh-cn_topic_0170591542.html" id="ZH-CN_TOPIC_0170591542" originalId="ZH-CN_TOPIC_0170591542"/><file url="zh-cn_topic_0170591299.html" id="ZH-CN_TOPIC_0170591299" originalId="ZH-CN_TOPIC_0170591299"/><file url="zh-cn_topic_0170591189.html" id="ZH-CN_TOPIC_0170591189" originalId="ZH-CN_TOPIC_0170591189"/><file url="zh-cn_topic_0170591614.html" id="ZH-CN_TOPIC_0170591614" originalId="ZH-CN_TOPIC_0170591614"/><file url="zh-cn_topic_0170591149.html" id="ZH-CN_TOPIC_0170591149" originalId="ZH-CN_TOPIC_0170591149"/><file url="zh-cn_topic_0170591326.html" id="ZH-CN_TOPIC_0170591326" originalId="ZH-CN_TOPIC_0170591326"/><file url="zh-cn_topic_0170591552.html" id="ZH-CN_TOPIC_0170591552" originalId="ZH-CN_TOPIC_0170591552"/><file url="zh-cn_topic_0170591228.html" id="ZH-CN_TOPIC_0170591228" originalId="ZH-CN_TOPIC_0170591228"/><file url="zh-cn_topic_0170591352.html" id="ZH-CN_TOPIC_0170591352" originalId="ZH-CN_TOPIC_0170591352"/><file url="zh-cn_topic_0170591125.html" id="ZH-CN_TOPIC_0170591125" originalId="ZH-CN_TOPIC_0170591125"/><file url="zh-cn_topic_0170591231.html" id="ZH-CN_TOPIC_0170591231" originalId="ZH-CN_TOPIC_0170591231"/><file url="zh-cn_topic_0170591482.html" id="ZH-CN_TOPIC_0170591482" originalId="ZH-CN_TOPIC_0170591482"/><file url="zh-cn_topic_0170591318.html" id="ZH-CN_TOPIC_0170591318" originalId="ZH-CN_TOPIC_0170591318"/><file url="zh-cn_topic_0170591537.html" id="ZH-CN_TOPIC_0170591537" originalId="ZH-CN_TOPIC_0170591537"/><file url="zh-cn_topic_0170591312.html" id="ZH-CN_TOPIC_0170591312" originalId="ZH-CN_TOPIC_0170591312"/><file url="zh-cn_topic_0170591335.html" id="ZH-CN_TOPIC_0170591335" originalId="ZH-CN_TOPIC_0170591335"/><file url="zh-cn_topic_0170591325.html" id="ZH-CN_TOPIC_0170591325" originalId="ZH-CN_TOPIC_0170591325"/><file url="zh-cn_topic_0170591121.html" id="ZH-CN_TOPIC_0170591121" originalId="ZH-CN_TOPIC_0170591121"/><file url="zh-cn_topic_0170591232.html" id="ZH-CN_TOPIC_0170591232" originalId="ZH-CN_TOPIC_0170591232"/><file url="zh-cn_topic_0170591524.html" id="ZH-CN_TOPIC_0170591524" originalId="ZH-CN_TOPIC_0170591524"/><file url="zh-cn_topic_0170591277.html" id="ZH-CN_TOPIC_0170591277" originalId="ZH-CN_TOPIC_0170591277"/><file url="zh-cn_topic_0170591457.html" id="ZH-CN_TOPIC_0170591457" originalId="ZH-CN_TOPIC_0170591457"/><file url="zh-cn_topic_0170591375.html" id="ZH-CN_TOPIC_0170591375" originalId="ZH-CN_TOPIC_0170591375"/><file url="zh-cn_topic_0170591471.html" id="ZH-CN_TOPIC_0170591471" originalId="ZH-CN_TOPIC_0170591471"/><file url="zh-cn_topic_0170591234.html" id="ZH-CN_TOPIC_0170591234" originalId="ZH-CN_TOPIC_0170591234"/><file url="zh-cn_topic_0170591310.html" id="ZH-CN_TOPIC_0170591310" originalId="ZH-CN_TOPIC_0170591310"/><file url="zh-cn_topic_0170591369.html" id="ZH-CN_TOPIC_0170591369" originalId="ZH-CN_TOPIC_0170591369"/><file url="zh-cn_topic_0170591468.html" id="ZH-CN_TOPIC_0170591468" originalId="ZH-CN_TOPIC_0170591468"/><file url="zh-cn_topic_0170591320.html" id="ZH-CN_TOPIC_0170591320" originalId="ZH-CN_TOPIC_0170591320"/><file url="zh-cn_topic_0170591145.html" id="ZH-CN_TOPIC_0170591145" originalId="ZH-CN_TOPIC_0170591145"/><file url="zh-cn_topic_0170591032.html" id="ZH-CN_TOPIC_0170591032" originalId="ZH-CN_TOPIC_0170591032"/><file url="zh-cn_topic_0170591025.html" id="ZH-CN_TOPIC_0170591025" originalId="ZH-CN_TOPIC_0170591025"/><file url="zh-cn_topic_0170591401.html" id="ZH-CN_TOPIC_0170591401" originalId="ZH-CN_TOPIC_0170591401"/><file url="zh-cn_topic_0170591427.html" id="ZH-CN_TOPIC_0170591427" originalId="ZH-CN_TOPIC_0170591427"/><file url="zh-cn_topic_0170591439.html" id="ZH-CN_TOPIC_0170591439" originalId="ZH-CN_TOPIC_0170591439"/><file url="zh-cn_topic_0170591580.html" id="ZH-CN_TOPIC_0170591580" originalId="ZH-CN_TOPIC_0170591580"/><file url="zh-cn_topic_0170591419.html" id="ZH-CN_TOPIC_0170591419" originalId="ZH-CN_TOPIC_0170591419"/><file url="zh-cn_topic_0170591186.html" id="ZH-CN_TOPIC_0170591186" originalId="ZH-CN_TOPIC_0170591186"/><file url="zh-cn_topic_0170591225.html" id="ZH-CN_TOPIC_0170591225" originalId="ZH-CN_TOPIC_0170591225"/><file url="zh-cn_topic_0170591441.html" id="ZH-CN_TOPIC_0170591441" originalId="ZH-CN_TOPIC_0170591441"/><file url="zh-cn_topic_0170591034.html" id="ZH-CN_TOPIC_0170591034" originalId="ZH-CN_TOPIC_0170591034"/><file url="zh-cn_topic_0170591609.html" id="ZH-CN_TOPIC_0170591609" originalId="ZH-CN_TOPIC_0170591609"/><file url="zh-cn_topic_0170591332.html" id="ZH-CN_TOPIC_0170591332" originalId="ZH-CN_TOPIC_0170591332"/><file url="zh-cn_topic_0170591155.html" id="ZH-CN_TOPIC_0170591155" originalId="ZH-CN_TOPIC_0170591155"/><file url="zh-cn_topic_0170591564.html" id="ZH-CN_TOPIC_0170591564" originalId="ZH-CN_TOPIC_0170591564"/><file url="zh-cn_topic_0170591199.html" id="ZH-CN_TOPIC_0170591199" originalId="ZH-CN_TOPIC_0170591199"/><file url="zh-cn_topic_0170591303.html" id="ZH-CN_TOPIC_0170591303" originalId="ZH-CN_TOPIC_0170591303"/><file url="zh-cn_topic_0170591345.html" id="ZH-CN_TOPIC_0170591345" originalId="ZH-CN_TOPIC_0170591345"/><file url="zh-cn_topic_0170591241.html" id="ZH-CN_TOPIC_0170591241" originalId="ZH-CN_TOPIC_0170591241"/><file url="zh-cn_topic_0170591583.html" id="ZH-CN_TOPIC_0170591583" originalId="ZH-CN_TOPIC_0170591583"/><file url="zh-cn_topic_0170591458.html" id="ZH-CN_TOPIC_0170591458" originalId="ZH-CN_TOPIC_0170591458"/><file url="zh-cn_topic_0170591348.html" id="ZH-CN_TOPIC_0170591348" originalId="ZH-CN_TOPIC_0170591348"/><file url="zh-cn_topic_0170591600.html" id="ZH-CN_TOPIC_0170591600" originalId="ZH-CN_TOPIC_0170591600"/><file url="zh-cn_topic_0170591330.html" id="ZH-CN_TOPIC_0170591330" originalId="ZH-CN_TOPIC_0170591330"/><file url="zh-cn_topic_0170591266.html" id="ZH-CN_TOPIC_0170591266" originalId="ZH-CN_TOPIC_0170591266"/><file url="zh-cn_topic_0170591347.html" id="ZH-CN_TOPIC_0170591347" originalId="ZH-CN_TOPIC_0170591347"/><file url="zh-cn_topic_0170591568.html" id="ZH-CN_TOPIC_0170591568" originalId="ZH-CN_TOPIC_0170591568"/><file url="zh-cn_topic_0170591420.html" id="ZH-CN_TOPIC_0170591420" originalId="ZH-CN_TOPIC_0170591420"/><file url="zh-cn_topic_0170591363.html" id="ZH-CN_TOPIC_0170591363" originalId="ZH-CN_TOPIC_0170591363"/><file url="zh-cn_topic_0170591205.html" id="ZH-CN_TOPIC_0170591205" originalId="ZH-CN_TOPIC_0170591205"/><file url="zh-cn_topic_0170591226.html" id="ZH-CN_TOPIC_0170591226" originalId="ZH-CN_TOPIC_0170591226"/><file url="zh-cn_topic_0170591431.html" id="ZH-CN_TOPIC_0170591431" originalId="ZH-CN_TOPIC_0170591431"/><file url="zh-cn_topic_0170591167.html" id="ZH-CN_TOPIC_0170591167" originalId="ZH-CN_TOPIC_0170591167"/><file url="zh-cn_topic_0170591173.html" id="ZH-CN_TOPIC_0170591173" originalId="ZH-CN_TOPIC_0170591173"/><file url="zh-cn_topic_0170591159.html" id="ZH-CN_TOPIC_0170591159" originalId="ZH-CN_TOPIC_0170591159"/><file url="zh-cn_topic_0170591615.html" id="ZH-CN_TOPIC_0170591615" originalId="ZH-CN_TOPIC_0170591615"/><file url="zh-cn_topic_0170591123.html" id="ZH-CN_TOPIC_0170591123" originalId="ZH-CN_TOPIC_0170591123"/><file url="zh-cn_topic_0170591485.html" id="ZH-CN_TOPIC_0170591485" originalId="ZH-CN_TOPIC_0170591485"/><file url="zh-cn_topic_0170591378.html" id="ZH-CN_TOPIC_0170591378" originalId="ZH-CN_TOPIC_0170591378"/><file url="zh-cn_topic_0170591233.html" id="ZH-CN_TOPIC_0170591233" originalId="ZH-CN_TOPIC_0170591233"/><file url="zh-cn_topic_0170591031.html" id="ZH-CN_TOPIC_0170591031" originalId="ZH-CN_TOPIC_0170591031"/><file url="zh-cn_topic_0170591223.html" id="ZH-CN_TOPIC_0170591223" originalId="ZH-CN_TOPIC_0170591223"/><file url="zh-cn_topic_0170591428.html" id="ZH-CN_TOPIC_0170591428" originalId="ZH-CN_TOPIC_0170591428"/><file url="zh-cn_topic_0170591394.html" id="ZH-CN_TOPIC_0170591394" originalId="ZH-CN_TOPIC_0170591394"/><file url="zh-cn_topic_0170591294.html" id="ZH-CN_TOPIC_0170591294" originalId="ZH-CN_TOPIC_0170591294"/><file url="zh-cn_topic_0170591529.html" id="ZH-CN_TOPIC_0170591529" originalId="ZH-CN_TOPIC_0170591529"/><file url="zh-cn_topic_0170591319.html" id="ZH-CN_TOPIC_0170591319" originalId="ZH-CN_TOPIC_0170591319"/><file url="zh-cn_topic_0170591316.html" id="ZH-CN_TOPIC_0170591316" originalId="ZH-CN_TOPIC_0170591316"/><file url="zh-cn_topic_0170591598.html" id="ZH-CN_TOPIC_0170591598" originalId="ZH-CN_TOPIC_0170591598"/><file url="zh-cn_topic_0170591255.html" id="ZH-CN_TOPIC_0170591255" originalId="ZH-CN_TOPIC_0170591255"/><file url="zh-cn_topic_0170591610.html" id="ZH-CN_TOPIC_0170591610" originalId="ZH-CN_TOPIC_0170591610"/><file url="zh-cn_topic_0170591242.html" id="ZH-CN_TOPIC_0170591242" originalId="ZH-CN_TOPIC_0170591242"/><file url="zh-cn_topic_0170591262.html" id="ZH-CN_TOPIC_0170591262" originalId="ZH-CN_TOPIC_0170591262"/><file url="zh-cn_topic_0170591474.html" id="ZH-CN_TOPIC_0170591474" originalId="ZH-CN_TOPIC_0170591474"/><file url="zh-cn_topic_0170591153.html" id="ZH-CN_TOPIC_0170591153" originalId="ZH-CN_TOPIC_0170591153"/><file url="zh-cn_topic_0170591340.html" id="ZH-CN_TOPIC_0170591340" originalId="ZH-CN_TOPIC_0170591340"/><file url="zh-cn_topic_0170591023.html" id="ZH-CN_TOPIC_0170591023" originalId="ZH-CN_TOPIC_0170591023"/><file url="zh-cn_topic_0170591362.html" id="ZH-CN_TOPIC_0170591362" originalId="ZH-CN_TOPIC_0170591362"/><file url="zh-cn_topic_0170591467.html" id="ZH-CN_TOPIC_0170591467" originalId="ZH-CN_TOPIC_0170591467"/><file url="zh-cn_topic_0170591343.html" id="ZH-CN_TOPIC_0170591343" originalId="ZH-CN_TOPIC_0170591343"/><file url="zh-cn_topic_0170591445.html" id="ZH-CN_TOPIC_0170591445" originalId="ZH-CN_TOPIC_0170591445"/><file url="zh-cn_topic_0170591334.html" id="ZH-CN_TOPIC_0170591334" originalId="ZH-CN_TOPIC_0170591334"/><file url="zh-cn_topic_0170591492.html" id="ZH-CN_TOPIC_0170591492" originalId="ZH-CN_TOPIC_0170591492"/><file url="zh-cn_topic_0170591432.html" id="ZH-CN_TOPIC_0170591432" originalId="ZH-CN_TOPIC_0170591432"/><file url="zh-cn_topic_0170591425.html" id="ZH-CN_TOPIC_0170591425" originalId="ZH-CN_TOPIC_0170591425"/><file url="zh-cn_topic_0170591520.html" id="ZH-CN_TOPIC_0170591520" originalId="ZH-CN_TOPIC_0170591520"/><file url="zh-cn_topic_0170591501.html" id="ZH-CN_TOPIC_0170591501" originalId="ZH-CN_TOPIC_0170591501"/><file url="zh-cn_topic_0170591239.html" id="ZH-CN_TOPIC_0170591239" originalId="ZH-CN_TOPIC_0170591239"/><file url="zh-cn_topic_0170591157.html" id="ZH-CN_TOPIC_0170591157" originalId="ZH-CN_TOPIC_0170591157"/><file url="zh-cn_topic_0173474290.html" id="ZH-CN_TOPIC_0173474290" originalId="ZH-CN_TOPIC_0173474290"/><file url="zh-cn_topic_0170591165.html" id="ZH-CN_TOPIC_0170591165" originalId="ZH-CN_TOPIC_0170591165"/><file url="zh-cn_topic_0170591291.html" id="ZH-CN_TOPIC_0170591291" originalId="ZH-CN_TOPIC_0170591291"/><file url="zh-cn_topic_0170591586.html" id="ZH-CN_TOPIC_0170591586" originalId="ZH-CN_TOPIC_0170591586"/><file url="zh-cn_topic_0170591411.html" id="ZH-CN_TOPIC_0170591411" originalId="ZH-CN_TOPIC_0170591411"/><file url="zh-cn_topic_0170591596.html" id="ZH-CN_TOPIC_0170591596" originalId="ZH-CN_TOPIC_0170591596"/><file url="zh-cn_topic_0170591317.html" id="ZH-CN_TOPIC_0170591317" originalId="ZH-CN_TOPIC_0170591317"/><file url="zh-cn_topic_0170591286.html" id="ZH-CN_TOPIC_0170591286" originalId="ZH-CN_TOPIC_0170591286"/><file url="zh-cn_topic_0170591385.html" id="ZH-CN_TOPIC_0170591385" originalId="ZH-CN_TOPIC_0170591385"/><file url="zh-cn_topic_0170591453.html" id="ZH-CN_TOPIC_0170591453" originalId="ZH-CN_TOPIC_0170591453"/><file url="zh-cn_topic_0170591271.html" id="ZH-CN_TOPIC_0170591271" originalId="ZH-CN_TOPIC_0170591271"/><file url="zh-cn_topic_0170591393.html" id="ZH-CN_TOPIC_0170591393" originalId="ZH-CN_TOPIC_0170591393"/><file url="zh-cn_topic_0170591206.html" id="ZH-CN_TOPIC_0170591206" originalId="ZH-CN_TOPIC_0170591206"/><file url="zh-cn_topic_0170591462.html" id="ZH-CN_TOPIC_0170591462" originalId="ZH-CN_TOPIC_0170591462"/><file url="zh-cn_topic_0170591188.html" id="ZH-CN_TOPIC_0170591188" originalId="ZH-CN_TOPIC_0170591188"/><file url="zh-cn_topic_0170591185.html" id="ZH-CN_TOPIC_0170591185" originalId="ZH-CN_TOPIC_0170591185"/><file url="zh-cn_topic_0170591611.html" id="ZH-CN_TOPIC_0170591611" originalId="ZH-CN_TOPIC_0170591611"/><file url="zh-cn_topic_0170591202.html" id="ZH-CN_TOPIC_0170591202" originalId="ZH-CN_TOPIC_0170591202"/><file url="zh-cn_topic_0170591379.html" id="ZH-CN_TOPIC_0170591379" originalId="ZH-CN_TOPIC_0170591379"/><file url="zh-cn_topic_0170591037.html" id="ZH-CN_TOPIC_0170591037" originalId="ZH-CN_TOPIC_0170591037"/><file url="zh-cn_topic_0170591341.html" id="ZH-CN_TOPIC_0170591341" originalId="ZH-CN_TOPIC_0170591341"/><file url="zh-cn_topic_0170591412.html" id="ZH-CN_TOPIC_0170591412" originalId="ZH-CN_TOPIC_0170591412"/><file url="zh-cn_topic_0170591473.html" id="ZH-CN_TOPIC_0170591473" originalId="ZH-CN_TOPIC_0170591473"/><file url="zh-cn_topic_0170591306.html" id="ZH-CN_TOPIC_0170591306" originalId="ZH-CN_TOPIC_0170591306"/><file url="zh-cn_topic_0170591210.html" id="ZH-CN_TOPIC_0170591210" originalId="ZH-CN_TOPIC_0170591210"/><file url="zh-cn_topic_0170591406.html" id="ZH-CN_TOPIC_0170591406" originalId="ZH-CN_TOPIC_0170591406"/><file url="zh-cn_topic_0170591584.html" id="ZH-CN_TOPIC_0170591584" originalId="ZH-CN_TOPIC_0170591584"/><file url="zh-cn_topic_0170591355.html" id="ZH-CN_TOPIC_0170591355" originalId="ZH-CN_TOPIC_0170591355"/><file url="zh-cn_topic_0170591384.html" id="ZH-CN_TOPIC_0170591384" originalId="ZH-CN_TOPIC_0170591384"/><file url="zh-cn_topic_0170591166.html" id="ZH-CN_TOPIC_0170591166" originalId="ZH-CN_TOPIC_0170591166"/><file url="zh-cn_topic_0170591136.html" id="ZH-CN_TOPIC_0170591136" originalId="ZH-CN_TOPIC_0170591136"/><file url="zh-cn_topic_0170591460.html" id="ZH-CN_TOPIC_0170591460" originalId="ZH-CN_TOPIC_0170591460"/><file url="zh-cn_topic_0170591380.html" id="ZH-CN_TOPIC_0170591380" originalId="ZH-CN_TOPIC_0170591380"/><file url="zh-cn_topic_0170591221.html" id="ZH-CN_TOPIC_0170591221" originalId="ZH-CN_TOPIC_0170591221"/><file url="zh-cn_topic_0170591300.html" id="ZH-CN_TOPIC_0170591300" originalId="ZH-CN_TOPIC_0170591300"/><file url="zh-cn_topic_0170591270.html" id="ZH-CN_TOPIC_0170591270" originalId="ZH-CN_TOPIC_0170591270"/><file url="zh-cn_topic_0170591498.html" id="ZH-CN_TOPIC_0170591498" originalId="ZH-CN_TOPIC_0170591498"/><file url="zh-cn_topic_0170591373.html" id="ZH-CN_TOPIC_0170591373" originalId="ZH-CN_TOPIC_0170591373"/><file url="zh-cn_topic_0170591452.html" id="ZH-CN_TOPIC_0170591452" originalId="ZH-CN_TOPIC_0170591452"/><file url="zh-cn_topic_0170591171.html" id="ZH-CN_TOPIC_0170591171" originalId="ZH-CN_TOPIC_0170591171"/><file url="zh-cn_topic_0170591421.html" id="ZH-CN_TOPIC_0170591421" originalId="ZH-CN_TOPIC_0170591421"/><file url="zh-cn_topic_0170591395.html" id="ZH-CN_TOPIC_0170591395" originalId="ZH-CN_TOPIC_0170591395"/><file url="zh-cn_topic_0170591616.html" id="ZH-CN_TOPIC_0170591616" originalId="ZH-CN_TOPIC_0170591616"/><file url="zh-cn_topic_0170591203.html" id="ZH-CN_TOPIC_0170591203" originalId="ZH-CN_TOPIC_0170591203"/><file url="zh-cn_topic_0203390043.html" id="ZH-CN_TOPIC_0203390043" originalId="ZH-CN_TOPIC_0203390043"/><file url="zh-cn_topic_0203390044.html" id="ZH-CN_TOPIC_0203390044" originalId="ZH-CN_TOPIC_0203390044"/><file url="zh-cn_topic_0170591215.html" id="ZH-CN_TOPIC_0170591215" originalId="ZH-CN_TOPIC_0170591215"/><file url="zh-cn_topic_0170591238.html" id="ZH-CN_TOPIC_0170591238" originalId="ZH-CN_TOPIC_0170591238"/><file url="zh-cn_topic_0170591143.html" id="ZH-CN_TOPIC_0170591143" originalId="ZH-CN_TOPIC_0170591143"/><file url="zh-cn_topic_0170591151.html" id="ZH-CN_TOPIC_0170591151" originalId="ZH-CN_TOPIC_0170591151"/><file url="zh-cn_topic_0170591252.html" id="ZH-CN_TOPIC_0170591252" originalId="ZH-CN_TOPIC_0170591252"/><file url="zh-cn_topic_0170591617.html" id="ZH-CN_TOPIC_0170591617" originalId="ZH-CN_TOPIC_0170591617"/><file url="zh-cn_topic_0170591227.html" id="ZH-CN_TOPIC_0170591227" originalId="ZH-CN_TOPIC_0170591227"/><file url="zh-cn_topic_0170591194.html" id="ZH-CN_TOPIC_0170591194" originalId="ZH-CN_TOPIC_0170591194"/><file url="zh-cn_topic_0170591391.html" id="ZH-CN_TOPIC_0170591391" originalId="ZH-CN_TOPIC_0170591391"/><file url="zh-cn_topic_0170591273.html" id="ZH-CN_TOPIC_0170591273" originalId="ZH-CN_TOPIC_0170591273"/><file url="zh-cn_topic_0170591446.html" id="ZH-CN_TOPIC_0170591446" originalId="ZH-CN_TOPIC_0170591446"/><file url="zh-cn_topic_0170591304.html" id="ZH-CN_TOPIC_0170591304" originalId="ZH-CN_TOPIC_0170591304"/><file url="zh-cn_topic_0170591268.html" id="ZH-CN_TOPIC_0170591268" originalId="ZH-CN_TOPIC_0170591268"/><file url="zh-cn_topic_0170591349.html" id="ZH-CN_TOPIC_0170591349" originalId="ZH-CN_TOPIC_0170591349"/><file url="zh-cn_topic_0170591267.html" id="ZH-CN_TOPIC_0170591267" originalId="ZH-CN_TOPIC_0170591267"/><file url="zh-cn_topic_0170591178.html" id="ZH-CN_TOPIC_0170591178" originalId="ZH-CN_TOPIC_0170591178"/><file url="zh-cn_topic_0170591455.html" id="ZH-CN_TOPIC_0170591455" originalId="ZH-CN_TOPIC_0170591455"/><file url="zh-cn_topic_0170591169.html" id="ZH-CN_TOPIC_0170591169" originalId="ZH-CN_TOPIC_0170591169"/><file url="zh-cn_topic_0170591127.html" id="ZH-CN_TOPIC_0170591127" originalId="ZH-CN_TOPIC_0170591127"/><file url="zh-cn_topic_0170591440.html" id="ZH-CN_TOPIC_0170591440" originalId="ZH-CN_TOPIC_0170591440"/><file url="zh-cn_topic_0170591131.html" id="ZH-CN_TOPIC_0170591131" originalId="ZH-CN_TOPIC_0170591131"/><file url="zh-cn_topic_0170591200.html" id="ZH-CN_TOPIC_0170591200" originalId="ZH-CN_TOPIC_0170591200"/><file url="zh-cn_topic_0170591577.html" id="ZH-CN_TOPIC_0170591577" originalId="ZH-CN_TOPIC_0170591577"/><file url="zh-cn_topic_0170591333.html" id="ZH-CN_TOPIC_0170591333" originalId="ZH-CN_TOPIC_0170591333"/><file url="zh-cn_topic_0170591214.html" id="ZH-CN_TOPIC_0170591214" originalId="ZH-CN_TOPIC_0170591214"/><file url="zh-cn_topic_0170591212.html" id="ZH-CN_TOPIC_0170591212" originalId="ZH-CN_TOPIC_0170591212"/><file url="zh-cn_topic_0170591172.html" id="ZH-CN_TOPIC_0170591172" originalId="ZH-CN_TOPIC_0170591172"/><file url="zh-cn_topic_0170591257.html" id="ZH-CN_TOPIC_0170591257" originalId="ZH-CN_TOPIC_0170591257"/><file url="zh-cn_topic_0170591442.html" id="ZH-CN_TOPIC_0170591442" originalId="ZH-CN_TOPIC_0170591442"/><file url="zh-cn_topic_0170591184.html" id="ZH-CN_TOPIC_0170591184" originalId="ZH-CN_TOPIC_0170591184"/><file url="zh-cn_topic_0170591279.html" id="ZH-CN_TOPIC_0170591279" originalId="ZH-CN_TOPIC_0170591279"/><file url="zh-cn_topic_0170591360.html" id="ZH-CN_TOPIC_0170591360" originalId="ZH-CN_TOPIC_0170591360"/><file url="zh-cn_topic_0170591408.html" id="ZH-CN_TOPIC_0170591408" originalId="ZH-CN_TOPIC_0170591408"/><file url="zh-cn_topic_0170591424.html" id="ZH-CN_TOPIC_0170591424" originalId="ZH-CN_TOPIC_0170591424"/><file url="zh-cn_topic_0170591174.html" id="ZH-CN_TOPIC_0170591174" originalId="ZH-CN_TOPIC_0170591174"/><file url="zh-cn_topic_0171003257.html" id="ZH-CN_TOPIC_0171003257" originalId="ZH-CN_TOPIC_0171003257"/><file url="zh-cn_topic_0171006556.html" id="ZH-CN_TOPIC_0171006556" originalId="ZH-CN_TOPIC_0171006556"/><file url="zh-cn_topic_0171011721.html" id="ZH-CN_TOPIC_0171011721" originalId="ZH-CN_TOPIC_0171011721"/><file url="zh-cn_topic_0171015590.html" id="ZH-CN_TOPIC_0171015590" originalId="ZH-CN_TOPIC_0171015590"/><file url="zh-cn_topic_0170591204.html" id="ZH-CN_TOPIC_0170591204" originalId="ZH-CN_TOPIC_0170591204"/><file url="zh-cn_topic_0170591285.html" id="ZH-CN_TOPIC_0170591285" originalId="ZH-CN_TOPIC_0170591285"/><file url="zh-cn_topic_0170591222.html" id="ZH-CN_TOPIC_0170591222" originalId="ZH-CN_TOPIC_0170591222"/><file url="zh-cn_topic_0170591547.html" id="ZH-CN_TOPIC_0170591547" originalId="ZH-CN_TOPIC_0170591547"/><file url="zh-cn_topic_0170591339.html" id="ZH-CN_TOPIC_0170591339" originalId="ZH-CN_TOPIC_0170591339"/><file url="zh-cn_topic_0170591447.html" id="ZH-CN_TOPIC_0170591447" originalId="ZH-CN_TOPIC_0170591447"/><file url="zh-cn_topic_0170591359.html" id="ZH-CN_TOPIC_0170591359" originalId="ZH-CN_TOPIC_0170591359"/><file url="zh-cn_topic_0170591288.html" id="ZH-CN_TOPIC_0170591288" originalId="ZH-CN_TOPIC_0170591288"/><file url="zh-cn_topic_0170591544.html" id="ZH-CN_TOPIC_0170591544" originalId="ZH-CN_TOPIC_0170591544"/><file url="zh-cn_topic_0170591217.html" id="ZH-CN_TOPIC_0170591217" originalId="ZH-CN_TOPIC_0170591217"/><file url="zh-cn_topic_0170591603.html" id="ZH-CN_TOPIC_0170591603" originalId="ZH-CN_TOPIC_0170591603"/><file url="zh-cn_topic_0170591177.html" id="ZH-CN_TOPIC_0170591177" originalId="ZH-CN_TOPIC_0170591177"/><file url="zh-cn_topic_0170591589.html" id="ZH-CN_TOPIC_0170591589" originalId="ZH-CN_TOPIC_0170591589"/><file url="zh-cn_topic_0170591612.html" id="ZH-CN_TOPIC_0170591612" originalId="ZH-CN_TOPIC_0170591612"/><file url="zh-cn_topic_0170591161.html" id="ZH-CN_TOPIC_0170591161" originalId="ZH-CN_TOPIC_0170591161"/><file url="zh-cn_topic_0170591593.html" id="ZH-CN_TOPIC_0170591593" originalId="ZH-CN_TOPIC_0170591593"/><file url="zh-cn_topic_0170591388.html" id="ZH-CN_TOPIC_0170591388" originalId="ZH-CN_TOPIC_0170591388"/><file url="zh-cn_topic_0170591367.html" id="ZH-CN_TOPIC_0170591367" originalId="ZH-CN_TOPIC_0170591367"/><file url="zh-cn_topic_0170591350.html" id="ZH-CN_TOPIC_0170591350" originalId="ZH-CN_TOPIC_0170591350"/><file url="zh-cn_topic_0170591357.html" id="ZH-CN_TOPIC_0170591357" originalId="ZH-CN_TOPIC_0170591357"/><file url="zh-cn_topic_0170591449.html" id="ZH-CN_TOPIC_0170591449" originalId="ZH-CN_TOPIC_0170591449"/><file url="zh-cn_topic_0170591531.html" id="ZH-CN_TOPIC_0170591531" originalId="ZH-CN_TOPIC_0170591531"/><file url="zh-cn_topic_0170591364.html" id="ZH-CN_TOPIC_0170591364" originalId="ZH-CN_TOPIC_0170591364"/><file url="zh-cn_topic_0170591039.html" id="ZH-CN_TOPIC_0170591039" originalId="ZH-CN_TOPIC_0170591039"/></files>