<?xml version="1.0" encoding="UTF-8"?>
<root><item number="ZH-CN_TOPIC_0203390044" projectid="896642361" sourceprojectid="" version="A-1.3" baseline="" type="topic" sourcemapnum="ZH-CN_BOOKMAP_0170591282" sourcemapversion="A-1.18"/><item number="ZH-CN_TOPIC_0203390043" projectid="896642361" sourceprojectid="" version="A-1.3" baseline="" type="topic" sourcemapnum="ZH-CN_BOOKMAP_0170591282" sourcemapversion="A-1.18"/><item number="ZH-CN_TOPIC_0173474290" projectid="896642361" sourceprojectid="" version="A-1.4" baseline="" type="topic" sourcemapnum="ZH-CN_BOOKMAP_0170591282" sourcemapversion="A-1.18"/><item number="ZH-CN_TOPIC_0171015590" projectid="896642361" sourceprojectid="" version="A-1.3" baseline="" type="topic" sourcemapnum="ZH-CN_BOOKMAP_0170591282" sourcemapversion="A-1.18"/><item number="ZH-CN_TOPIC_0171011721" projectid="896642361" sourceprojectid="" version="A-1.3" baseline="" type="topic" sourcemapnum="ZH-CN_BOOKMAP_0170591282" sourcemapversion="A-1.18"/><item number="ZH-CN_TOPIC_0171006556" projectid="896642361" sourceprojectid="" version="A-1.4" baseline="" type="topic" sourcemapnum="ZH-CN_BOOKMAP_0170591282" sourcemapversion="A-1.18"/><item number="ZH-CN_TOPIC_0171003257" projectid="896642361" sourceprojectid="" version="A-1.5" baseline="" type="topic" sourcemapnum="ZH-CN_BOOKMAP_0170591282" sourcemapversion="A-1.18"/><item number="ZH-CN_TOPIC_0170591619" projectid="896642361" sourceprojectid="" version="A-1.1" baseline="" type="topic" sourcemapnum="ZH-CN_BOOKMAP_0170591282" sourcemapversion="A-1.18"/><item number="ZH-CN_TOPIC_0170591617" projectid="896642361" sourceprojectid="" version="A-1.1" baseline="" type="topic" sourcemapnum="ZH-CN_BOOKMAP_0170591282" sourcemapversion="A-1.18"/><item number="ZH-CN_TOPIC_0170591616" projectid="896642361" sourceprojectid="" version="A-1.2" baseline="" type="topic" sourcemapnum="ZH-CN_BOOKMAP_0170591282" sourcemapversion="A-1.18"/><item number="ZH-CN_TOPIC_0170591615" projectid="896642361" sourceprojectid="" version="A-1.2" baseline="" type="topic" sourcemapnum="ZH-CN_BOOKMAP_0170591282" sourcemapversion="A-1.18"/><item number="ZH-CN_TOPIC_0170591614" projectid="896642361" sourceprojectid="" version="A-1.2" baseline="" type="topic" sourcemapnum="ZH-CN_BOOKMAP_0170591282" sourcemapversion="A-1.18"/><item number="ZH-CN_TOPIC_0170591612" projectid="896642361" sourceprojectid="" version="A-1.1" baseline="" type="topic" sourcemapnum="ZH-CN_BOOKMAP_0170591282" sourcemapversion="A-1.18"/><item number="ZH-CN_TOPIC_0170591611" projectid="896642361" sourceprojectid="" version="A-1.2" baseline="" type="topic" sourcemapnum="ZH-CN_BOOKMAP_0170591282" sourcemapversion="A-1.18"/><item number="ZH-CN_TOPIC_0170591610" projectid="896642361" sourceprojectid="" version="A-1.1" baseline="" type="topic" sourcemapnum="ZH-CN_BOOKMAP_0170591282" sourcemapversion="A-1.18"/><item number="ZH-CN_TOPIC_0170591609" projectid="896642361" sourceprojectid="" version="A-1.1" baseline="" type="topic" sourcemapnum="ZH-CN_BOOKMAP_0170591282" sourcemapversion="A-1.18"/><item number="ZH-CN_TOPIC_0170591608" projectid="896642361" sourceprojectid="" version="A-1.2" baseline="" type="topic" sourcemapnum="ZH-CN_BOOKMAP_0170591282" sourcemapversion="A-1.18"/><item number="ZH-CN_TOPIC_0170591605" projectid="896642361" sourceprojectid="" version="A-1.2" baseline="" type="topic" sourcemapnum="ZH-CN_BOOKMAP_0170591282" sourcemapversion="A-1.18"/><item number="ZH-CN_TOPIC_0170591604" projectid="896642361" sourceprojectid="" version="A-1.2" baseline="" type="topic" sourcemapnum="ZH-CN_BOOKMAP_0170591282" sourcemapversion="A-1.18"/><item number="ZH-CN_TOPIC_0170591603" projectid="896642361" sourceprojectid="" version="A-1.1" baseline="" type="topic" sourcemapnum="ZH-CN_BOOKMAP_0170591282" sourcemapversion="A-1.18"/><item number="ZH-CN_TOPIC_0170591601" projectid="896642361" sourceprojectid="" version="A-1.1" baseline="" type="topic" sourcemapnum="ZH-CN_BOOKMAP_0170591282" sourcemapversion="A-1.18"/><item number="ZH-CN_TOPIC_0170591600" projectid="896642361" sourceprojectid="" version="A-1.2" baseline="" type="topic" sourcemapnum="ZH-CN_BOOKMAP_0170591282" sourcemapversion="A-1.18"/><item number="ZH-CN_TOPIC_0170591599" projectid="896642361" sourceprojectid="" version="A-1.1" baseline="" type="topic" sourcemapnum="ZH-CN_BOOKMAP_0170591282" sourcemapversion="A-1.18"/><item number="ZH-CN_TOPIC_0170591598" projectid="896642361" sourceprojectid="" version="A-1.1" baseline="" type="topic" sourcemapnum="ZH-CN_BOOKMAP_0170591282" sourcemapversion="A-1.18"/><item number="ZH-CN_TOPIC_0170591596" projectid="896642361" sourceprojectid="" version="A-1.2" baseline="" type="topic" sourcemapnum="ZH-CN_BOOKMAP_0170591282" sourcemapversion="A-1.18"/><item number="ZH-CN_TOPIC_0170591593" projectid="896642361" sourceprojectid="" version="A-1.2" baseline="" type="topic" sourcemapnum="ZH-CN_BOOKMAP_0170591282" sourcemapversion="A-1.18"/><item number="ZH-CN_TOPIC_0170591589" projectid="896642361" sourceprojectid="" version="A-1.1" baseline="" type="topic" sourcemapnum="ZH-CN_BOOKMAP_0170591282" sourcemapversion="A-1.18"/><item number="ZH-CN_TOPIC_0170591586" projectid="896642361" sourceprojectid="" version="A-1.1" baseline="" type="topic" sourcemapnum="ZH-CN_BOOKMAP_0170591282" sourcemapversion="A-1.18"/><item number="ZH-CN_TOPIC_0170591585" projectid="896642361" sourceprojectid="" version="A-1.1" baseline="" type="topic" sourcemapnum="ZH-CN_BOOKMAP_0170591282" sourcemapversion="A-1.18"/><item number="ZH-CN_TOPIC_0170591584" projectid="896642361" sourceprojectid="" version="A-1.1" baseline="" type="topic" sourcemapnum="ZH-CN_BOOKMAP_0170591282" sourcemapversion="A-1.18"/><item number="ZH-CN_TOPIC_0170591583" projectid="896642361" sourceprojectid="" version="A-1.2" baseline="" type="topic" sourcemapnum="ZH-CN_BOOKMAP_0170591282" sourcemapversion="A-1.18"/><item number="ZH-CN_TOPIC_0170591582" projectid="896642361" sourceprojectid="" version="A-1.1" baseline="" type="topic" sourcemapnum="ZH-CN_BOOKMAP_0170591282" sourcemapversion="A-1.18"/><item number="ZH-CN_TOPIC_0170591580" projectid="896642361" sourceprojectid="" version="A-1.2" baseline="" type="topic" sourcemapnum="ZH-CN_BOOKMAP_0170591282" sourcemapversion="A-1.18"/><item number="ZH-CN_TOPIC_0170591577" projectid="896642361" sourceprojectid="" version="A-1.2" baseline="" type="topic" sourcemapnum="ZH-CN_BOOKMAP_0170591282" sourcemapversion="A-1.18"/><item number="ZH-CN_TOPIC_0170591572" projectid="896642361" sourceprojectid="" version="A-1.1" baseline="" type="topic" sourcemapnum="ZH-CN_BOOKMAP_0170591282" sourcemapversion="A-1.18"/><item number="ZH-CN_TOPIC_0170591570" projectid="896642361" sourceprojectid="" version="A-1.2" baseline="" type="topic" sourcemapnum="ZH-CN_BOOKMAP_0170591282" sourcemapversion="A-1.18"/><item number="ZH-CN_TOPIC_0170591568" projectid="896642361" sourceprojectid="" version="A-1.2" baseline="" type="topic" sourcemapnum="ZH-CN_BOOKMAP_0170591282" sourcemapversion="A-1.18"/><item number="ZH-CN_TOPIC_0170591564" projectid="896642361" sourceprojectid="" version="A-1.2" baseline="" type="topic" sourcemapnum="ZH-CN_BOOKMAP_0170591282" sourcemapversion="A-1.18"/><item number="ZH-CN_TOPIC_0170591552" projectid="896642361" sourceprojectid="" version="A-1.2" baseline="" type="topic" sourcemapnum="ZH-CN_BOOKMAP_0170591282" sourcemapversion="A-1.18"/><item number="ZH-CN_TOPIC_0170591547" projectid="896642361" sourceprojectid="" version="A-1.2" baseline="" type="topic" sourcemapnum="ZH-CN_BOOKMAP_0170591282" sourcemapversion="A-1.18"/><item number="ZH-CN_TOPIC_0170591545" projectid="896642361" sourceprojectid="" version="A-1.1" baseline="" type="topic" sourcemapnum="ZH-CN_BOOKMAP_0170591282" sourcemapversion="A-1.18"/><item number="ZH-CN_TOPIC_0170591544" projectid="896642361" sourceprojectid="" version="A-1.1" baseline="" type="topic" sourcemapnum="ZH-CN_BOOKMAP_0170591282" sourcemapversion="A-1.18"/><item number="ZH-CN_TOPIC_0170591542" projectid="896642361" sourceprojectid="" version="A-1.2" baseline="" type="topic" sourcemapnum="ZH-CN_BOOKMAP_0170591282" sourcemapversion="A-1.18"/><item number="ZH-CN_TOPIC_0170591537" projectid="896642361" sourceprojectid="" version="A-1.2" baseline="" type="topic" sourcemapnum="ZH-CN_BOOKMAP_0170591282" sourcemapversion="A-1.18"/><item number="ZH-CN_TOPIC_0170591531" projectid="896642361" sourceprojectid="" version="A-1.1" baseline="" type="topic" sourcemapnum="ZH-CN_BOOKMAP_0170591282" sourcemapversion="A-1.18"/><item number="ZH-CN_TOPIC_0170591529" projectid="896642361" sourceprojectid="" version="A-1.1" baseline="" type="topic" sourcemapnum="ZH-CN_BOOKMAP_0170591282" sourcemapversion="A-1.18"/><item number="ZH-CN_TOPIC_0170591524" projectid="896642361" sourceprojectid="" version="A-1.1" baseline="" type="topic" sourcemapnum="ZH-CN_BOOKMAP_0170591282" sourcemapversion="A-1.18"/><item number="ZH-CN_TOPIC_0170591520" projectid="896642361" sourceprojectid="" version="A-1.2" baseline="" type="topic" sourcemapnum="ZH-CN_BOOKMAP_0170591282" sourcemapversion="A-1.18"/><item number="ZH-CN_TOPIC_0170591518" projectid="896642361" sourceprojectid="" version="A-1.1" baseline="" type="topic" sourcemapnum="ZH-CN_BOOKMAP_0170591282" sourcemapversion="A-1.18"/><item number="ZH-CN_TOPIC_0170591512" projectid="896642361" sourceprojectid="" version="A-1.1" baseline="" type="topic" sourcemapnum="ZH-CN_BOOKMAP_0170591282" sourcemapversion="A-1.18"/><item number="ZH-CN_TOPIC_0170591509" projectid="896642361" sourceprojectid="" version="A-1.2" baseline="" type="topic" sourcemapnum="ZH-CN_BOOKMAP_0170591282" sourcemapversion="A-1.18"/><item number="ZH-CN_TOPIC_0170591501" projectid="896642361" sourceprojectid="" version="A-1.2" baseline="" type="topic" sourcemapnum="ZH-CN_BOOKMAP_0170591282" sourcemapversion="A-1.18"/><item number="ZH-CN_TOPIC_0170591498" projectid="896642361" sourceprojectid="" version="A-1.2" baseline="" type="topic" sourcemapnum="ZH-CN_BOOKMAP_0170591282" sourcemapversion="A-1.18"/><item number="ZH-CN_TOPIC_0170591494" projectid="896642361" sourceprojectid="" version="A-1.1" baseline="" type="topic" sourcemapnum="ZH-CN_BOOKMAP_0170591282" sourcemapversion="A-1.18"/><item number="ZH-CN_TOPIC_0170591492" projectid="896642361" sourceprojectid="" version="A-1.1" baseline="" type="topic" sourcemapnum="ZH-CN_BOOKMAP_0170591282" sourcemapversion="A-1.18"/><item number="ZH-CN_TOPIC_0170591485" projectid="896642361" sourceprojectid="" version="A-1.2" baseline="" type="topic" sourcemapnum="ZH-CN_BOOKMAP_0170591282" sourcemapversion="A-1.18"/><item number="ZH-CN_TOPIC_0170591482" projectid="896642361" sourceprojectid="" version="A-1.1" baseline="" type="topic" sourcemapnum="ZH-CN_BOOKMAP_0170591282" sourcemapversion="A-1.18"/><item number="ZH-CN_TOPIC_0170591474" projectid="896642361" sourceprojectid="" version="A-1.1" baseline="" type="topic" sourcemapnum="ZH-CN_BOOKMAP_0170591282" sourcemapversion="A-1.18"/><item number="ZH-CN_TOPIC_0170591473" projectid="896642361" sourceprojectid="" version="A-1.1" baseline="" type="topic" sourcemapnum="ZH-CN_BOOKMAP_0170591282" sourcemapversion="A-1.18"/><item number="ZH-CN_TOPIC_0170591471" projectid="896642361" sourceprojectid="" version="A-1.2" baseline="" type="topic" sourcemapnum="ZH-CN_BOOKMAP_0170591282" sourcemapversion="A-1.18"/><item number="ZH-CN_TOPIC_0170591468" projectid="896642361" sourceprojectid="" version="A-1.1" baseline="" type="topic" sourcemapnum="ZH-CN_BOOKMAP_0170591282" sourcemapversion="A-1.18"/><item number="ZH-CN_TOPIC_0170591467" projectid="896642361" sourceprojectid="" version="A-1.1" baseline="" type="topic" sourcemapnum="ZH-CN_BOOKMAP_0170591282" sourcemapversion="A-1.18"/><item number="ZH-CN_TOPIC_0170591464" projectid="896642361" sourceprojectid="" version="A-1.2" baseline="" type="topic" sourcemapnum="ZH-CN_BOOKMAP_0170591282" sourcemapversion="A-1.18"/><item number="ZH-CN_TOPIC_0170591462" projectid="896642361" sourceprojectid="" version="A-1.2" baseline="" type="topic" sourcemapnum="ZH-CN_BOOKMAP_0170591282" sourcemapversion="A-1.18"/><item number="ZH-CN_TOPIC_0170591461" projectid="896642361" sourceprojectid="" version="A-1.1" baseline="" type="topic" sourcemapnum="ZH-CN_BOOKMAP_0170591282" sourcemapversion="A-1.18"/><item number="ZH-CN_TOPIC_0170591460" projectid="896642361" sourceprojectid="" version="A-1.2" baseline="" type="topic" sourcemapnum="ZH-CN_BOOKMAP_0170591282" sourcemapversion="A-1.18"/><item number="ZH-CN_TOPIC_0170591459" projectid="896642361" sourceprojectid="" version="A-1.1" baseline="" type="topic" sourcemapnum="ZH-CN_BOOKMAP_0170591282" sourcemapversion="A-1.18"/><item number="ZH-CN_TOPIC_0170591458" projectid="896642361" sourceprojectid="" version="A-1.1" baseline="" type="topic" sourcemapnum="ZH-CN_BOOKMAP_0170591282" sourcemapversion="A-1.18"/><item number="ZH-CN_TOPIC_0170591457" projectid="896642361" sourceprojectid="" version="A-1.2" baseline="" type="topic" sourcemapnum="ZH-CN_BOOKMAP_0170591282" sourcemapversion="A-1.18"/><item number="ZH-CN_TOPIC_0170591456" projectid="896642361" sourceprojectid="" version="A-1.1" baseline="" type="topic" sourcemapnum="ZH-CN_BOOKMAP_0170591282" sourcemapversion="A-1.18"/><item number="ZH-CN_TOPIC_0170591455" projectid="896642361" sourceprojectid="" version="A-1.2" baseline="" type="topic" sourcemapnum="ZH-CN_BOOKMAP_0170591282" sourcemapversion="A-1.18"/><item number="ZH-CN_TOPIC_0170591453" projectid="896642361" sourceprojectid="" version="A-1.2" baseline="" type="topic" sourcemapnum="ZH-CN_BOOKMAP_0170591282" sourcemapversion="A-1.18"/><item number="ZH-CN_TOPIC_0170591452" projectid="896642361" sourceprojectid="" version="A-1.1" baseline="" type="topic" sourcemapnum="ZH-CN_BOOKMAP_0170591282" sourcemapversion="A-1.18"/><item number="ZH-CN_TOPIC_0170591451" projectid="896642361" sourceprojectid="" version="A-1.1" baseline="" type="topic" sourcemapnum="ZH-CN_BOOKMAP_0170591282" sourcemapversion="A-1.18"/><item number="ZH-CN_TOPIC_0170591449" projectid="896642361" sourceprojectid="" version="A-1.2" baseline="" type="topic" sourcemapnum="ZH-CN_BOOKMAP_0170591282" sourcemapversion="A-1.18"/><item number="ZH-CN_TOPIC_0170591448" projectid="896642361" sourceprojectid="" version="A-1.3" baseline="" type="topic" sourcemapnum="ZH-CN_BOOKMAP_0170591282" sourcemapversion="A-1.18"/><item number="ZH-CN_TOPIC_0170591447" projectid="896642361" sourceprojectid="" version="A-1.1" baseline="" type="topic" sourcemapnum="ZH-CN_BOOKMAP_0170591282" sourcemapversion="A-1.18"/><item number="ZH-CN_TOPIC_0170591446" projectid="896642361" sourceprojectid="" version="A-1.2" baseline="" type="topic" sourcemapnum="ZH-CN_BOOKMAP_0170591282" sourcemapversion="A-1.18"/><item number="ZH-CN_TOPIC_0170591445" projectid="896642361" sourceprojectid="" version="A-1.1" baseline="" type="topic" sourcemapnum="ZH-CN_BOOKMAP_0170591282" sourcemapversion="A-1.18"/><item number="ZH-CN_TOPIC_0170591444" projectid="896642361" sourceprojectid="" version="A-1.1" baseline="" type="topic" sourcemapnum="ZH-CN_BOOKMAP_0170591282" sourcemapversion="A-1.18"/><item number="ZH-CN_TOPIC_0170591443" projectid="896642361" sourceprojectid="" version="A-1.2" baseline="" type="topic" sourcemapnum="ZH-CN_BOOKMAP_0170591282" sourcemapversion="A-1.18"/><item number="ZH-CN_TOPIC_0170591442" projectid="896642361" sourceprojectid="" version="A-1.2" baseline="" type="topic" sourcemapnum="ZH-CN_BOOKMAP_0170591282" sourcemapversion="A-1.18"/><item number="ZH-CN_TOPIC_0170591441" projectid="896642361" sourceprojectid="" version="A-1.1" baseline="" type="topic" sourcemapnum="ZH-CN_BOOKMAP_0170591282" sourcemapversion="A-1.18"/><item number="ZH-CN_TOPIC_0170591440" projectid="896642361" sourceprojectid="" version="A-1.2" baseline="" type="topic" sourcemapnum="ZH-CN_BOOKMAP_0170591282" sourcemapversion="A-1.18"/><item number="ZH-CN_TOPIC_0170591439" projectid="896642361" sourceprojectid="" version="A-1.2" baseline="" type="topic" sourcemapnum="ZH-CN_BOOKMAP_0170591282" sourcemapversion="A-1.18"/><item number="ZH-CN_TOPIC_0170591436" projectid="896642361" sourceprojectid="" version="A-1.2" baseline="" type="topic" sourcemapnum="ZH-CN_BOOKMAP_0170591282" sourcemapversion="A-1.18"/><item number="ZH-CN_TOPIC_0170591433" projectid="896642361" sourceprojectid="" version="A-1.1" baseline="" type="topic" sourcemapnum="ZH-CN_BOOKMAP_0170591282" sourcemapversion="A-1.18"/><item number="ZH-CN_TOPIC_0170591432" projectid="896642361" sourceprojectid="" version="A-1.1" baseline="" type="topic" sourcemapnum="ZH-CN_BOOKMAP_0170591282" sourcemapversion="A-1.18"/><item number="ZH-CN_TOPIC_0170591431" projectid="896642361" sourceprojectid="" version="A-1.2" baseline="" type="topic" sourcemapnum="ZH-CN_BOOKMAP_0170591282" sourcemapversion="A-1.18"/><item number="ZH-CN_TOPIC_0170591428" projectid="896642361" sourceprojectid="" version="A-1.2" baseline="" type="topic" sourcemapnum="ZH-CN_BOOKMAP_0170591282" sourcemapversion="A-1.18"/><item number="ZH-CN_TOPIC_0170591427" projectid="896642361" sourceprojectid="" version="A-1.2" baseline="" type="topic" sourcemapnum="ZH-CN_BOOKMAP_0170591282" sourcemapversion="A-1.18"/><item number="ZH-CN_TOPIC_0170591425" projectid="896642361" sourceprojectid="" version="A-1.1" baseline="" type="topic" sourcemapnum="ZH-CN_BOOKMAP_0170591282" sourcemapversion="A-1.18"/><item number="ZH-CN_TOPIC_0170591424" projectid="896642361" sourceprojectid="" version="A-1.2" baseline="" type="topic" sourcemapnum="ZH-CN_BOOKMAP_0170591282" sourcemapversion="A-1.18"/><item number="ZH-CN_TOPIC_0170591423" projectid="896642361" sourceprojectid="" version="A-1.1" baseline="" type="topic" sourcemapnum="ZH-CN_BOOKMAP_0170591282" sourcemapversion="A-1.18"/><item number="ZH-CN_TOPIC_0170591421" projectid="896642361" sourceprojectid="" version="A-1.2" baseline="" type="topic" sourcemapnum="ZH-CN_BOOKMAP_0170591282" sourcemapversion="A-1.18"/><item number="ZH-CN_TOPIC_0170591420" projectid="896642361" sourceprojectid="" version="A-1.2" baseline="" type="topic" sourcemapnum="ZH-CN_BOOKMAP_0170591282" sourcemapversion="A-1.18"/><item number="ZH-CN_TOPIC_0170591419" projectid="896642361" sourceprojectid="" version="A-1.2" baseline="" type="topic" sourcemapnum="ZH-CN_BOOKMAP_0170591282" sourcemapversion="A-1.18"/><item number="ZH-CN_TOPIC_0170591417" projectid="896642361" sourceprojectid="" version="A-1.1" baseline="" type="topic" sourcemapnum="ZH-CN_BOOKMAP_0170591282" sourcemapversion="A-1.18"/><item number="ZH-CN_TOPIC_0170591412" projectid="896642361" sourceprojectid="" version="A-1.2" baseline="" type="topic" sourcemapnum="ZH-CN_BOOKMAP_0170591282" sourcemapversion="A-1.18"/><item number="ZH-CN_TOPIC_0170591411" projectid="896642361" sourceprojectid="" version="A-1.2" baseline="" type="topic" sourcemapnum="ZH-CN_BOOKMAP_0170591282" sourcemapversion="A-1.18"/><item number="ZH-CN_TOPIC_0170591408" projectid="896642361" sourceprojectid="" version="A-1.2" baseline="" type="topic" sourcemapnum="ZH-CN_BOOKMAP_0170591282" sourcemapversion="A-1.18"/><item number="ZH-CN_TOPIC_0170591406" projectid="896642361" sourceprojectid="" version="A-1.1" baseline="" type="topic" sourcemapnum="ZH-CN_BOOKMAP_0170591282" sourcemapversion="A-1.18"/><item number="ZH-CN_TOPIC_0170591403" projectid="896642361" sourceprojectid="" version="A-1.1" baseline="" type="topic" sourcemapnum="ZH-CN_BOOKMAP_0170591282" sourcemapversion="A-1.18"/><item number="ZH-CN_TOPIC_0170591401" projectid="896642361" sourceprojectid="" version="A-1.1" baseline="" type="topic" sourcemapnum="ZH-CN_BOOKMAP_0170591282" sourcemapversion="A-1.18"/><item number="ZH-CN_TOPIC_0170591398" projectid="896642361" sourceprojectid="" version="A-1.2" baseline="" type="topic" sourcemapnum="ZH-CN_BOOKMAP_0170591282" sourcemapversion="A-1.18"/><item number="ZH-CN_TOPIC_0170591395" projectid="896642361" sourceprojectid="" version="A-1.2" baseline="" type="topic" sourcemapnum="ZH-CN_BOOKMAP_0170591282" sourcemapversion="A-1.18"/><item number="ZH-CN_TOPIC_0170591394" projectid="896642361" sourceprojectid="" version="A-1.1" baseline="" type="topic" sourcemapnum="ZH-CN_BOOKMAP_0170591282" sourcemapversion="A-1.18"/><item number="ZH-CN_TOPIC_0170591393" projectid="896642361" sourceprojectid="" version="A-1.2" baseline="" type="topic" sourcemapnum="ZH-CN_BOOKMAP_0170591282" sourcemapversion="A-1.18"/><item number="ZH-CN_TOPIC_0170591392" projectid="896642361" sourceprojectid="" version="A-1.2" baseline="" type="topic" sourcemapnum="ZH-CN_BOOKMAP_0170591282" sourcemapversion="A-1.18"/><item number="ZH-CN_TOPIC_0170591391" projectid="896642361" sourceprojectid="" version="A-1.1" baseline="" type="topic" sourcemapnum="ZH-CN_BOOKMAP_0170591282" sourcemapversion="A-1.18"/><item number="ZH-CN_TOPIC_0170591389" projectid="896642361" sourceprojectid="" version="A-1.1" baseline="" type="topic" sourcemapnum="ZH-CN_BOOKMAP_0170591282" sourcemapversion="A-1.18"/><item number="ZH-CN_TOPIC_0170591388" projectid="896642361" sourceprojectid="" version="A-1.2" baseline="" type="topic" sourcemapnum="ZH-CN_BOOKMAP_0170591282" sourcemapversion="A-1.18"/><item number="ZH-CN_TOPIC_0170591386" projectid="896642361" sourceprojectid="" version="A-1.2" baseline="" type="topic" sourcemapnum="ZH-CN_BOOKMAP_0170591282" sourcemapversion="A-1.18"/><item number="ZH-CN_TOPIC_0170591385" projectid="896642361" sourceprojectid="" version="A-1.2" baseline="" type="topic" sourcemapnum="ZH-CN_BOOKMAP_0170591282" sourcemapversion="A-1.18"/><item number="ZH-CN_TOPIC_0170591384" projectid="896642361" sourceprojectid="" version="A-1.2" baseline="" type="topic" sourcemapnum="ZH-CN_BOOKMAP_0170591282" sourcemapversion="A-1.18"/><item number="ZH-CN_TOPIC_0170591383" projectid="896642361" sourceprojectid="" version="A-1.1" baseline="" type="topic" sourcemapnum="ZH-CN_BOOKMAP_0170591282" sourcemapversion="A-1.18"/><item number="ZH-CN_TOPIC_0170591380" projectid="896642361" sourceprojectid="" version="A-1.1" baseline="" type="topic" sourcemapnum="ZH-CN_BOOKMAP_0170591282" sourcemapversion="A-1.18"/><item number="ZH-CN_TOPIC_0170591379" projectid="896642361" sourceprojectid="" version="A-1.2" baseline="" type="topic" sourcemapnum="ZH-CN_BOOKMAP_0170591282" sourcemapversion="A-1.18"/><item number="ZH-CN_TOPIC_0170591378" projectid="896642361" sourceprojectid="" version="A-1.2" baseline="" type="topic" sourcemapnum="ZH-CN_BOOKMAP_0170591282" sourcemapversion="A-1.18"/><item number="ZH-CN_TOPIC_0170591375" projectid="896642361" sourceprojectid="" version="A-1.1" baseline="" type="topic" sourcemapnum="ZH-CN_BOOKMAP_0170591282" sourcemapversion="A-1.18"/><item number="ZH-CN_TOPIC_0170591374" projectid="896642361" sourceprojectid="" version="A-1.2" baseline="" type="topic" sourcemapnum="ZH-CN_BOOKMAP_0170591282" sourcemapversion="A-1.18"/><item number="ZH-CN_TOPIC_0170591373" projectid="896642361" sourceprojectid="" version="A-1.2" baseline="" type="topic" sourcemapnum="ZH-CN_BOOKMAP_0170591282" sourcemapversion="A-1.18"/><item number="ZH-CN_TOPIC_0170591372" projectid="896642361" sourceprojectid="" version="A-1.1" baseline="" type="topic" sourcemapnum="ZH-CN_BOOKMAP_0170591282" sourcemapversion="A-1.18"/><item number="ZH-CN_TOPIC_0170591370" projectid="896642361" sourceprojectid="" version="A-1.1" baseline="" type="topic" sourcemapnum="ZH-CN_BOOKMAP_0170591282" sourcemapversion="A-1.18"/><item number="ZH-CN_TOPIC_0170591369" projectid="896642361" sourceprojectid="" version="A-1.1" baseline="" type="topic" sourcemapnum="ZH-CN_BOOKMAP_0170591282" sourcemapversion="A-1.18"/><item number="ZH-CN_TOPIC_0170591367" projectid="896642361" sourceprojectid="" version="A-1.1" baseline="" type="topic" sourcemapnum="ZH-CN_BOOKMAP_0170591282" sourcemapversion="A-1.18"/><item number="ZH-CN_TOPIC_0170591364" projectid="896642361" sourceprojectid="" version="A-1.1" baseline="" type="topic" sourcemapnum="ZH-CN_BOOKMAP_0170591282" sourcemapversion="A-1.18"/><item number="ZH-CN_TOPIC_0170591363" projectid="896642361" sourceprojectid="" version="A-1.2" baseline="" type="topic" sourcemapnum="ZH-CN_BOOKMAP_0170591282" sourcemapversion="A-1.18"/><item number="ZH-CN_TOPIC_0170591362" projectid="896642361" sourceprojectid="" version="A-1.1" baseline="" type="topic" sourcemapnum="ZH-CN_BOOKMAP_0170591282" sourcemapversion="A-1.18"/><item number="ZH-CN_TOPIC_0170591360" projectid="896642361" sourceprojectid="" version="A-1.1" baseline="" type="topic" sourcemapnum="ZH-CN_BOOKMAP_0170591282" sourcemapversion="A-1.18"/><item number="ZH-CN_TOPIC_0170591359" projectid="896642361" sourceprojectid="" version="A-1.1" baseline="" type="topic" sourcemapnum="ZH-CN_BOOKMAP_0170591282" sourcemapversion="A-1.18"/><item number="ZH-CN_TOPIC_0170591358" projectid="896642361" sourceprojectid="" version="A-1.1" baseline="" type="topic" sourcemapnum="ZH-CN_BOOKMAP_0170591282" sourcemapversion="A-1.18"/><item number="ZH-CN_TOPIC_0170591357" projectid="896642361" sourceprojectid="" version="A-1.1" baseline="" type="topic" sourcemapnum="ZH-CN_BOOKMAP_0170591282" sourcemapversion="A-1.18"/><item number="ZH-CN_TOPIC_0170591355" projectid="896642361" sourceprojectid="" version="A-1.1" baseline="" type="topic" sourcemapnum="ZH-CN_BOOKMAP_0170591282" sourcemapversion="A-1.18"/><item number="ZH-CN_TOPIC_0170591354" projectid="896642361" sourceprojectid="" version="A-1.1" baseline="" type="topic" sourcemapnum="ZH-CN_BOOKMAP_0170591282" sourcemapversion="A-1.18"/><item number="ZH-CN_TOPIC_0170591352" projectid="896642361" sourceprojectid="" version="A-1.2" baseline="" type="topic" sourcemapnum="ZH-CN_BOOKMAP_0170591282" sourcemapversion="A-1.18"/><item number="ZH-CN_TOPIC_0170591350" projectid="896642361" sourceprojectid="" version="A-1.1" baseline="" type="topic" sourcemapnum="ZH-CN_BOOKMAP_0170591282" sourcemapversion="A-1.18"/><item number="ZH-CN_TOPIC_0170591349" projectid="896642361" sourceprojectid="" version="A-1.1" baseline="" type="topic" sourcemapnum="ZH-CN_BOOKMAP_0170591282" sourcemapversion="A-1.18"/><item number="ZH-CN_TOPIC_0170591348" projectid="896642361" sourceprojectid="" version="A-1.2" baseline="" type="topic" sourcemapnum="ZH-CN_BOOKMAP_0170591282" sourcemapversion="A-1.18"/><item number="ZH-CN_TOPIC_0170591347" projectid="896642361" sourceprojectid="" version="A-1.2" baseline="" type="topic" sourcemapnum="ZH-CN_BOOKMAP_0170591282" sourcemapversion="A-1.18"/><item number="ZH-CN_TOPIC_0170591346" projectid="896642361" sourceprojectid="" version="A-1.2" baseline="" type="topic" sourcemapnum="ZH-CN_BOOKMAP_0170591282" sourcemapversion="A-1.18"/><item number="ZH-CN_TOPIC_0170591345" projectid="896642361" sourceprojectid="" version="A-1.2" baseline="" type="topic" sourcemapnum="ZH-CN_BOOKMAP_0170591282" sourcemapversion="A-1.18"/><item number="ZH-CN_TOPIC_0170591343" projectid="896642361" sourceprojectid="" version="A-1.1" baseline="" type="topic" sourcemapnum="ZH-CN_BOOKMAP_0170591282" sourcemapversion="A-1.18"/><item number="ZH-CN_TOPIC_0170591341" projectid="896642361" sourceprojectid="" version="A-1.3" baseline="" type="topic" sourcemapnum="ZH-CN_BOOKMAP_0170591282" sourcemapversion="A-1.18"/><item number="ZH-CN_TOPIC_0170591340" projectid="896642361" sourceprojectid="" version="A-1.2" baseline="" type="topic" sourcemapnum="ZH-CN_BOOKMAP_0170591282" sourcemapversion="A-1.18"/><item number="ZH-CN_TOPIC_0170591339" projectid="896642361" sourceprojectid="" version="A-1.3" baseline="" type="topic" sourcemapnum="ZH-CN_BOOKMAP_0170591282" sourcemapversion="A-1.18"/><item number="ZH-CN_TOPIC_0170591338" projectid="896642361" sourceprojectid="" version="A-1.1" baseline="" type="topic" sourcemapnum="ZH-CN_BOOKMAP_0170591282" sourcemapversion="A-1.18"/><item number="ZH-CN_TOPIC_0170591336" projectid="896642361" sourceprojectid="" version="A-1.1" baseline="" type="topic" sourcemapnum="ZH-CN_BOOKMAP_0170591282" sourcemapversion="A-1.18"/><item number="ZH-CN_TOPIC_0170591335" projectid="896642361" sourceprojectid="" version="A-1.2" baseline="" type="topic" sourcemapnum="ZH-CN_BOOKMAP_0170591282" sourcemapversion="A-1.18"/><item number="ZH-CN_TOPIC_0170591334" projectid="896642361" sourceprojectid="" version="A-1.1" baseline="" type="topic" sourcemapnum="ZH-CN_BOOKMAP_0170591282" sourcemapversion="A-1.18"/><item number="ZH-CN_TOPIC_0170591333" projectid="896642361" sourceprojectid="" version="A-1.1" baseline="" type="topic" sourcemapnum="ZH-CN_BOOKMAP_0170591282" sourcemapversion="A-1.18"/><item number="ZH-CN_TOPIC_0170591332" projectid="896642361" sourceprojectid="" version="A-1.2" baseline="" type="topic" sourcemapnum="ZH-CN_BOOKMAP_0170591282" sourcemapversion="A-1.18"/><item number="ZH-CN_TOPIC_0170591331" projectid="896642361" sourceprojectid="" version="A-1.1" baseline="" type="topic" sourcemapnum="ZH-CN_BOOKMAP_0170591282" sourcemapversion="A-1.18"/><item number="ZH-CN_TOPIC_0170591330" projectid="896642361" sourceprojectid="" version="A-1.2" baseline="" type="topic" sourcemapnum="ZH-CN_BOOKMAP_0170591282" sourcemapversion="A-1.18"/><item number="ZH-CN_TOPIC_0170591329" projectid="896642361" sourceprojectid="" version="A-1.1" baseline="" type="topic" sourcemapnum="ZH-CN_BOOKMAP_0170591282" sourcemapversion="A-1.18"/><item number="ZH-CN_TOPIC_0170591327" projectid="896642361" sourceprojectid="" version="A-1.1" baseline="" type="topic" sourcemapnum="ZH-CN_BOOKMAP_0170591282" sourcemapversion="A-1.18"/><item number="ZH-CN_TOPIC_0170591326" projectid="896642361" sourceprojectid="" version="A-1.2" baseline="" type="topic" sourcemapnum="ZH-CN_BOOKMAP_0170591282" sourcemapversion="A-1.18"/><item number="ZH-CN_TOPIC_0170591325" projectid="896642361" sourceprojectid="" version="A-1.2" baseline="" type="topic" sourcemapnum="ZH-CN_BOOKMAP_0170591282" sourcemapversion="A-1.18"/><item number="ZH-CN_TOPIC_0170591323" projectid="896642361" sourceprojectid="" version="A-1.2" baseline="" type="topic" sourcemapnum="ZH-CN_BOOKMAP_0170591282" sourcemapversion="A-1.18"/><item number="ZH-CN_TOPIC_0170591322" projectid="896642361" sourceprojectid="" version="A-1.1" baseline="" type="topic" sourcemapnum="ZH-CN_BOOKMAP_0170591282" sourcemapversion="A-1.18"/><item number="ZH-CN_TOPIC_0170591320" projectid="896642361" sourceprojectid="" version="A-1.2" baseline="" type="topic" sourcemapnum="ZH-CN_BOOKMAP_0170591282" sourcemapversion="A-1.18"/><item number="ZH-CN_TOPIC_0170591319" projectid="896642361" sourceprojectid="" version="A-1.1" baseline="" type="topic" sourcemapnum="ZH-CN_BOOKMAP_0170591282" sourcemapversion="A-1.18"/><item number="ZH-CN_TOPIC_0170591318" projectid="896642361" sourceprojectid="" version="A-1.2" baseline="" type="topic" sourcemapnum="ZH-CN_BOOKMAP_0170591282" sourcemapversion="A-1.18"/><item number="ZH-CN_TOPIC_0170591317" projectid="896642361" sourceprojectid="" version="A-1.2" baseline="" type="topic" sourcemapnum="ZH-CN_BOOKMAP_0170591282" sourcemapversion="A-1.18"/><item number="ZH-CN_TOPIC_0170591316" projectid="896642361" sourceprojectid="" version="A-1.2" baseline="" type="topic" sourcemapnum="ZH-CN_BOOKMAP_0170591282" sourcemapversion="A-1.18"/><item number="ZH-CN_TOPIC_0170591312" projectid="896642361" sourceprojectid="" version="A-1.2" baseline="" type="topic" sourcemapnum="ZH-CN_BOOKMAP_0170591282" sourcemapversion="A-1.18"/><item number="ZH-CN_TOPIC_0170591310" projectid="896642361" sourceprojectid="" version="A-1.2" baseline="" type="topic" sourcemapnum="ZH-CN_BOOKMAP_0170591282" sourcemapversion="A-1.18"/><item number="ZH-CN_TOPIC_0170591308" projectid="896642361" sourceprojectid="" version="A-1.2" baseline="" type="topic" sourcemapnum="ZH-CN_BOOKMAP_0170591282" sourcemapversion="A-1.18"/><item number="ZH-CN_TOPIC_0170591306" projectid="896642361" sourceprojectid="" version="A-1.2" baseline="" type="topic" sourcemapnum="ZH-CN_BOOKMAP_0170591282" sourcemapversion="A-1.18"/><item number="ZH-CN_TOPIC_0170591304" projectid="896642361" sourceprojectid="" version="A-1.1" baseline="" type="topic" sourcemapnum="ZH-CN_BOOKMAP_0170591282" sourcemapversion="A-1.18"/><item number="ZH-CN_TOPIC_0170591303" projectid="896642361" sourceprojectid="" version="A-1.1" baseline="" type="topic" sourcemapnum="ZH-CN_BOOKMAP_0170591282" sourcemapversion="A-1.18"/><item number="ZH-CN_TOPIC_0170591302" projectid="896642361" sourceprojectid="" version="A-1.1" baseline="" type="topic" sourcemapnum="ZH-CN_BOOKMAP_0170591282" sourcemapversion="A-1.18"/><item number="ZH-CN_TOPIC_0170591300" projectid="896642361" sourceprojectid="" version="A-1.1" baseline="" type="topic" sourcemapnum="ZH-CN_BOOKMAP_0170591282" sourcemapversion="A-1.18"/><item number="ZH-CN_TOPIC_0170591299" projectid="896642361" sourceprojectid="" version="A-1.6" baseline="" type="topic" sourcemapnum="ZH-CN_BOOKMAP_0170591282" sourcemapversion="A-1.18"/><item number="ZH-CN_TOPIC_0170591297" projectid="896642361" sourceprojectid="" version="A-1.1" baseline="" type="topic" sourcemapnum="ZH-CN_BOOKMAP_0170591282" sourcemapversion="A-1.18"/><item number="ZH-CN_TOPIC_0170591295" projectid="896642361" sourceprojectid="" version="A-1.1" baseline="" type="topic" sourcemapnum="ZH-CN_BOOKMAP_0170591282" sourcemapversion="A-1.18"/><item number="ZH-CN_TOPIC_0170591294" projectid="896642361" sourceprojectid="" version="A-1.1" baseline="" type="topic" sourcemapnum="ZH-CN_BOOKMAP_0170591282" sourcemapversion="A-1.18"/><item number="ZH-CN_TOPIC_0170591292" projectid="896642361" sourceprojectid="" version="A-1.1" baseline="" type="topic" sourcemapnum="ZH-CN_BOOKMAP_0170591282" sourcemapversion="A-1.18"/><item number="ZH-CN_TOPIC_0170591291" projectid="896642361" sourceprojectid="" version="A-1.1" baseline="" type="topic" sourcemapnum="ZH-CN_BOOKMAP_0170591282" sourcemapversion="A-1.18"/><item number="ZH-CN_TOPIC_0170591290" projectid="896642361" sourceprojectid="" version="A-1.2" baseline="" type="topic" sourcemapnum="ZH-CN_BOOKMAP_0170591282" sourcemapversion="A-1.18"/><item number="ZH-CN_TOPIC_0170591288" projectid="896642361" sourceprojectid="" version="A-1.1" baseline="" type="topic" sourcemapnum="ZH-CN_BOOKMAP_0170591282" sourcemapversion="A-1.18"/><item number="ZH-CN_TOPIC_0170591287" projectid="896642361" sourceprojectid="" version="A-1.1" baseline="" type="topic" sourcemapnum="ZH-CN_BOOKMAP_0170591282" sourcemapversion="A-1.18"/><item number="ZH-CN_TOPIC_0170591286" projectid="896642361" sourceprojectid="" version="A-1.2" baseline="" type="topic" sourcemapnum="ZH-CN_BOOKMAP_0170591282" sourcemapversion="A-1.18"/><item number="ZH-CN_TOPIC_0170591285" projectid="896642361" sourceprojectid="" version="A-1.2" baseline="" type="topic" sourcemapnum="ZH-CN_BOOKMAP_0170591282" sourcemapversion="A-1.18"/><item number="ZH-CN_TOPIC_0170591284" projectid="896642361" sourceprojectid="" version="A-1.6" baseline="" type="topic" sourcemapnum="ZH-CN_BOOKMAP_0170591282" sourcemapversion="A-1.18"/><item number="ZH-CN_TOPIC_0170591281" projectid="896642361" sourceprojectid="" version="A-1.2" baseline="" type="topic" sourcemapnum="ZH-CN_BOOKMAP_0170591282" sourcemapversion="A-1.18"/><item number="ZH-CN_TOPIC_0170591280" projectid="896642361" sourceprojectid="" version="A-1.1" baseline="" type="topic" sourcemapnum="ZH-CN_BOOKMAP_0170591282" sourcemapversion="A-1.18"/><item number="ZH-CN_TOPIC_0170591279" projectid="896642361" sourceprojectid="" version="A-1.1" baseline="" type="topic" sourcemapnum="ZH-CN_BOOKMAP_0170591282" sourcemapversion="A-1.18"/><item number="ZH-CN_TOPIC_0170591277" projectid="896642361" sourceprojectid="" version="A-1.1" baseline="" type="topic" sourcemapnum="ZH-CN_BOOKMAP_0170591282" sourcemapversion="A-1.18"/><item number="ZH-CN_TOPIC_0170591276" projectid="896642361" sourceprojectid="" version="A-1.1" baseline="" type="topic" sourcemapnum="ZH-CN_BOOKMAP_0170591282" sourcemapversion="A-1.18"/><item number="ZH-CN_TOPIC_0170591273" projectid="896642361" sourceprojectid="" version="A-1.2" baseline="" type="topic" sourcemapnum="ZH-CN_BOOKMAP_0170591282" sourcemapversion="A-1.18"/><item number="ZH-CN_TOPIC_0170591271" projectid="896642361" sourceprojectid="" version="A-1.2" baseline="" type="topic" sourcemapnum="ZH-CN_BOOKMAP_0170591282" sourcemapversion="A-1.18"/><item number="ZH-CN_TOPIC_0170591270" projectid="896642361" sourceprojectid="" version="A-1.2" baseline="" type="topic" sourcemapnum="ZH-CN_BOOKMAP_0170591282" sourcemapversion="A-1.18"/><item number="ZH-CN_TOPIC_0170591269" projectid="896642361" sourceprojectid="" version="A-1.1" baseline="" type="topic" sourcemapnum="ZH-CN_BOOKMAP_0170591282" sourcemapversion="A-1.18"/><item number="ZH-CN_TOPIC_0170591268" projectid="896642361" sourceprojectid="" version="A-1.3" baseline="" type="topic" sourcemapnum="ZH-CN_BOOKMAP_0170591282" sourcemapversion="A-1.18"/><item number="ZH-CN_TOPIC_0170591267" projectid="896642361" sourceprojectid="" version="A-1.2" baseline="" type="topic" sourcemapnum="ZH-CN_BOOKMAP_0170591282" sourcemapversion="A-1.18"/><item number="ZH-CN_TOPIC_0170591266" projectid="896642361" sourceprojectid="" version="A-1.2" baseline="" type="topic" sourcemapnum="ZH-CN_BOOKMAP_0170591282" sourcemapversion="A-1.18"/><item number="ZH-CN_TOPIC_0170591263" projectid="896642361" sourceprojectid="" version="A-1.1" baseline="" type="topic" sourcemapnum="ZH-CN_BOOKMAP_0170591282" sourcemapversion="A-1.18"/><item number="ZH-CN_TOPIC_0170591262" projectid="896642361" sourceprojectid="" version="A-1.2" baseline="" type="topic" sourcemapnum="ZH-CN_BOOKMAP_0170591282" sourcemapversion="A-1.18"/><item number="ZH-CN_TOPIC_0170591257" projectid="896642361" sourceprojectid="" version="A-1.2" baseline="" type="topic" sourcemapnum="ZH-CN_BOOKMAP_0170591282" sourcemapversion="A-1.18"/><item number="ZH-CN_TOPIC_0170591255" projectid="896642361" sourceprojectid="" version="A-1.1" baseline="" type="topic" sourcemapnum="ZH-CN_BOOKMAP_0170591282" sourcemapversion="A-1.18"/><item number="ZH-CN_TOPIC_0170591254" projectid="896642361" sourceprojectid="" version="A-1.2" baseline="" type="topic" sourcemapnum="ZH-CN_BOOKMAP_0170591282" sourcemapversion="A-1.18"/><item number="ZH-CN_TOPIC_0170591253" projectid="896642361" sourceprojectid="" version="A-1.1" baseline="" type="topic" sourcemapnum="ZH-CN_BOOKMAP_0170591282" sourcemapversion="A-1.18"/><item number="ZH-CN_TOPIC_0170591252" projectid="896642361" sourceprojectid="" version="A-1.1" baseline="" type="topic" sourcemapnum="ZH-CN_BOOKMAP_0170591282" sourcemapversion="A-1.18"/><item number="ZH-CN_TOPIC_0170591248" projectid="896642361" sourceprojectid="" version="A-1.2" baseline="" type="topic" sourcemapnum="ZH-CN_BOOKMAP_0170591282" sourcemapversion="A-1.18"/><item number="ZH-CN_TOPIC_0170591246" projectid="896642361" sourceprojectid="" version="A-1.2" baseline="" type="topic" sourcemapnum="ZH-CN_BOOKMAP_0170591282" sourcemapversion="A-1.18"/><item number="ZH-CN_TOPIC_0170591245" projectid="896642361" sourceprojectid="" version="A-1.1" baseline="" type="topic" sourcemapnum="ZH-CN_BOOKMAP_0170591282" sourcemapversion="A-1.18"/><item number="ZH-CN_TOPIC_0170591242" projectid="896642361" sourceprojectid="" version="A-1.2" baseline="" type="topic" sourcemapnum="ZH-CN_BOOKMAP_0170591282" sourcemapversion="A-1.18"/><item number="ZH-CN_TOPIC_0170591241" projectid="896642361" sourceprojectid="" version="A-1.2" baseline="" type="topic" sourcemapnum="ZH-CN_BOOKMAP_0170591282" sourcemapversion="A-1.18"/><item number="ZH-CN_TOPIC_0170591239" projectid="896642361" sourceprojectid="" version="A-1.2" baseline="" type="topic" sourcemapnum="ZH-CN_BOOKMAP_0170591282" sourcemapversion="A-1.18"/><item number="ZH-CN_TOPIC_0170591238" projectid="896642361" sourceprojectid="" version="A-1.1" baseline="" type="topic" sourcemapnum="ZH-CN_BOOKMAP_0170591282" sourcemapversion="A-1.18"/><item number="ZH-CN_TOPIC_0170591234" projectid="896642361" sourceprojectid="" version="A-1.1" baseline="" type="topic" sourcemapnum="ZH-CN_BOOKMAP_0170591282" sourcemapversion="A-1.18"/><item number="ZH-CN_TOPIC_0170591233" projectid="896642361" sourceprojectid="" version="A-1.2" baseline="" type="topic" sourcemapnum="ZH-CN_BOOKMAP_0170591282" sourcemapversion="A-1.18"/><item number="ZH-CN_TOPIC_0170591232" projectid="896642361" sourceprojectid="" version="A-1.2" baseline="" type="topic" sourcemapnum="ZH-CN_BOOKMAP_0170591282" sourcemapversion="A-1.18"/><item number="ZH-CN_TOPIC_0170591231" projectid="896642361" sourceprojectid="" version="A-1.2" baseline="" type="topic" sourcemapnum="ZH-CN_BOOKMAP_0170591282" sourcemapversion="A-1.18"/><item number="ZH-CN_TOPIC_0170591230" projectid="896642361" sourceprojectid="" version="A-1.1" baseline="" type="topic" sourcemapnum="ZH-CN_BOOKMAP_0170591282" sourcemapversion="A-1.18"/><item number="ZH-CN_TOPIC_0170591229" projectid="896642361" sourceprojectid="" version="A-1.1" baseline="" type="topic" sourcemapnum="ZH-CN_BOOKMAP_0170591282" sourcemapversion="A-1.18"/><item number="ZH-CN_TOPIC_0170591228" projectid="896642361" sourceprojectid="" version="A-1.2" baseline="" type="topic" sourcemapnum="ZH-CN_BOOKMAP_0170591282" sourcemapversion="A-1.18"/><item number="ZH-CN_TOPIC_0170591227" projectid="896642361" sourceprojectid="" version="A-1.1" baseline="" type="topic" sourcemapnum="ZH-CN_BOOKMAP_0170591282" sourcemapversion="A-1.18"/><item number="ZH-CN_TOPIC_0170591226" projectid="896642361" sourceprojectid="" version="A-1.2" baseline="" type="topic" sourcemapnum="ZH-CN_BOOKMAP_0170591282" sourcemapversion="A-1.18"/><item number="ZH-CN_TOPIC_0170591225" projectid="896642361" sourceprojectid="" version="A-1.1" baseline="" type="topic" sourcemapnum="ZH-CN_BOOKMAP_0170591282" sourcemapversion="A-1.18"/><item number="ZH-CN_TOPIC_0170591224" projectid="896642361" sourceprojectid="" version="A-1.1" baseline="" type="topic" sourcemapnum="ZH-CN_BOOKMAP_0170591282" sourcemapversion="A-1.18"/><item number="ZH-CN_TOPIC_0170591223" projectid="896642361" sourceprojectid="" version="A-1.2" baseline="" type="topic" sourcemapnum="ZH-CN_BOOKMAP_0170591282" sourcemapversion="A-1.18"/><item number="ZH-CN_TOPIC_0170591222" projectid="896642361" sourceprojectid="" version="A-1.2" baseline="" type="topic" sourcemapnum="ZH-CN_BOOKMAP_0170591282" sourcemapversion="A-1.18"/><item number="ZH-CN_TOPIC_0170591221" projectid="896642361" sourceprojectid="" version="A-1.1" baseline="" type="topic" sourcemapnum="ZH-CN_BOOKMAP_0170591282" sourcemapversion="A-1.18"/><item number="ZH-CN_TOPIC_0170591220" projectid="896642361" sourceprojectid="" version="A-1.1" baseline="" type="topic" sourcemapnum="ZH-CN_BOOKMAP_0170591282" sourcemapversion="A-1.18"/><item number="ZH-CN_TOPIC_0170591217" projectid="896642361" sourceprojectid="" version="A-1.2" baseline="" type="topic" sourcemapnum="ZH-CN_BOOKMAP_0170591282" sourcemapversion="A-1.18"/><item number="ZH-CN_TOPIC_0170591215" projectid="896642361" sourceprojectid="" version="A-1.3" baseline="" type="topic" sourcemapnum="ZH-CN_BOOKMAP_0170591282" sourcemapversion="A-1.18"/><item number="ZH-CN_TOPIC_0170591214" projectid="896642361" sourceprojectid="" version="A-1.2" baseline="" type="topic" sourcemapnum="ZH-CN_BOOKMAP_0170591282" sourcemapversion="A-1.18"/><item number="ZH-CN_TOPIC_0170591213" projectid="896642361" sourceprojectid="" version="A-1.2" baseline="" type="topic" sourcemapnum="ZH-CN_BOOKMAP_0170591282" sourcemapversion="A-1.18"/><item number="ZH-CN_TOPIC_0170591212" projectid="896642361" sourceprojectid="" version="A-1.2" baseline="" type="topic" sourcemapnum="ZH-CN_BOOKMAP_0170591282" sourcemapversion="A-1.18"/><item number="ZH-CN_TOPIC_0170591210" projectid="896642361" sourceprojectid="" version="A-1.1" baseline="" type="topic" sourcemapnum="ZH-CN_BOOKMAP_0170591282" sourcemapversion="A-1.18"/><item number="ZH-CN_TOPIC_0170591208" projectid="896642361" sourceprojectid="" version="A-1.2" baseline="" type="topic" sourcemapnum="ZH-CN_BOOKMAP_0170591282" sourcemapversion="A-1.18"/><item number="ZH-CN_TOPIC_0170591207" projectid="896642361" sourceprojectid="" version="A-1.2" baseline="" type="topic" sourcemapnum="ZH-CN_BOOKMAP_0170591282" sourcemapversion="A-1.18"/><item number="ZH-CN_TOPIC_0170591206" projectid="896642361" sourceprojectid="" version="A-1.2" baseline="" type="topic" sourcemapnum="ZH-CN_BOOKMAP_0170591282" sourcemapversion="A-1.18"/><item number="ZH-CN_TOPIC_0170591205" projectid="896642361" sourceprojectid="" version="A-1.2" baseline="" type="topic" sourcemapnum="ZH-CN_BOOKMAP_0170591282" sourcemapversion="A-1.18"/><item number="ZH-CN_TOPIC_0170591204" projectid="896642361" sourceprojectid="" version="A-1.3" baseline="" type="topic" sourcemapnum="ZH-CN_BOOKMAP_0170591282" sourcemapversion="A-1.18"/><item number="ZH-CN_TOPIC_0170591203" projectid="896642361" sourceprojectid="" version="A-1.1" baseline="" type="topic" sourcemapnum="ZH-CN_BOOKMAP_0170591282" sourcemapversion="A-1.18"/><item number="ZH-CN_TOPIC_0170591202" projectid="896642361" sourceprojectid="" version="A-1.2" baseline="" type="topic" sourcemapnum="ZH-CN_BOOKMAP_0170591282" sourcemapversion="A-1.18"/><item number="ZH-CN_TOPIC_0170591201" projectid="896642361" sourceprojectid="" version="A-1.1" baseline="" type="topic" sourcemapnum="ZH-CN_BOOKMAP_0170591282" sourcemapversion="A-1.18"/><item number="ZH-CN_TOPIC_0170591200" projectid="896642361" sourceprojectid="" version="A-1.2" baseline="" type="topic" sourcemapnum="ZH-CN_BOOKMAP_0170591282" sourcemapversion="A-1.18"/><item number="ZH-CN_TOPIC_0170591199" projectid="896642361" sourceprojectid="" version="A-1.2" baseline="" type="topic" sourcemapnum="ZH-CN_BOOKMAP_0170591282" sourcemapversion="A-1.18"/><item number="ZH-CN_TOPIC_0170591197" projectid="896642361" sourceprojectid="" version="A-1.2" baseline="" type="topic" sourcemapnum="ZH-CN_BOOKMAP_0170591282" sourcemapversion="A-1.18"/><item number="ZH-CN_TOPIC_0170591194" projectid="896642361" sourceprojectid="" version="A-1.1" baseline="" type="topic" sourcemapnum="ZH-CN_BOOKMAP_0170591282" sourcemapversion="A-1.18"/><item number="ZH-CN_TOPIC_0170591193" projectid="896642361" sourceprojectid="" version="A-1.2" baseline="" type="topic" sourcemapnum="ZH-CN_BOOKMAP_0170591282" sourcemapversion="A-1.18"/><item number="ZH-CN_TOPIC_0170591191" projectid="896642361" sourceprojectid="" version="A-1.1" baseline="" type="topic" sourcemapnum="ZH-CN_BOOKMAP_0170591282" sourcemapversion="A-1.18"/><item number="ZH-CN_TOPIC_0170591189" projectid="896642361" sourceprojectid="" version="A-1.1" baseline="" type="topic" sourcemapnum="ZH-CN_BOOKMAP_0170591282" sourcemapversion="A-1.18"/><item number="ZH-CN_TOPIC_0170591188" projectid="896642361" sourceprojectid="" version="A-1.2" baseline="" type="topic" sourcemapnum="ZH-CN_BOOKMAP_0170591282" sourcemapversion="A-1.18"/><item number="ZH-CN_TOPIC_0170591187" projectid="896642361" sourceprojectid="" version="A-1.1" baseline="" type="topic" sourcemapnum="ZH-CN_BOOKMAP_0170591282" sourcemapversion="A-1.18"/><item number="ZH-CN_TOPIC_0170591186" projectid="896642361" sourceprojectid="" version="A-1.2" baseline="" type="topic" sourcemapnum="ZH-CN_BOOKMAP_0170591282" sourcemapversion="A-1.18"/><item number="ZH-CN_TOPIC_0170591185" projectid="896642361" sourceprojectid="" version="A-1.1" baseline="" type="topic" sourcemapnum="ZH-CN_BOOKMAP_0170591282" sourcemapversion="A-1.18"/><item number="ZH-CN_TOPIC_0170591184" projectid="896642361" sourceprojectid="" version="A-1.2" baseline="" type="topic" sourcemapnum="ZH-CN_BOOKMAP_0170591282" sourcemapversion="A-1.18"/><item number="ZH-CN_TOPIC_0170591183" projectid="896642361" sourceprojectid="" version="A-1.2" baseline="" type="topic" sourcemapnum="ZH-CN_BOOKMAP_0170591282" sourcemapversion="A-1.18"/><item number="ZH-CN_TOPIC_0170591180" projectid="896642361" sourceprojectid="" version="A-1.2" baseline="" type="topic" sourcemapnum="ZH-CN_BOOKMAP_0170591282" sourcemapversion="A-1.18"/><item number="ZH-CN_TOPIC_0170591179" projectid="896642361" sourceprojectid="" version="A-1.2" baseline="" type="topic" sourcemapnum="ZH-CN_BOOKMAP_0170591282" sourcemapversion="A-1.18"/><item number="ZH-CN_TOPIC_0170591178" projectid="896642361" sourceprojectid="" version="A-1.2" baseline="" type="topic" sourcemapnum="ZH-CN_BOOKMAP_0170591282" sourcemapversion="A-1.18"/><item number="ZH-CN_TOPIC_0170591177" projectid="896642361" sourceprojectid="" version="A-1.1" baseline="" type="topic" sourcemapnum="ZH-CN_BOOKMAP_0170591282" sourcemapversion="A-1.18"/><item number="ZH-CN_TOPIC_0170591176" projectid="896642361" sourceprojectid="" version="A-1.1" baseline="" type="topic" sourcemapnum="ZH-CN_BOOKMAP_0170591282" sourcemapversion="A-1.18"/><item number="ZH-CN_TOPIC_0170591174" projectid="896642361" sourceprojectid="" version="A-1.2" baseline="" type="topic" sourcemapnum="ZH-CN_BOOKMAP_0170591282" sourcemapversion="A-1.18"/><item number="ZH-CN_TOPIC_0170591173" projectid="896642361" sourceprojectid="" version="A-1.2" baseline="" type="topic" sourcemapnum="ZH-CN_BOOKMAP_0170591282" sourcemapversion="A-1.18"/><item number="ZH-CN_TOPIC_0170591172" projectid="896642361" sourceprojectid="" version="A-1.2" baseline="" type="topic" sourcemapnum="ZH-CN_BOOKMAP_0170591282" sourcemapversion="A-1.18"/><item number="ZH-CN_TOPIC_0170591171" projectid="896642361" sourceprojectid="" version="A-1.1" baseline="" type="topic" sourcemapnum="ZH-CN_BOOKMAP_0170591282" sourcemapversion="A-1.18"/><item number="ZH-CN_TOPIC_0170591170" projectid="896642361" sourceprojectid="" version="A-1.1" baseline="" type="topic" sourcemapnum="ZH-CN_BOOKMAP_0170591282" sourcemapversion="A-1.18"/><item number="ZH-CN_TOPIC_0170591169" projectid="896642361" sourceprojectid="" version="A-1.2" baseline="" type="topic" sourcemapnum="ZH-CN_BOOKMAP_0170591282" sourcemapversion="A-1.18"/><item number="ZH-CN_TOPIC_0170591167" projectid="896642361" sourceprojectid="" version="A-1.2" baseline="" type="topic" sourcemapnum="ZH-CN_BOOKMAP_0170591282" sourcemapversion="A-1.18"/><item number="ZH-CN_TOPIC_0170591166" projectid="896642361" sourceprojectid="" version="A-1.2" baseline="" type="topic" sourcemapnum="ZH-CN_BOOKMAP_0170591282" sourcemapversion="A-1.18"/><item number="ZH-CN_TOPIC_0170591165" projectid="896642361" sourceprojectid="" version="A-1.2" baseline="" type="topic" sourcemapnum="ZH-CN_BOOKMAP_0170591282" sourcemapversion="A-1.18"/><item number="ZH-CN_TOPIC_0170591164" projectid="896642361" sourceprojectid="" version="A-1.2" baseline="" type="topic" sourcemapnum="ZH-CN_BOOKMAP_0170591282" sourcemapversion="A-1.18"/><item number="ZH-CN_TOPIC_0170591163" projectid="896642361" sourceprojectid="" version="A-1.1" baseline="" type="topic" sourcemapnum="ZH-CN_BOOKMAP_0170591282" sourcemapversion="A-1.18"/><item number="ZH-CN_TOPIC_0170591161" projectid="896642361" sourceprojectid="" version="A-1.1" baseline="" type="topic" sourcemapnum="ZH-CN_BOOKMAP_0170591282" sourcemapversion="A-1.18"/><item number="ZH-CN_TOPIC_0170591159" projectid="896642361" sourceprojectid="" version="A-1.2" baseline="" type="topic" sourcemapnum="ZH-CN_BOOKMAP_0170591282" sourcemapversion="A-1.18"/><item number="ZH-CN_TOPIC_0170591157" projectid="896642361" sourceprojectid="" version="A-1.3" baseline="" type="topic" sourcemapnum="ZH-CN_BOOKMAP_0170591282" sourcemapversion="A-1.18"/><item number="ZH-CN_TOPIC_0170591156" projectid="896642361" sourceprojectid="" version="A-1.1" baseline="" type="topic" sourcemapnum="ZH-CN_BOOKMAP_0170591282" sourcemapversion="A-1.18"/><item number="ZH-CN_TOPIC_0170591155" projectid="896642361" sourceprojectid="" version="A-1.1" baseline="" type="topic" sourcemapnum="ZH-CN_BOOKMAP_0170591282" sourcemapversion="A-1.18"/><item number="ZH-CN_TOPIC_0170591153" projectid="896642361" sourceprojectid="" version="A-1.1" baseline="" type="topic" sourcemapnum="ZH-CN_BOOKMAP_0170591282" sourcemapversion="A-1.18"/><item number="ZH-CN_TOPIC_0170591151" projectid="896642361" sourceprojectid="" version="A-1.1" baseline="" type="topic" sourcemapnum="ZH-CN_BOOKMAP_0170591282" sourcemapversion="A-1.18"/><item number="ZH-CN_TOPIC_0170591149" projectid="896642361" sourceprojectid="" version="A-1.2" baseline="" type="topic" sourcemapnum="ZH-CN_BOOKMAP_0170591282" sourcemapversion="A-1.18"/><item number="ZH-CN_TOPIC_0170591148" projectid="896642361" sourceprojectid="" version="A-1.2" baseline="" type="topic" sourcemapnum="ZH-CN_BOOKMAP_0170591282" sourcemapversion="A-1.18"/><item number="ZH-CN_TOPIC_0170591146" projectid="896642361" sourceprojectid="" version="A-1.2" baseline="" type="topic" sourcemapnum="ZH-CN_BOOKMAP_0170591282" sourcemapversion="A-1.18"/><item number="ZH-CN_TOPIC_0170591145" projectid="896642361" sourceprojectid="" version="A-1.2" baseline="" type="topic" sourcemapnum="ZH-CN_BOOKMAP_0170591282" sourcemapversion="A-1.18"/><item number="ZH-CN_TOPIC_0170591143" projectid="896642361" sourceprojectid="" version="A-1.2" baseline="" type="topic" sourcemapnum="ZH-CN_BOOKMAP_0170591282" sourcemapversion="A-1.18"/><item number="ZH-CN_TOPIC_0170591140" projectid="896642361" sourceprojectid="" version="A-1.1" baseline="" type="topic" sourcemapnum="ZH-CN_BOOKMAP_0170591282" sourcemapversion="A-1.18"/><item number="ZH-CN_TOPIC_0170591139" projectid="896642361" sourceprojectid="" version="A-1.1" baseline="" type="topic" sourcemapnum="ZH-CN_BOOKMAP_0170591282" sourcemapversion="A-1.18"/><item number="ZH-CN_TOPIC_0170591136" projectid="896642361" sourceprojectid="" version="A-1.2" baseline="" type="topic" sourcemapnum="ZH-CN_BOOKMAP_0170591282" sourcemapversion="A-1.18"/><item number="ZH-CN_TOPIC_0170591131" projectid="896642361" sourceprojectid="" version="A-1.2" baseline="" type="topic" sourcemapnum="ZH-CN_BOOKMAP_0170591282" sourcemapversion="A-1.18"/><item number="ZH-CN_TOPIC_0170591129" projectid="896642361" sourceprojectid="" version="A-1.1" baseline="" type="topic" sourcemapnum="ZH-CN_BOOKMAP_0170591282" sourcemapversion="A-1.18"/><item number="ZH-CN_TOPIC_0170591128" projectid="896642361" sourceprojectid="" version="A-1.2" baseline="" type="topic" sourcemapnum="ZH-CN_BOOKMAP_0170591282" sourcemapversion="A-1.18"/><item number="ZH-CN_TOPIC_0170591127" projectid="896642361" sourceprojectid="" version="A-1.2" baseline="" type="topic" sourcemapnum="ZH-CN_BOOKMAP_0170591282" sourcemapversion="A-1.18"/><item number="ZH-CN_TOPIC_0170591125" projectid="896642361" sourceprojectid="" version="A-1.2" baseline="" type="topic" sourcemapnum="ZH-CN_BOOKMAP_0170591282" sourcemapversion="A-1.18"/><item number="ZH-CN_TOPIC_0170591123" projectid="896642361" sourceprojectid="" version="A-1.2" baseline="" type="topic" sourcemapnum="ZH-CN_BOOKMAP_0170591282" sourcemapversion="A-1.18"/><item number="ZH-CN_TOPIC_0170591122" projectid="896642361" sourceprojectid="" version="A-1.2" baseline="" type="topic" sourcemapnum="ZH-CN_BOOKMAP_0170591282" sourcemapversion="A-1.18"/><item number="ZH-CN_TOPIC_0170591121" projectid="896642361" sourceprojectid="" version="A-1.1" baseline="" type="topic" sourcemapnum="ZH-CN_BOOKMAP_0170591282" sourcemapversion="A-1.18"/><item number="ZH-CN_TOPIC_0170591040" projectid="896642361" sourceprojectid="" version="A-1.2" baseline="" type="topic" sourcemapnum="ZH-CN_BOOKMAP_0170591282" sourcemapversion="A-1.18"/><item number="ZH-CN_TOPIC_0170591039" projectid="896642361" sourceprojectid="" version="A-1.1" baseline="" type="topic" sourcemapnum="ZH-CN_BOOKMAP_0170591282" sourcemapversion="A-1.18"/><item number="ZH-CN_TOPIC_0170591038" projectid="896642361" sourceprojectid="" version="A-1.1" baseline="" type="topic" sourcemapnum="ZH-CN_BOOKMAP_0170591282" sourcemapversion="A-1.18"/><item number="ZH-CN_TOPIC_0170591037" projectid="896642361" sourceprojectid="" version="A-1.2" baseline="" type="topic" sourcemapnum="ZH-CN_BOOKMAP_0170591282" sourcemapversion="A-1.18"/><item number="ZH-CN_TOPIC_0170591036" projectid="896642361" sourceprojectid="" version="A-1.2" baseline="" type="topic" sourcemapnum="ZH-CN_BOOKMAP_0170591282" sourcemapversion="A-1.18"/><item number="ZH-CN_TOPIC_0170591034" projectid="896642361" sourceprojectid="" version="A-1.2" baseline="" type="topic" sourcemapnum="ZH-CN_BOOKMAP_0170591282" sourcemapversion="A-1.18"/><item number="ZH-CN_TOPIC_0170591033" projectid="896642361" sourceprojectid="" version="A-1.2" baseline="" type="topic" sourcemapnum="ZH-CN_BOOKMAP_0170591282" sourcemapversion="A-1.18"/><item number="ZH-CN_TOPIC_0170591032" projectid="896642361" sourceprojectid="" version="A-1.2" baseline="" type="topic" sourcemapnum="ZH-CN_BOOKMAP_0170591282" sourcemapversion="A-1.18"/><item number="ZH-CN_TOPIC_0170591031" projectid="896642361" sourceprojectid="" version="A-1.2" baseline="" type="topic" sourcemapnum="ZH-CN_BOOKMAP_0170591282" sourcemapversion="A-1.18"/><item number="ZH-CN_TOPIC_0170591030" projectid="896642361" sourceprojectid="" version="A-1.1" baseline="" type="topic" sourcemapnum="ZH-CN_BOOKMAP_0170591282" sourcemapversion="A-1.18"/><item number="ZH-CN_TOPIC_0170591025" projectid="896642361" sourceprojectid="" version="A-1.1" baseline="" type="topic" sourcemapnum="ZH-CN_BOOKMAP_0170591282" sourcemapversion="A-1.18"/><item number="ZH-CN_TOPIC_0170591023" projectid="896642361" sourceprojectid="" version="A-1.2" baseline="" type="topic" sourcemapnum="ZH-CN_BOOKMAP_0170591282" sourcemapversion="A-1.18"/><item number="ZH-CN_BOOKMAP_0170591282" projectid="896642361" sourceprojectid="" version="A-1.18" baseline="" type="startmap" sourcemapnum="" sourcemapversion=""/></root>