<?xml version="1.0" encoding="utf-8"?><files><file url="en-us_topic_0170590488.html" id="EN-US_TOPIC_0170590488" originalId="EN-US_TOPIC_0170590488"/><file url="en-us_topic_0170590851.html" id="EN-US_TOPIC_0170590851" originalId="EN-US_TOPIC_0170590851"/><file url="en-us_topic_0170590898.html" id="EN-US_TOPIC_0170590898" originalId="EN-US_TOPIC_0170590898"/><file url="en-us_topic_0170590889.html" id="EN-US_TOPIC_0170590889" originalId="EN-US_TOPIC_0170590889"/><file url="en-us_topic_0170590586.html" id="EN-US_TOPIC_0170590586" originalId="EN-US_TOPIC_0170590586"/><file url="en-us_topic_0170590580.html" id="EN-US_TOPIC_0170590580" originalId="EN-US_TOPIC_0170590580"/><file url="en-us_topic_0170590625.html" id="EN-US_TOPIC_0170590625" originalId="EN-US_TOPIC_0170590625"/><file url="en-us_topic_0109901820.html" id="EN-US_TOPIC_0109901820" originalId="EN-US_TOPIC_0109901820"/><file url="en-us_topic_0170590558.html" id="EN-US_TOPIC_0170590558" originalId="EN-US_TOPIC_0170590558"/><file url="en-us_topic_0109901880.html" id="EN-US_TOPIC_0109901880" originalId="EN-US_TOPIC_0109901880"/><file url="en-us_topic_0109901821.html" id="EN-US_TOPIC_0109901821" originalId="EN-US_TOPIC_0109901821"/><file url="en-us_topic_0109901822.html" id="EN-US_TOPIC_0109901822" originalId="EN-US_TOPIC_0109901822"/><file url="en-us_topic_0170590621.html" id="EN-US_TOPIC_0170590621" originalId="EN-US_TOPIC_0170590621"/><file url="en-us_topic_0109901881.html" id="EN-US_TOPIC_0109901881" originalId="EN-US_TOPIC_0109901881"/><file url="en-us_topic_0170590776.html" id="EN-US_TOPIC_0170590776" originalId="EN-US_TOPIC_0170590776"/><file url="en-us_topic_0109901882.html" id="EN-US_TOPIC_0109901882" originalId="EN-US_TOPIC_0109901882"/><file url="en-us_topic_0109901824.html" id="EN-US_TOPIC_0109901824" originalId="EN-US_TOPIC_0109901824"/><file url="en-us_topic_0109901825.html" id="EN-US_TOPIC_0109901825" originalId="EN-US_TOPIC_0109901825"/><file url="en-us_topic_0170590565.html" id="EN-US_TOPIC_0170590565" originalId="EN-US_TOPIC_0170590565"/><file url="en-us_topic_0170590612.html" id="EN-US_TOPIC_0170590612" originalId="EN-US_TOPIC_0170590612"/><file url="en-us_topic_0170590912.html" id="EN-US_TOPIC_0170590912" originalId="EN-US_TOPIC_0170590912"/><file url="en-us_topic_0110496538.html" id="EN-US_TOPIC_0110496538" originalId="EN-US_TOPIC_0110496538"/><file url="en-us_topic_0170590562.html" id="EN-US_TOPIC_0170590562" originalId="EN-US_TOPIC_0170590562"/><file url="en-us_topic_0110494828.html" id="EN-US_TOPIC_0110494828" originalId="EN-US_TOPIC_0110494828"/><file url="en-us_topic_0170590870.html" id="EN-US_TOPIC_0170590870" originalId="EN-US_TOPIC_0170590870"/><file url="en-us_topic_0110494829.html" id="EN-US_TOPIC_0110494829" originalId="EN-US_TOPIC_0110494829"/><file url="en-us_topic_0170590483.html" id="EN-US_TOPIC_0170590483" originalId="EN-US_TOPIC_0170590483"/><file url="en-us_topic_0115674923.html" id="EN-US_TOPIC_0115674923" originalId="EN-US_TOPIC_0115674923"/><file url="en-us_topic_0170590576.html" id="EN-US_TOPIC_0170590576" originalId="EN-US_TOPIC_0170590576"/><file url="en-us_topic_0133922572.html" id="EN-US_TOPIC_0133922572" originalId="EN-US_TOPIC_0133922572"/><file url="en-us_topic_0133913399.html" id="EN-US_TOPIC_0133913399" originalId="EN-US_TOPIC_0133913399"/><file url="en-us_topic_0170590649.html" id="EN-US_TOPIC_0170590649" originalId="EN-US_TOPIC_0170590649"/><file url="en-us_topic_0133922573.html" id="EN-US_TOPIC_0133922573" originalId="EN-US_TOPIC_0133922573"/><file url="en-us_topic_0133913400.html" id="EN-US_TOPIC_0133913400" originalId="EN-US_TOPIC_0133913400"/><file url="en-us_topic_0133913481.html" id="EN-US_TOPIC_0133913481" originalId="EN-US_TOPIC_0133913481"/><file url="en-us_topic_0170590790.html" id="EN-US_TOPIC_0170590790" originalId="EN-US_TOPIC_0170590790"/><file url="en-us_topic_0170590758.html" id="EN-US_TOPIC_0170590758" originalId="EN-US_TOPIC_0170590758"/><file url="en-us_topic_0133922570.html" id="EN-US_TOPIC_0133922570" originalId="EN-US_TOPIC_0133922570"/><file url="en-us_topic_0170949835.html" id="EN-US_TOPIC_0170949835" originalId="EN-US_TOPIC_0170949835"/><file url="en-us_topic_0170949833.html" id="EN-US_TOPIC_0170949833" originalId="EN-US_TOPIC_0170949833"/><file url="en-us_topic_0170949834.html" id="EN-US_TOPIC_0170949834" originalId="EN-US_TOPIC_0170949834"/><file url="en-us_topic_0173625286.html" id="EN-US_TOPIC_0173625286" originalId="EN-US_TOPIC_0173625286"/><file url="en-us_topic_0170590818.html" id="EN-US_TOPIC_0170590818" originalId="EN-US_TOPIC_0170590818"/><file url="en-us_topic_0170590876.html" id="EN-US_TOPIC_0170590876" originalId="EN-US_TOPIC_0170590876"/><file url="en-us_topic_0170590614.html" id="EN-US_TOPIC_0170590614" originalId="EN-US_TOPIC_0170590614"/><file url="en-us_topic_0109901823.html" id="EN-US_TOPIC_0109901823" originalId="EN-US_TOPIC_0109901823"/><file url="en-us_topic_0170590878.html" id="EN-US_TOPIC_0170590878" originalId="EN-US_TOPIC_0170590878"/><file url="en-us_topic_0170590552.html" id="EN-US_TOPIC_0170590552" originalId="EN-US_TOPIC_0170590552"/><file url="en-us_topic_0170590607.html" id="EN-US_TOPIC_0170590607" originalId="EN-US_TOPIC_0170590607"/><file url="en-us_topic_0170590768.html" id="EN-US_TOPIC_0170590768" originalId="EN-US_TOPIC_0170590768"/><file url="en-us_topic_0170590861.html" id="EN-US_TOPIC_0170590861" originalId="EN-US_TOPIC_0170590861"/><file url="en-us_topic_0170590524.html" id="EN-US_TOPIC_0170590524" originalId="EN-US_TOPIC_0170590524"/><file url="en-us_topic_0109901828.html" id="EN-US_TOPIC_0109901828" originalId="EN-US_TOPIC_0109901828"/><file url="en-us_topic_0170590490.html" id="EN-US_TOPIC_0170590490" originalId="EN-US_TOPIC_0170590490"/><file url="en-us_topic_0109901829.html" id="EN-US_TOPIC_0109901829" originalId="EN-US_TOPIC_0109901829"/><file url="en-us_topic_0170590827.html" id="EN-US_TOPIC_0170590827" originalId="EN-US_TOPIC_0170590827"/><file url="en-us_topic_0170590477.html" id="EN-US_TOPIC_0170590477" originalId="EN-US_TOPIC_0170590477"/><file url="en-us_topic_0170590754.html" id="EN-US_TOPIC_0170590754" originalId="EN-US_TOPIC_0170590754"/><file url="en-us_topic_0170590687.html" id="EN-US_TOPIC_0170590687" originalId="EN-US_TOPIC_0170590687"/><file url="en-us_topic_0170590509.html" id="EN-US_TOPIC_0170590509" originalId="EN-US_TOPIC_0170590509"/><file url="en-us_topic_0170590894.html" id="EN-US_TOPIC_0170590894" originalId="EN-US_TOPIC_0170590894"/><file url="en-us_topic_0170590812.html" id="EN-US_TOPIC_0170590812" originalId="EN-US_TOPIC_0170590812"/><file url="en-us_topic_0170590848.html" id="EN-US_TOPIC_0170590848" originalId="EN-US_TOPIC_0170590848"/><file url="en-us_topic_0109901831.html" id="EN-US_TOPIC_0109901831" originalId="EN-US_TOPIC_0109901831"/><file url="en-us_topic_0170732341.html" id="EN-US_TOPIC_0170732341" originalId="EN-US_TOPIC_0170732341"/><file url="en-us_topic_0170738042.html" id="EN-US_TOPIC_0170738042" originalId="EN-US_TOPIC_0170738042"/><file url="en-us_topic_0170749242.html" id="EN-US_TOPIC_0170749242" originalId="EN-US_TOPIC_0170749242"/><file url="en-us_topic_0170749243.html" id="EN-US_TOPIC_0170749243" originalId="EN-US_TOPIC_0170749243"/><file url="en-us_topic_0170590718.html" id="EN-US_TOPIC_0170590718" originalId="EN-US_TOPIC_0170590718"/><file url="en-us_topic_0170590657.html" id="EN-US_TOPIC_0170590657" originalId="EN-US_TOPIC_0170590657"/><file url="en-us_topic_0170590571.html" id="EN-US_TOPIC_0170590571" originalId="EN-US_TOPIC_0170590571"/><file url="en-us_topic_0109901890.html" id="EN-US_TOPIC_0109901890" originalId="EN-US_TOPIC_0109901890"/><file url="en-us_topic_0109901837.html" id="EN-US_TOPIC_0109901837" originalId="EN-US_TOPIC_0109901837"/><file url="en-us_topic_0109901889.html" id="EN-US_TOPIC_0109901889" originalId="EN-US_TOPIC_0109901889"/><file url="en-us_topic_0109901839.html" id="EN-US_TOPIC_0109901839" originalId="EN-US_TOPIC_0109901839"/><file url="en-us_topic_0170590577.html" id="EN-US_TOPIC_0170590577" originalId="EN-US_TOPIC_0170590577"/><file url="en-us_topic_0170590913.html" id="EN-US_TOPIC_0170590913" originalId="EN-US_TOPIC_0170590913"/><file url="en-us_topic_0109901893.html" id="EN-US_TOPIC_0109901893" originalId="EN-US_TOPIC_0109901893"/><file url="en-us_topic_0170590529.html" id="EN-US_TOPIC_0170590529" originalId="EN-US_TOPIC_0170590529"/><file url="en-us_topic_0170590681.html" id="EN-US_TOPIC_0170590681" originalId="EN-US_TOPIC_0170590681"/><file url="en-us_topic_0170590666.html" id="EN-US_TOPIC_0170590666" originalId="EN-US_TOPIC_0170590666"/><file url="en-us_topic_0170590579.html" id="EN-US_TOPIC_0170590579" originalId="EN-US_TOPIC_0170590579"/><file url="en-us_topic_0170590875.html" id="EN-US_TOPIC_0170590875" originalId="EN-US_TOPIC_0170590875"/><file url="en-us_topic_0109901891.html" id="EN-US_TOPIC_0109901891" originalId="EN-US_TOPIC_0109901891"/><file url="en-us_topic_0170590885.html" id="EN-US_TOPIC_0170590885" originalId="EN-US_TOPIC_0170590885"/><file url="en-us_topic_0170590840.html" id="EN-US_TOPIC_0170590840" originalId="EN-US_TOPIC_0170590840"/><file url="en-us_topic_0109901895.html" id="EN-US_TOPIC_0109901895" originalId="EN-US_TOPIC_0109901895"/><file url="en-us_topic_0109901840.html" id="EN-US_TOPIC_0109901840" originalId="EN-US_TOPIC_0109901840"/><file url="en-us_topic_0170590781.html" id="EN-US_TOPIC_0170590781" originalId="EN-US_TOPIC_0170590781"/><file url="en-us_topic_0170590469.html" id="EN-US_TOPIC_0170590469" originalId="EN-US_TOPIC_0170590469"/><file url="en-us_topic_0170590825.html" id="EN-US_TOPIC_0170590825" originalId="EN-US_TOPIC_0170590825"/><file url="en-us_topic_0170590896.html" id="EN-US_TOPIC_0170590896" originalId="EN-US_TOPIC_0170590896"/><file url="en-us_topic_0170590738.html" id="EN-US_TOPIC_0170590738" originalId="EN-US_TOPIC_0170590738"/><file url="en-us_topic_0170590581.html" id="EN-US_TOPIC_0170590581" originalId="EN-US_TOPIC_0170590581"/><file url="en-us_topic_0170590480.html" id="EN-US_TOPIC_0170590480" originalId="EN-US_TOPIC_0170590480"/><file url="en-us_topic_0170590891.html" id="EN-US_TOPIC_0170590891" originalId="EN-US_TOPIC_0170590891"/><file url="en-us_topic_0109901833.html" id="EN-US_TOPIC_0109901833" originalId="EN-US_TOPIC_0109901833"/><file url="en-us_topic_0170590715.html" id="EN-US_TOPIC_0170590715" originalId="EN-US_TOPIC_0170590715"/><file url="en-us_topic_0170590516.html" id="EN-US_TOPIC_0170590516" originalId="EN-US_TOPIC_0170590516"/><file url="en-us_topic_0170590640.html" id="EN-US_TOPIC_0170590640" originalId="EN-US_TOPIC_0170590640"/><file url="en-us_topic_0170590727.html" id="EN-US_TOPIC_0170590727" originalId="EN-US_TOPIC_0170590727"/><file url="en-us_topic_0170590770.html" id="EN-US_TOPIC_0170590770" originalId="EN-US_TOPIC_0170590770"/><file url="en-us_topic_0170590503.html" id="EN-US_TOPIC_0170590503" originalId="EN-US_TOPIC_0170590503"/><file url="en-us_topic_0170590864.html" id="EN-US_TOPIC_0170590864" originalId="EN-US_TOPIC_0170590864"/><file url="en-us_topic_0170590680.html" id="EN-US_TOPIC_0170590680" originalId="EN-US_TOPIC_0170590680"/><file url="en-us_topic_0170590890.html" id="EN-US_TOPIC_0170590890" originalId="EN-US_TOPIC_0170590890"/><file url="en-us_topic_0170590528.html" id="EN-US_TOPIC_0170590528" originalId="EN-US_TOPIC_0170590528"/><file url="en-us_topic_0170590723.html" id="EN-US_TOPIC_0170590723" originalId="EN-US_TOPIC_0170590723"/><file url="en-us_topic_0170590479.html" id="EN-US_TOPIC_0170590479" originalId="EN-US_TOPIC_0170590479"/><file url="en-us_topic_0170590584.html" id="EN-US_TOPIC_0170590584" originalId="EN-US_TOPIC_0170590584"/><file url="en-us_topic_0109901841.html" id="EN-US_TOPIC_0109901841" originalId="EN-US_TOPIC_0109901841"/><file url="en-us_topic_0170590785.html" id="EN-US_TOPIC_0170590785" originalId="EN-US_TOPIC_0170590785"/><file url="en-us_topic_0170778600.html" id="EN-US_TOPIC_0170778600" originalId="EN-US_TOPIC_0170778600"/><file url="en-us_topic_0170590521.html" id="EN-US_TOPIC_0170590521" originalId="EN-US_TOPIC_0170590521"/><file url="en-us_topic_0170590817.html" id="EN-US_TOPIC_0170590817" originalId="EN-US_TOPIC_0170590817"/><file url="en-us_topic_0170590566.html" id="EN-US_TOPIC_0170590566" originalId="EN-US_TOPIC_0170590566"/><file url="en-us_topic_0170590473.html" id="EN-US_TOPIC_0170590473" originalId="EN-US_TOPIC_0170590473"/><file url="en-us_topic_0170590575.html" id="EN-US_TOPIC_0170590575" originalId="EN-US_TOPIC_0170590575"/><file url="en-us_topic_0170590795.html" id="EN-US_TOPIC_0170590795" originalId="EN-US_TOPIC_0170590795"/><file url="en-us_topic_0170590506.html" id="EN-US_TOPIC_0170590506" originalId="EN-US_TOPIC_0170590506"/><file url="en-us_topic_0170590547.html" id="EN-US_TOPIC_0170590547" originalId="EN-US_TOPIC_0170590547"/><file url="en-us_topic_0109901853.html" id="EN-US_TOPIC_0109901853" originalId="EN-US_TOPIC_0109901853"/><file url="en-us_topic_0170590749.html" id="EN-US_TOPIC_0170590749" originalId="EN-US_TOPIC_0170590749"/><file url="en-us_topic_0109901854.html" id="EN-US_TOPIC_0109901854" originalId="EN-US_TOPIC_0109901854"/><file url="en-us_topic_0170590803.html" id="EN-US_TOPIC_0170590803" originalId="EN-US_TOPIC_0170590803"/><file url="en-us_topic_0109901850.html" id="EN-US_TOPIC_0109901850" originalId="EN-US_TOPIC_0109901850"/><file url="en-us_topic_0170590880.html" id="EN-US_TOPIC_0170590880" originalId="EN-US_TOPIC_0170590880"/><file url="en-us_topic_0109901851.html" id="EN-US_TOPIC_0109901851" originalId="EN-US_TOPIC_0109901851"/><file url="en-us_topic_0170590844.html" id="EN-US_TOPIC_0170590844" originalId="EN-US_TOPIC_0170590844"/><file url="en-us_topic_0109901852.html" id="EN-US_TOPIC_0109901852" originalId="EN-US_TOPIC_0109901852"/><file url="en-us_topic_0170590892.html" id="EN-US_TOPIC_0170590892" originalId="EN-US_TOPIC_0170590892"/><file url="en-us_topic_0109901855.html" id="EN-US_TOPIC_0109901855" originalId="EN-US_TOPIC_0109901855"/><file url="en-us_topic_0170590798.html" id="EN-US_TOPIC_0170590798" originalId="EN-US_TOPIC_0170590798"/><file url="en-us_topic_0159262907.html" id="EN-US_TOPIC_0159262907" originalId="EN-US_TOPIC_0159262907"/><file url="en-us_topic_0170590747.html" id="EN-US_TOPIC_0170590747" originalId="EN-US_TOPIC_0170590747"/><file url="en-us_topic_0170590667.html" id="EN-US_TOPIC_0170590667" originalId="EN-US_TOPIC_0170590667"/><file url="en-us_topic_0109901858.html" id="EN-US_TOPIC_0109901858" originalId="EN-US_TOPIC_0109901858"/><file url="en-us_topic_0170590902.html" id="EN-US_TOPIC_0170590902" originalId="EN-US_TOPIC_0170590902"/><file url="en-us_topic_0170590717.html" id="EN-US_TOPIC_0170590717" originalId="EN-US_TOPIC_0170590717"/><file url="en-us_topic_0170590537.html" id="EN-US_TOPIC_0170590537" originalId="EN-US_TOPIC_0170590537"/><file url="en-us_topic_0109901859.html" id="EN-US_TOPIC_0109901859" originalId="EN-US_TOPIC_0109901859"/><file url="en-us_topic_0170590779.html" id="EN-US_TOPIC_0170590779" originalId="EN-US_TOPIC_0170590779"/><file url="en-us_topic_0170590839.html" id="EN-US_TOPIC_0170590839" originalId="EN-US_TOPIC_0170590839"/><file url="en-us_topic_0170590910.html" id="EN-US_TOPIC_0170590910" originalId="EN-US_TOPIC_0170590910"/><file url="en-us_topic_0170590822.html" id="EN-US_TOPIC_0170590822" originalId="EN-US_TOPIC_0170590822"/><file url="en-us_topic_0170590693.html" id="EN-US_TOPIC_0170590693" originalId="EN-US_TOPIC_0170590693"/><file url="en-us_topic_0170590873.html" id="EN-US_TOPIC_0170590873" originalId="EN-US_TOPIC_0170590873"/><file url="en-us_topic_0170590533.html" id="EN-US_TOPIC_0170590533" originalId="EN-US_TOPIC_0170590533"/><file url="en-us_topic_0170590883.html" id="EN-US_TOPIC_0170590883" originalId="EN-US_TOPIC_0170590883"/><file url="en-us_topic_0170590534.html" id="EN-US_TOPIC_0170590534" originalId="EN-US_TOPIC_0170590534"/><file url="en-us_topic_0170590475.html" id="EN-US_TOPIC_0170590475" originalId="EN-US_TOPIC_0170590475"/><file url="en-us_topic_0170590572.html" id="EN-US_TOPIC_0170590572" originalId="EN-US_TOPIC_0170590572"/><file url="en-us_topic_0170590660.html" id="EN-US_TOPIC_0170590660" originalId="EN-US_TOPIC_0170590660"/><file url="en-us_topic_0109901857.html" id="EN-US_TOPIC_0109901857" originalId="EN-US_TOPIC_0109901857"/><file url="en-us_topic_0170590750.html" id="EN-US_TOPIC_0170590750" originalId="EN-US_TOPIC_0170590750"/><file url="en-us_topic_0170590626.html" id="EN-US_TOPIC_0170590626" originalId="EN-US_TOPIC_0170590626"/><file url="en-us_topic_0170590583.html" id="EN-US_TOPIC_0170590583" originalId="EN-US_TOPIC_0170590583"/><file url="en-us_topic_0170590669.html" id="EN-US_TOPIC_0170590669" originalId="EN-US_TOPIC_0170590669"/><file url="en-us_topic_0170590638.html" id="EN-US_TOPIC_0170590638" originalId="EN-US_TOPIC_0170590638"/><file url="en-us_topic_0170590722.html" id="EN-US_TOPIC_0170590722" originalId="EN-US_TOPIC_0170590722"/><file url="en-us_topic_0170590635.html" id="EN-US_TOPIC_0170590635" originalId="EN-US_TOPIC_0170590635"/><file url="en-us_topic_0170590500.html" id="EN-US_TOPIC_0170590500" originalId="EN-US_TOPIC_0170590500"/><file url="en-us_topic_0170590670.html" id="EN-US_TOPIC_0170590670" originalId="EN-US_TOPIC_0170590670"/><file url="en-us_topic_0170590724.html" id="EN-US_TOPIC_0170590724" originalId="EN-US_TOPIC_0170590724"/><file url="en-us_topic_0170590589.html" id="EN-US_TOPIC_0170590589" originalId="EN-US_TOPIC_0170590589"/><file url="en-us_topic_0170590805.html" id="EN-US_TOPIC_0170590805" originalId="EN-US_TOPIC_0170590805"/><file url="en-us_topic_0170590671.html" id="EN-US_TOPIC_0170590671" originalId="EN-US_TOPIC_0170590671"/><file url="en-us_topic_0170590481.html" id="EN-US_TOPIC_0170590481" originalId="EN-US_TOPIC_0170590481"/><file url="en-us_topic_0170590556.html" id="EN-US_TOPIC_0170590556" originalId="EN-US_TOPIC_0170590556"/><file url="en-us_topic_0170784246.html" id="EN-US_TOPIC_0170784246" originalId="EN-US_TOPIC_0170784246"/><file url="en-us_topic_0170787692.html" id="EN-US_TOPIC_0170787692" originalId="EN-US_TOPIC_0170787692"/><file url="en-us_topic_0171006912.html" id="EN-US_TOPIC_0171006912" originalId="EN-US_TOPIC_0171006912"/><file url="en-us_topic_0170949829.html" id="EN-US_TOPIC_0170949829" originalId="EN-US_TOPIC_0170949829"/><file url="en-us_topic_0173500074.html" id="EN-US_TOPIC_0173500074" originalId="EN-US_TOPIC_0173500074"/><file url="en-us_topic_0173500075.html" id="EN-US_TOPIC_0173500075" originalId="EN-US_TOPIC_0173500075"/><file url="en-us_topic_0173500076.html" id="EN-US_TOPIC_0173500076" originalId="EN-US_TOPIC_0173500076"/><file url="en-us_topic_0173500077.html" id="EN-US_TOPIC_0173500077" originalId="EN-US_TOPIC_0173500077"/><file url="en-us_topic_0170949857.html" id="EN-US_TOPIC_0170949857" originalId="EN-US_TOPIC_0170949857"/><file url="en-us_topic_0173500078.html" id="EN-US_TOPIC_0173500078" originalId="EN-US_TOPIC_0173500078"/><file url="en-us_topic_0173629781.html" id="EN-US_TOPIC_0173629781" originalId="EN-US_TOPIC_0173629781"/><file url="en-us_topic_0170590909.html" id="EN-US_TOPIC_0170590909" originalId="EN-US_TOPIC_0170590909"/><file url="en-us_topic_0170590471.html" id="EN-US_TOPIC_0170590471" originalId="EN-US_TOPIC_0170590471"/><file url="en-us_topic_0170590858.html" id="EN-US_TOPIC_0170590858" originalId="EN-US_TOPIC_0170590858"/><file url="en-us_topic_0170590594.html" id="EN-US_TOPIC_0170590594" originalId="EN-US_TOPIC_0170590594"/><file url="en-us_topic_0170590546.html" id="EN-US_TOPIC_0170590546" originalId="EN-US_TOPIC_0170590546"/><file url="en-us_topic_0109901863.html" id="EN-US_TOPIC_0109901863" originalId="EN-US_TOPIC_0109901863"/><file url="en-us_topic_0170590628.html" id="EN-US_TOPIC_0170590628" originalId="EN-US_TOPIC_0170590628"/><file url="en-us_topic_0170590623.html" id="EN-US_TOPIC_0170590623" originalId="EN-US_TOPIC_0170590623"/><file url="en-us_topic_0109901864.html" id="EN-US_TOPIC_0109901864" originalId="EN-US_TOPIC_0109901864"/><file url="en-us_topic_0170590775.html" id="EN-US_TOPIC_0170590775" originalId="EN-US_TOPIC_0170590775"/><file url="en-us_topic_0170590630.html" id="EN-US_TOPIC_0170590630" originalId="EN-US_TOPIC_0170590630"/><file url="en-us_topic_0170590629.html" id="EN-US_TOPIC_0170590629" originalId="EN-US_TOPIC_0170590629"/><file url="en-us_topic_0170590882.html" id="EN-US_TOPIC_0170590882" originalId="EN-US_TOPIC_0170590882"/><file url="en-us_topic_0110239111.html" id="EN-US_TOPIC_0110239111" originalId="EN-US_TOPIC_0110239111"/><file url="en-us_topic_0170590761.html" id="EN-US_TOPIC_0170590761" originalId="EN-US_TOPIC_0170590761"/><file url="en-us_topic_0170590707.html" id="EN-US_TOPIC_0170590707" originalId="EN-US_TOPIC_0170590707"/><file url="en-us_topic_0109901865.html" id="EN-US_TOPIC_0109901865" originalId="EN-US_TOPIC_0109901865"/><file url="en-us_topic_0170590574.html" id="EN-US_TOPIC_0170590574" originalId="EN-US_TOPIC_0170590574"/><file url="en-us_topic_0170590644.html" id="EN-US_TOPIC_0170590644" originalId="EN-US_TOPIC_0170590644"/><file url="en-us_topic_0170590613.html" id="EN-US_TOPIC_0170590613" originalId="EN-US_TOPIC_0170590613"/><file url="en-us_topic_0170590470.html" id="EN-US_TOPIC_0170590470" originalId="EN-US_TOPIC_0170590470"/><file url="en-us_topic_0170590782.html" id="EN-US_TOPIC_0170590782" originalId="EN-US_TOPIC_0170590782"/><file url="en-us_topic_0170590665.html" id="EN-US_TOPIC_0170590665" originalId="EN-US_TOPIC_0170590665"/><file url="en-us_topic_0170590849.html" id="EN-US_TOPIC_0170590849" originalId="EN-US_TOPIC_0170590849"/><file url="en-us_topic_0170590856.html" id="EN-US_TOPIC_0170590856" originalId="EN-US_TOPIC_0170590856"/><file url="en-us_topic_0170590622.html" id="EN-US_TOPIC_0170590622" originalId="EN-US_TOPIC_0170590622"/><file url="en-us_topic_0170590780.html" id="EN-US_TOPIC_0170590780" originalId="EN-US_TOPIC_0170590780"/><file url="en-us_topic_0170590617.html" id="EN-US_TOPIC_0170590617" originalId="EN-US_TOPIC_0170590617"/><file url="en-us_topic_0170590771.html" id="EN-US_TOPIC_0170590771" originalId="EN-US_TOPIC_0170590771"/><file url="en-us_topic_0170590600.html" id="EN-US_TOPIC_0170590600" originalId="EN-US_TOPIC_0170590600"/><file url="en-us_topic_0170590706.html" id="EN-US_TOPIC_0170590706" originalId="EN-US_TOPIC_0170590706"/><file url="en-us_topic_0170590753.html" id="EN-US_TOPIC_0170590753" originalId="EN-US_TOPIC_0170590753"/><file url="en-us_topic_0170590561.html" id="EN-US_TOPIC_0170590561" originalId="EN-US_TOPIC_0170590561"/><file url="en-us_topic_0131062842.html" id="EN-US_TOPIC_0131062842" originalId="EN-US_TOPIC_0131062842"/><file url="en-us_topic_0170590559.html" id="EN-US_TOPIC_0170590559" originalId="EN-US_TOPIC_0170590559"/><file url="en-us_topic_0170590632.html" id="EN-US_TOPIC_0170590632" originalId="EN-US_TOPIC_0170590632"/><file url="en-us_topic_0170590846.html" id="EN-US_TOPIC_0170590846" originalId="EN-US_TOPIC_0170590846"/><file url="en-us_topic_0170590514.html" id="EN-US_TOPIC_0170590514" originalId="EN-US_TOPIC_0170590514"/><file url="en-us_topic_0109901866.html" id="EN-US_TOPIC_0109901866" originalId="EN-US_TOPIC_0109901866"/><file url="en-us_topic_0170590757.html" id="EN-US_TOPIC_0170590757" originalId="EN-US_TOPIC_0170590757"/><file url="en-us_topic_0170590895.html" id="EN-US_TOPIC_0170590895" originalId="EN-US_TOPIC_0170590895"/><file url="en-us_topic_0170590832.html" id="EN-US_TOPIC_0170590832" originalId="EN-US_TOPIC_0170590832"/><file url="en-us_topic_0170590555.html" id="EN-US_TOPIC_0170590555" originalId="EN-US_TOPIC_0170590555"/><file url="en-us_topic_0170590701.html" id="EN-US_TOPIC_0170590701" originalId="EN-US_TOPIC_0170590701"/><file url="en-us_topic_0170590530.html" id="EN-US_TOPIC_0170590530" originalId="EN-US_TOPIC_0170590530"/><file url="en-us_topic_0109901867.html" id="EN-US_TOPIC_0109901867" originalId="EN-US_TOPIC_0109901867"/><file url="en-us_topic_0170590465.html" id="EN-US_TOPIC_0170590465" originalId="EN-US_TOPIC_0170590465"/><file url="en-us_topic_0170590588.html" id="EN-US_TOPIC_0170590588" originalId="EN-US_TOPIC_0170590588"/><file url="en-us_topic_0170590557.html" id="EN-US_TOPIC_0170590557" originalId="EN-US_TOPIC_0170590557"/><file url="en-us_topic_0131062843.html" id="EN-US_TOPIC_0131062843" originalId="EN-US_TOPIC_0131062843"/><file url="en-us_topic_0170590737.html" id="EN-US_TOPIC_0170590737" originalId="EN-US_TOPIC_0170590737"/><file url="en-us_topic_0170590527.html" id="EN-US_TOPIC_0170590527" originalId="EN-US_TOPIC_0170590527"/><file url="en-us_topic_0109901868.html" id="EN-US_TOPIC_0109901868" originalId="EN-US_TOPIC_0109901868"/><file url="en-us_topic_0170590752.html" id="EN-US_TOPIC_0170590752" originalId="EN-US_TOPIC_0170590752"/><file url="en-us_topic_0170590835.html" id="EN-US_TOPIC_0170590835" originalId="EN-US_TOPIC_0170590835"/><file url="en-us_topic_0170590551.html" id="EN-US_TOPIC_0170590551" originalId="EN-US_TOPIC_0170590551"/><file url="en-us_topic_0170590811.html" id="EN-US_TOPIC_0170590811" originalId="EN-US_TOPIC_0170590811"/><file url="en-us_topic_0170590869.html" id="EN-US_TOPIC_0170590869" originalId="EN-US_TOPIC_0170590869"/><file url="en-us_topic_0170590652.html" id="EN-US_TOPIC_0170590652" originalId="EN-US_TOPIC_0170590652"/><file url="en-us_topic_0170590868.html" id="EN-US_TOPIC_0170590868" originalId="EN-US_TOPIC_0170590868"/><file url="en-us_topic_0109901869.html" id="EN-US_TOPIC_0109901869" originalId="EN-US_TOPIC_0109901869"/><file url="en-us_topic_0170590523.html" id="EN-US_TOPIC_0170590523" originalId="EN-US_TOPIC_0170590523"/><file url="en-us_topic_0170590719.html" id="EN-US_TOPIC_0170590719" originalId="EN-US_TOPIC_0170590719"/><file url="en-us_topic_0170590784.html" id="EN-US_TOPIC_0170590784" originalId="EN-US_TOPIC_0170590784"/><file url="en-us_topic_0141066102.html" id="EN-US_TOPIC_0141066102" originalId="EN-US_TOPIC_0141066102"/><file url="en-us_topic_0170590884.html" id="EN-US_TOPIC_0170590884" originalId="EN-US_TOPIC_0170590884"/><file url="en-us_topic_0170590689.html" id="EN-US_TOPIC_0170590689" originalId="EN-US_TOPIC_0170590689"/><file url="en-us_topic_0170590712.html" id="EN-US_TOPIC_0170590712" originalId="EN-US_TOPIC_0170590712"/><file url="en-us_topic_0170590637.html" id="EN-US_TOPIC_0170590637" originalId="EN-US_TOPIC_0170590637"/><file url="en-us_topic_0170590834.html" id="EN-US_TOPIC_0170590834" originalId="EN-US_TOPIC_0170590834"/><file url="en-us_topic_0170590570.html" id="EN-US_TOPIC_0170590570" originalId="EN-US_TOPIC_0170590570"/><file url="en-us_topic_0170590769.html" id="EN-US_TOPIC_0170590769" originalId="EN-US_TOPIC_0170590769"/><file url="en-us_topic_0170590677.html" id="EN-US_TOPIC_0170590677" originalId="EN-US_TOPIC_0170590677"/><file url="en-us_topic_0170590860.html" id="EN-US_TOPIC_0170590860" originalId="EN-US_TOPIC_0170590860"/><file url="en-us_topic_0109901870.html" id="EN-US_TOPIC_0109901870" originalId="EN-US_TOPIC_0109901870"/><file url="en-us_topic_0170590799.html" id="EN-US_TOPIC_0170590799" originalId="EN-US_TOPIC_0170590799"/><file url="en-us_topic_0170590585.html" id="EN-US_TOPIC_0170590585" originalId="EN-US_TOPIC_0170590585"/><file url="en-us_topic_0170590783.html" id="EN-US_TOPIC_0170590783" originalId="EN-US_TOPIC_0170590783"/><file url="en-us_topic_0170590496.html" id="EN-US_TOPIC_0170590496" originalId="EN-US_TOPIC_0170590496"/><file url="en-us_topic_0170590794.html" id="EN-US_TOPIC_0170590794" originalId="EN-US_TOPIC_0170590794"/><file url="en-us_topic_0109901873.html" id="EN-US_TOPIC_0109901873" originalId="EN-US_TOPIC_0109901873"/><file url="en-us_topic_0170590792.html" id="EN-US_TOPIC_0170590792" originalId="EN-US_TOPIC_0170590792"/><file url="en-us_topic_0170590733.html" id="EN-US_TOPIC_0170590733" originalId="EN-US_TOPIC_0170590733"/><file url="en-us_topic_0170590777.html" id="EN-US_TOPIC_0170590777" originalId="EN-US_TOPIC_0170590777"/><file url="en-us_topic_0170590491.html" id="EN-US_TOPIC_0170590491" originalId="EN-US_TOPIC_0170590491"/><file url="en-us_topic_0170590714.html" id="EN-US_TOPIC_0170590714" originalId="EN-US_TOPIC_0170590714"/><file url="en-us_topic_0170590698.html" id="EN-US_TOPIC_0170590698" originalId="EN-US_TOPIC_0170590698"/><file url="en-us_topic_0170590836.html" id="EN-US_TOPIC_0170590836" originalId="EN-US_TOPIC_0170590836"/><file url="en-us_topic_0170590563.html" id="EN-US_TOPIC_0170590563" originalId="EN-US_TOPIC_0170590563"/><file url="en-us_topic_0170590651.html" id="EN-US_TOPIC_0170590651" originalId="EN-US_TOPIC_0170590651"/><file url="en-us_topic_0170590532.html" id="EN-US_TOPIC_0170590532" originalId="EN-US_TOPIC_0170590532"/><file url="en-us_topic_0170590704.html" id="EN-US_TOPIC_0170590704" originalId="EN-US_TOPIC_0170590704"/><file url="en-us_topic_0170590826.html" id="EN-US_TOPIC_0170590826" originalId="EN-US_TOPIC_0170590826"/><file url="en-us_topic_0109901874.html" id="EN-US_TOPIC_0109901874" originalId="EN-US_TOPIC_0109901874"/><file url="en-us_topic_0170590824.html" id="EN-US_TOPIC_0170590824" originalId="EN-US_TOPIC_0170590824"/><file url="en-us_topic_0170590495.html" id="EN-US_TOPIC_0170590495" originalId="EN-US_TOPIC_0170590495"/><file url="en-us_topic_0170590708.html" id="EN-US_TOPIC_0170590708" originalId="EN-US_TOPIC_0170590708"/><file url="en-us_topic_0170590762.html" id="EN-US_TOPIC_0170590762" originalId="EN-US_TOPIC_0170590762"/><file url="en-us_topic_0170590867.html" id="EN-US_TOPIC_0170590867" originalId="EN-US_TOPIC_0170590867"/><file url="en-us_topic_0170590863.html" id="EN-US_TOPIC_0170590863" originalId="EN-US_TOPIC_0170590863"/><file url="en-us_topic_0109901875.html" id="EN-US_TOPIC_0109901875" originalId="EN-US_TOPIC_0109901875"/><file url="en-us_topic_0170590734.html" id="EN-US_TOPIC_0170590734" originalId="EN-US_TOPIC_0170590734"/><file url="en-us_topic_0170590472.html" id="EN-US_TOPIC_0170590472" originalId="EN-US_TOPIC_0170590472"/><file url="en-us_topic_0170590903.html" id="EN-US_TOPIC_0170590903" originalId="EN-US_TOPIC_0170590903"/><file url="en-us_topic_0109901856.html" id="EN-US_TOPIC_0109901856" originalId="EN-US_TOPIC_0109901856"/><file url="en-us_topic_0170590843.html" id="EN-US_TOPIC_0170590843" originalId="EN-US_TOPIC_0170590843"/><file url="en-us_topic_0170590590.html" id="EN-US_TOPIC_0170590590" originalId="EN-US_TOPIC_0170590590"/><file url="en-us_topic_0170590807.html" id="EN-US_TOPIC_0170590807" originalId="EN-US_TOPIC_0170590807"/><file url="en-us_topic_0170590684.html" id="EN-US_TOPIC_0170590684" originalId="EN-US_TOPIC_0170590684"/><file url="en-us_topic_0145349151.html" id="EN-US_TOPIC_0145349151" originalId="EN-US_TOPIC_0145349151"/><file url="en-us_topic_0170796614.html" id="EN-US_TOPIC_0170796614" originalId="EN-US_TOPIC_0170796614"/><file url="en-us_topic_0170797013.html" id="EN-US_TOPIC_0170797013" originalId="EN-US_TOPIC_0170797013"/><file url="en-us_topic_0170590786.html" id="EN-US_TOPIC_0170590786" originalId="EN-US_TOPIC_0170590786"/><file url="en-us_topic_0170590865.html" id="EN-US_TOPIC_0170590865" originalId="EN-US_TOPIC_0170590865"/><file url="en-us_topic_0170590478.html" id="EN-US_TOPIC_0170590478" originalId="EN-US_TOPIC_0170590478"/><file url="en-us_topic_0170590916.html" id="EN-US_TOPIC_0170590916" originalId="EN-US_TOPIC_0170590916"/><file url="en-us_topic_0170590536.html" id="EN-US_TOPIC_0170590536" originalId="EN-US_TOPIC_0170590536"/><file url="en-us_topic_0170590744.html" id="EN-US_TOPIC_0170590744" originalId="EN-US_TOPIC_0170590744"/><file url="en-us_topic_0109946623.html" id="EN-US_TOPIC_0109946623" originalId="EN-US_TOPIC_0109946623"/><file url="en-us_topic_0170590650.html" id="EN-US_TOPIC_0170590650" originalId="EN-US_TOPIC_0170590650"/><file url="en-us_topic_0159262905.html" id="EN-US_TOPIC_0159262905" originalId="EN-US_TOPIC_0159262905"/><file url="en-us_topic_0170590569.html" id="EN-US_TOPIC_0170590569" originalId="EN-US_TOPIC_0170590569"/><file url="en-us_topic_0159297595.html" id="EN-US_TOPIC_0159297595" originalId="EN-US_TOPIC_0159297595"/><file url="en-us_topic_0170590906.html" id="EN-US_TOPIC_0170590906" originalId="EN-US_TOPIC_0170590906"/><file url="en-us_topic_0159297596.html" id="EN-US_TOPIC_0159297596" originalId="EN-US_TOPIC_0159297596"/><file url="en-us_topic_0159262906.html" id="EN-US_TOPIC_0159262906" originalId="EN-US_TOPIC_0159262906"/><file url="en-us_topic_0170590788.html" id="EN-US_TOPIC_0170590788" originalId="EN-US_TOPIC_0170590788"/><file url="en-us_topic_0109946626.html" id="EN-US_TOPIC_0109946626" originalId="EN-US_TOPIC_0109946626"/><file url="en-us_topic_0170590837.html" id="EN-US_TOPIC_0170590837" originalId="EN-US_TOPIC_0170590837"/><file url="en-us_topic_0159297593.html" id="EN-US_TOPIC_0159297593" originalId="EN-US_TOPIC_0159297593"/><file url="en-us_topic_0159297594.html" id="EN-US_TOPIC_0159297594" originalId="EN-US_TOPIC_0159297594"/><file url="en-us_topic_0170590756.html" id="EN-US_TOPIC_0170590756" originalId="EN-US_TOPIC_0170590756"/><file url="en-us_topic_0118387216.html" id="EN-US_TOPIC_0118387216" originalId="EN-US_TOPIC_0118387216"/><file url="en-us_topic_0170590466.html" id="EN-US_TOPIC_0170590466" originalId="EN-US_TOPIC_0170590466"/><file url="en-us_topic_0109901887.html" id="EN-US_TOPIC_0109901887" originalId="EN-US_TOPIC_0109901887"/><file url="en-us_topic_0109901832.html" id="EN-US_TOPIC_0109901832" originalId="EN-US_TOPIC_0109901832"/><file url="en-us_topic_0170590838.html" id="EN-US_TOPIC_0170590838" originalId="EN-US_TOPIC_0170590838"/><file url="en-us_topic_0109901834.html" id="EN-US_TOPIC_0109901834" originalId="EN-US_TOPIC_0109901834"/><file url="en-us_topic_0170590793.html" id="EN-US_TOPIC_0170590793" originalId="EN-US_TOPIC_0170590793"/><file url="en-us_topic_0109901888.html" id="EN-US_TOPIC_0109901888" originalId="EN-US_TOPIC_0109901888"/><file url="en-us_topic_0109901835.html" id="EN-US_TOPIC_0109901835" originalId="EN-US_TOPIC_0109901835"/><file url="en-us_topic_0109901836.html" id="EN-US_TOPIC_0109901836" originalId="EN-US_TOPIC_0109901836"/><file url="en-us_topic_0170590578.html" id="EN-US_TOPIC_0170590578" originalId="EN-US_TOPIC_0170590578"/><file url="en-us_topic_0109946625.html" id="EN-US_TOPIC_0109946625" originalId="EN-US_TOPIC_0109946625"/><file url="en-us_topic_0109946261.html" id="EN-US_TOPIC_0109946261" originalId="EN-US_TOPIC_0109946261"/><file url="en-us_topic_0109946262.html" id="EN-US_TOPIC_0109946262" originalId="EN-US_TOPIC_0109946262"/><file url="en-us_topic_0170590484.html" id="EN-US_TOPIC_0170590484" originalId="EN-US_TOPIC_0170590484"/><file url="en-us_topic_0109946624.html" id="EN-US_TOPIC_0109946624" originalId="EN-US_TOPIC_0109946624"/><file url="en-us_topic_0109960083.html" id="EN-US_TOPIC_0109960083" originalId="EN-US_TOPIC_0109960083"/><file url="en-us_topic_0170590567.html" id="EN-US_TOPIC_0170590567" originalId="EN-US_TOPIC_0170590567"/><file url="en-us_topic_0170590549.html" id="EN-US_TOPIC_0170590549" originalId="EN-US_TOPIC_0170590549"/><file url="en-us_topic_0170590694.html" id="EN-US_TOPIC_0170590694" originalId="EN-US_TOPIC_0170590694"/><file url="en-us_topic_0170590871.html" id="EN-US_TOPIC_0170590871" originalId="EN-US_TOPIC_0170590871"/><file url="en-us_topic_0112807244.html" id="EN-US_TOPIC_0112807244" originalId="EN-US_TOPIC_0112807244"/><file url="en-us_topic_0170590511.html" id="EN-US_TOPIC_0170590511" originalId="EN-US_TOPIC_0170590511"/><file url="en-us_topic_0170590814.html" id="EN-US_TOPIC_0170590814" originalId="EN-US_TOPIC_0170590814"/><file url="en-us_topic_0170590535.html" id="EN-US_TOPIC_0170590535" originalId="EN-US_TOPIC_0170590535"/><file url="en-us_topic_0170590899.html" id="EN-US_TOPIC_0170590899" originalId="EN-US_TOPIC_0170590899"/><file url="en-us_topic_0170590740.html" id="EN-US_TOPIC_0170590740" originalId="EN-US_TOPIC_0170590740"/><file url="en-us_topic_0110496777.html" id="EN-US_TOPIC_0110496777" originalId="EN-US_TOPIC_0110496777"/><file url="en-us_topic_0170590597.html" id="EN-US_TOPIC_0170590597" originalId="EN-US_TOPIC_0170590597"/><file url="en-us_topic_0170590907.html" id="EN-US_TOPIC_0170590907" originalId="EN-US_TOPIC_0170590907"/><file url="en-us_topic_0170590897.html" id="EN-US_TOPIC_0170590897" originalId="EN-US_TOPIC_0170590897"/><file url="en-us_topic_0170590833.html" id="EN-US_TOPIC_0170590833" originalId="EN-US_TOPIC_0170590833"/><file url="en-us_topic_0170590742.html" id="EN-US_TOPIC_0170590742" originalId="EN-US_TOPIC_0170590742"/><file url="en-us_topic_0134120505.html" id="EN-US_TOPIC_0134120505" originalId="EN-US_TOPIC_0134120505"/><file url="en-us_topic_0170590726.html" id="EN-US_TOPIC_0170590726" originalId="EN-US_TOPIC_0170590726"/><file url="en-us_topic_0170590801.html" id="EN-US_TOPIC_0170590801" originalId="EN-US_TOPIC_0170590801"/><file url="en-us_topic_0170590550.html" id="EN-US_TOPIC_0170590550" originalId="EN-US_TOPIC_0170590550"/><file url="en-us_topic_0170590904.html" id="EN-US_TOPIC_0170590904" originalId="EN-US_TOPIC_0170590904"/><file url="en-us_topic_0170590679.html" id="EN-US_TOPIC_0170590679" originalId="EN-US_TOPIC_0170590679"/><file url="en-us_topic_0145349150.html" id="EN-US_TOPIC_0145349150" originalId="EN-US_TOPIC_0145349150"/><file url="en-us_topic_0170929387.html" id="EN-US_TOPIC_0170929387" originalId="EN-US_TOPIC_0170929387"/><file url="en-us_topic_0170590648.html" id="EN-US_TOPIC_0170590648" originalId="EN-US_TOPIC_0170590648"/><file url="en-us_topic_0109901845.html" id="EN-US_TOPIC_0109901845" originalId="EN-US_TOPIC_0109901845"/><file url="en-us_topic_0170590692.html" id="EN-US_TOPIC_0170590692" originalId="EN-US_TOPIC_0170590692"/><file url="en-us_topic_0170590731.html" id="EN-US_TOPIC_0170590731" originalId="EN-US_TOPIC_0170590731"/><file url="en-us_topic_0170590900.html" id="EN-US_TOPIC_0170590900" originalId="EN-US_TOPIC_0170590900"/><file url="en-us_topic_0170590467.html" id="EN-US_TOPIC_0170590467" originalId="EN-US_TOPIC_0170590467"/><file url="en-us_topic_0170590498.html" id="EN-US_TOPIC_0170590498" originalId="EN-US_TOPIC_0170590498"/><file url="en-us_topic_0170590808.html" id="EN-US_TOPIC_0170590808" originalId="EN-US_TOPIC_0170590808"/><file url="en-us_topic_0170590513.html" id="EN-US_TOPIC_0170590513" originalId="EN-US_TOPIC_0170590513"/><file url="en-us_topic_0170590624.html" id="EN-US_TOPIC_0170590624" originalId="EN-US_TOPIC_0170590624"/><file url="en-us_topic_0170590760.html" id="EN-US_TOPIC_0170590760" originalId="EN-US_TOPIC_0170590760"/><file url="en-us_topic_0170590915.html" id="EN-US_TOPIC_0170590915" originalId="EN-US_TOPIC_0170590915"/><file url="en-us_topic_0170590911.html" id="EN-US_TOPIC_0170590911" originalId="EN-US_TOPIC_0170590911"/><file url="en-us_topic_0170590866.html" id="EN-US_TOPIC_0170590866" originalId="EN-US_TOPIC_0170590866"/><file url="en-us_topic_0170590767.html" id="EN-US_TOPIC_0170590767" originalId="EN-US_TOPIC_0170590767"/><file url="en-us_topic_0170590887.html" id="EN-US_TOPIC_0170590887" originalId="EN-US_TOPIC_0170590887"/><file url="en-us_topic_0170590685.html" id="EN-US_TOPIC_0170590685" originalId="EN-US_TOPIC_0170590685"/><file url="en-us_topic_0170590831.html" id="EN-US_TOPIC_0170590831" originalId="EN-US_TOPIC_0170590831"/><file url="en-us_topic_0170590510.html" id="EN-US_TOPIC_0170590510" originalId="EN-US_TOPIC_0170590510"/><file url="en-us_topic_0170590918.html" id="EN-US_TOPIC_0170590918" originalId="EN-US_TOPIC_0170590918"/><file url="en-us_topic_0170590919.html" id="EN-US_TOPIC_0170590919" originalId="EN-US_TOPIC_0170590919"/><file url="en-us_topic_0170590728.html" id="EN-US_TOPIC_0170590728" originalId="EN-US_TOPIC_0170590728"/><file url="en-us_topic_0170590850.html" id="EN-US_TOPIC_0170590850" originalId="EN-US_TOPIC_0170590850"/><file url="en-us_topic_0170590601.html" id="EN-US_TOPIC_0170590601" originalId="EN-US_TOPIC_0170590601"/><file url="en-us_topic_0170590809.html" id="EN-US_TOPIC_0170590809" originalId="EN-US_TOPIC_0170590809"/><file url="en-us_topic_0170590668.html" id="EN-US_TOPIC_0170590668" originalId="EN-US_TOPIC_0170590668"/><file url="en-us_topic_0170590730.html" id="EN-US_TOPIC_0170590730" originalId="EN-US_TOPIC_0170590730"/><file url="en-us_topic_0170590713.html" id="EN-US_TOPIC_0170590713" originalId="EN-US_TOPIC_0170590713"/><file url="en-us_topic_0170590582.html" id="EN-US_TOPIC_0170590582" originalId="EN-US_TOPIC_0170590582"/><file url="en-us_topic_0170590675.html" id="EN-US_TOPIC_0170590675" originalId="EN-US_TOPIC_0170590675"/><file url="en-us_topic_0170590593.html" id="EN-US_TOPIC_0170590593" originalId="EN-US_TOPIC_0170590593"/><file url="en-us_topic_0170590647.html" id="EN-US_TOPIC_0170590647" originalId="EN-US_TOPIC_0170590647"/><file url="en-us_topic_0170590619.html" id="EN-US_TOPIC_0170590619" originalId="EN-US_TOPIC_0170590619"/><file url="en-us_topic_0170590828.html" id="EN-US_TOPIC_0170590828" originalId="EN-US_TOPIC_0170590828"/><file url="en-us_topic_0170590672.html" id="EN-US_TOPIC_0170590672" originalId="EN-US_TOPIC_0170590672"/><file url="en-us_topic_0170590816.html" id="EN-US_TOPIC_0170590816" originalId="EN-US_TOPIC_0170590816"/><file url="en-us_topic_0170590560.html" id="EN-US_TOPIC_0170590560" originalId="EN-US_TOPIC_0170590560"/><file url="en-us_topic_0170590705.html" id="EN-US_TOPIC_0170590705" originalId="EN-US_TOPIC_0170590705"/><file url="en-us_topic_0170590819.html" id="EN-US_TOPIC_0170590819" originalId="EN-US_TOPIC_0170590819"/><file url="en-us_topic_0170590568.html" id="EN-US_TOPIC_0170590568" originalId="EN-US_TOPIC_0170590568"/><file url="en-us_topic_0170949836.html" id="EN-US_TOPIC_0170949836" originalId="EN-US_TOPIC_0170949836"/><file url="en-us_topic_0170949845.html" id="EN-US_TOPIC_0170949845" originalId="EN-US_TOPIC_0170949845"/><file url="en-us_topic_0170949830.html" id="EN-US_TOPIC_0170949830" originalId="EN-US_TOPIC_0170949830"/><file url="en-us_topic_0170949846.html" id="EN-US_TOPIC_0170949846" originalId="EN-US_TOPIC_0170949846"/><file url="en-us_topic_0170949848.html" id="EN-US_TOPIC_0170949848" originalId="EN-US_TOPIC_0170949848"/><file url="en-us_topic_0170949850.html" id="EN-US_TOPIC_0170949850" originalId="EN-US_TOPIC_0170949850"/><file url="en-us_topic_0170949837.html" id="EN-US_TOPIC_0170949837" originalId="EN-US_TOPIC_0170949837"/><file url="en-us_topic_0170949838.html" id="EN-US_TOPIC_0170949838" originalId="EN-US_TOPIC_0170949838"/><file url="en-us_topic_0170949839.html" id="EN-US_TOPIC_0170949839" originalId="EN-US_TOPIC_0170949839"/><file url="en-us_topic_0170949849.html" id="EN-US_TOPIC_0170949849" originalId="EN-US_TOPIC_0170949849"/><file url="en-us_topic_0170949840.html" id="EN-US_TOPIC_0170949840" originalId="EN-US_TOPIC_0170949840"/><file url="en-us_topic_0170949828.html" id="EN-US_TOPIC_0170949828" originalId="EN-US_TOPIC_0170949828"/><file url="en-us_topic_0170949841.html" id="EN-US_TOPIC_0170949841" originalId="EN-US_TOPIC_0170949841"/><file url="en-us_topic_0170949842.html" id="EN-US_TOPIC_0170949842" originalId="EN-US_TOPIC_0170949842"/><file url="en-us_topic_0170949843.html" id="EN-US_TOPIC_0170949843" originalId="EN-US_TOPIC_0170949843"/><file url="en-us_topic_0170949852.html" id="EN-US_TOPIC_0170949852" originalId="EN-US_TOPIC_0170949852"/><file url="en-us_topic_0170949854.html" id="EN-US_TOPIC_0170949854" originalId="EN-US_TOPIC_0170949854"/><file url="en-us_topic_0170590515.html" id="EN-US_TOPIC_0170590515" originalId="EN-US_TOPIC_0170590515"/><file url="en-us_topic_0170590616.html" id="EN-US_TOPIC_0170590616" originalId="EN-US_TOPIC_0170590616"/><file url="en-us_topic_0170590696.html" id="EN-US_TOPIC_0170590696" originalId="EN-US_TOPIC_0170590696"/><file url="en-us_topic_0170590656.html" id="EN-US_TOPIC_0170590656" originalId="EN-US_TOPIC_0170590656"/><file url="en-us_topic_0170590525.html" id="EN-US_TOPIC_0170590525" originalId="EN-US_TOPIC_0170590525"/><file url="en-us_topic_0133913397.html" id="EN-US_TOPIC_0133913397" originalId="EN-US_TOPIC_0133913397"/><file url="en-us_topic_0170590633.html" id="EN-US_TOPIC_0170590633" originalId="EN-US_TOPIC_0170590633"/><file url="en-us_topic_0133913398.html" id="EN-US_TOPIC_0133913398" originalId="EN-US_TOPIC_0133913398"/><file url="en-us_topic_0170590700.html" id="EN-US_TOPIC_0170590700" originalId="EN-US_TOPIC_0170590700"/><file url="en-us_topic_0170590703.html" id="EN-US_TOPIC_0170590703" originalId="EN-US_TOPIC_0170590703"/><file url="en-us_topic_0170590540.html" id="EN-US_TOPIC_0170590540" originalId="EN-US_TOPIC_0170590540"/><file url="en-us_topic_0170590682.html" id="EN-US_TOPIC_0170590682" originalId="EN-US_TOPIC_0170590682"/><file url="en-us_topic_0109901826.html" id="EN-US_TOPIC_0109901826" originalId="EN-US_TOPIC_0109901826"/><file url="en-us_topic_0170590553.html" id="EN-US_TOPIC_0170590553" originalId="EN-US_TOPIC_0170590553"/><file url="en-us_topic_0170590486.html" id="EN-US_TOPIC_0170590486" originalId="EN-US_TOPIC_0170590486"/><file url="en-us_topic_0170590796.html" id="EN-US_TOPIC_0170590796" originalId="EN-US_TOPIC_0170590796"/><file url="en-us_topic_0170590653.html" id="EN-US_TOPIC_0170590653" originalId="EN-US_TOPIC_0170590653"/><file url="en-us_topic_0170590539.html" id="EN-US_TOPIC_0170590539" originalId="EN-US_TOPIC_0170590539"/><file url="en-us_topic_0170590759.html" id="EN-US_TOPIC_0170590759" originalId="EN-US_TOPIC_0170590759"/><file url="en-us_topic_0170590765.html" id="EN-US_TOPIC_0170590765" originalId="EN-US_TOPIC_0170590765"/><file url="en-us_topic_0170590508.html" id="EN-US_TOPIC_0170590508" originalId="EN-US_TOPIC_0170590508"/><file url="en-us_topic_0109901842.html" id="EN-US_TOPIC_0109901842" originalId="EN-US_TOPIC_0109901842"/><file url="en-us_topic_0170590886.html" id="EN-US_TOPIC_0170590886" originalId="EN-US_TOPIC_0170590886"/><file url="en-us_topic_0109901843.html" id="EN-US_TOPIC_0109901843" originalId="EN-US_TOPIC_0109901843"/><file url="en-us_topic_0170590654.html" id="EN-US_TOPIC_0170590654" originalId="EN-US_TOPIC_0170590654"/><file url="en-us_topic_0170590592.html" id="EN-US_TOPIC_0170590592" originalId="EN-US_TOPIC_0170590592"/><file url="en-us_topic_0170590804.html" id="EN-US_TOPIC_0170590804" originalId="EN-US_TOPIC_0170590804"/><file url="en-us_topic_0170590847.html" id="EN-US_TOPIC_0170590847" originalId="EN-US_TOPIC_0170590847"/><file url="en-us_topic_0113238868.html" id="EN-US_TOPIC_0113238868" originalId="EN-US_TOPIC_0113238868"/><file url="en-us_topic_0170749936.html" id="EN-US_TOPIC_0170749936" originalId="EN-US_TOPIC_0170749936"/><file url="en-us_topic_0170766582.html" id="EN-US_TOPIC_0170766582" originalId="EN-US_TOPIC_0170766582"/><file url="en-us_topic_0171038008.html" id="EN-US_TOPIC_0171038008" originalId="EN-US_TOPIC_0171038008"/><file url="en-us_topic_0170590678.html" id="EN-US_TOPIC_0170590678" originalId="EN-US_TOPIC_0170590678"/><file url="en-us_topic_0109901844.html" id="EN-US_TOPIC_0109901844" originalId="EN-US_TOPIC_0109901844"/><file url="en-us_topic_0170590526.html" id="EN-US_TOPIC_0170590526" originalId="EN-US_TOPIC_0170590526"/><file url="en-us_topic_0109901846.html" id="EN-US_TOPIC_0109901846" originalId="EN-US_TOPIC_0109901846"/><file url="en-us_topic_0170590810.html" id="EN-US_TOPIC_0170590810" originalId="EN-US_TOPIC_0170590810"/><file url="en-us_topic_0170590489.html" id="EN-US_TOPIC_0170590489" originalId="EN-US_TOPIC_0170590489"/><file url="en-us_topic_0109901861.html" id="EN-US_TOPIC_0109901861" originalId="EN-US_TOPIC_0109901861"/><file url="en-us_topic_0170590505.html" id="EN-US_TOPIC_0170590505" originalId="EN-US_TOPIC_0170590505"/><file url="en-us_topic_0159262908.html" id="EN-US_TOPIC_0159262908" originalId="EN-US_TOPIC_0159262908"/><file url="en-us_topic_0170819863.html" id="EN-US_TOPIC_0170819863" originalId="EN-US_TOPIC_0170819863"/><file url="en-us_topic_0170868095.html" id="EN-US_TOPIC_0170868095" originalId="EN-US_TOPIC_0170868095"/><file url="en-us_topic_0170949827.html" id="EN-US_TOPIC_0170949827" originalId="EN-US_TOPIC_0170949827"/><file url="en-us_topic_0170949831.html" id="EN-US_TOPIC_0170949831" originalId="EN-US_TOPIC_0170949831"/><file url="en-us_topic_0173501402.html" id="EN-US_TOPIC_0173501402" originalId="EN-US_TOPIC_0173501402"/><file url="en-us_topic_0170590854.html" id="EN-US_TOPIC_0170590854" originalId="EN-US_TOPIC_0170590854"/><file url="en-us_topic_0170590710.html" id="EN-US_TOPIC_0170590710" originalId="EN-US_TOPIC_0170590710"/><file url="en-us_topic_0113537542.html" id="EN-US_TOPIC_0113537542" originalId="EN-US_TOPIC_0113537542"/><file url="en-us_topic_0170590598.html" id="EN-US_TOPIC_0170590598" originalId="EN-US_TOPIC_0170590598"/><file url="en-us_topic_0141066080.html" id="EN-US_TOPIC_0141066080" originalId="EN-US_TOPIC_0141066080"/><file url="en-us_topic_0170590615.html" id="EN-US_TOPIC_0170590615" originalId="EN-US_TOPIC_0170590615"/><file url="en-us_topic_0141066101.html" id="EN-US_TOPIC_0141066101" originalId="EN-US_TOPIC_0141066101"/><file url="en-us_topic_0170809507.html" id="EN-US_TOPIC_0170809507" originalId="EN-US_TOPIC_0170809507"/><file url="en-us_topic_0170927493.html" id="EN-US_TOPIC_0170927493" originalId="EN-US_TOPIC_0170927493"/><file url="en-us_topic_0170590745.html" id="EN-US_TOPIC_0170590745" originalId="EN-US_TOPIC_0170590745"/><file url="en-us_topic_0170590605.html" id="EN-US_TOPIC_0170590605" originalId="EN-US_TOPIC_0170590605"/><file url="en-us_topic_0170590468.html" id="EN-US_TOPIC_0170590468" originalId="EN-US_TOPIC_0170590468"/><file url="en-us_topic_0170590751.html" id="EN-US_TOPIC_0170590751" originalId="EN-US_TOPIC_0170590751"/><file url="en-us_topic_0170590691.html" id="EN-US_TOPIC_0170590691" originalId="EN-US_TOPIC_0170590691"/><file url="en-us_topic_0170590711.html" id="EN-US_TOPIC_0170590711" originalId="EN-US_TOPIC_0170590711"/><file url="en-us_topic_0170590748.html" id="EN-US_TOPIC_0170590748" originalId="EN-US_TOPIC_0170590748"/><file url="en-us_topic_0170590739.html" id="EN-US_TOPIC_0170590739" originalId="EN-US_TOPIC_0170590739"/><file url="en-us_topic_0170590673.html" id="EN-US_TOPIC_0170590673" originalId="EN-US_TOPIC_0170590673"/><file url="en-us_topic_0170590564.html" id="EN-US_TOPIC_0170590564" originalId="EN-US_TOPIC_0170590564"/><file url="en-us_topic_0170590674.html" id="EN-US_TOPIC_0170590674" originalId="EN-US_TOPIC_0170590674"/><file url="en-us_topic_0170590464.html" id="EN-US_TOPIC_0170590464" originalId="EN-US_TOPIC_0170590464"/><file url="en-us_topic_0133922571.html" id="EN-US_TOPIC_0133922571" originalId="EN-US_TOPIC_0133922571"/><file url="en-us_topic_0170590791.html" id="EN-US_TOPIC_0170590791" originalId="EN-US_TOPIC_0170590791"/><file url="en-us_topic_0170590602.html" id="EN-US_TOPIC_0170590602" originalId="EN-US_TOPIC_0170590602"/><file url="en-us_topic_0118387214.html" id="EN-US_TOPIC_0118387214" originalId="EN-US_TOPIC_0118387214"/><file url="en-us_topic_0170590474.html" id="EN-US_TOPIC_0170590474" originalId="EN-US_TOPIC_0170590474"/><file url="en-us_topic_0118387215.html" id="EN-US_TOPIC_0118387215" originalId="EN-US_TOPIC_0118387215"/><file url="en-us_topic_0170590610.html" id="EN-US_TOPIC_0170590610" originalId="EN-US_TOPIC_0170590610"/><file url="en-us_topic_0118387217.html" id="EN-US_TOPIC_0118387217" originalId="EN-US_TOPIC_0118387217"/><file url="en-us_topic_0170590646.html" id="EN-US_TOPIC_0170590646" originalId="EN-US_TOPIC_0170590646"/><file url="en-us_topic_0118387218.html" id="EN-US_TOPIC_0118387218" originalId="EN-US_TOPIC_0118387218"/><file url="en-us_topic_0170590729.html" id="EN-US_TOPIC_0170590729" originalId="EN-US_TOPIC_0170590729"/><file url="en-us_topic_0170590620.html" id="EN-US_TOPIC_0170590620" originalId="EN-US_TOPIC_0170590620"/><file url="en-us_topic_0170590699.html" id="EN-US_TOPIC_0170590699" originalId="EN-US_TOPIC_0170590699"/><file url="en-us_topic_0170590522.html" id="EN-US_TOPIC_0170590522" originalId="EN-US_TOPIC_0170590522"/><file url="en-us_topic_0113242221.html" id="EN-US_TOPIC_0113242221" originalId="EN-US_TOPIC_0113242221"/><file url="en-us_topic_0171038009.html" id="EN-US_TOPIC_0171038009" originalId="EN-US_TOPIC_0171038009"/><file url="en-us_topic_0171039207.html" id="EN-US_TOPIC_0171039207" originalId="EN-US_TOPIC_0171039207"/><file url="en-us_topic_0171039208.html" id="EN-US_TOPIC_0171039208" originalId="EN-US_TOPIC_0171039208"/><file url="en-us_topic_0171057249.html" id="EN-US_TOPIC_0171057249" originalId="EN-US_TOPIC_0171057249"/><file url="en-us_topic_0170590888.html" id="EN-US_TOPIC_0170590888" originalId="EN-US_TOPIC_0170590888"/><file url="en-us_topic_0170590541.html" id="EN-US_TOPIC_0170590541" originalId="EN-US_TOPIC_0170590541"/><file url="en-us_topic_0170590542.html" id="EN-US_TOPIC_0170590542" originalId="EN-US_TOPIC_0170590542"/><file url="en-us_topic_0170590917.html" id="EN-US_TOPIC_0170590917" originalId="EN-US_TOPIC_0170590917"/><file url="en-us_topic_0170590823.html" id="EN-US_TOPIC_0170590823" originalId="EN-US_TOPIC_0170590823"/><file url="en-us_topic_0170590908.html" id="EN-US_TOPIC_0170590908" originalId="EN-US_TOPIC_0170590908"/><file url="en-us_topic_0170590736.html" id="EN-US_TOPIC_0170590736" originalId="EN-US_TOPIC_0170590736"/><file url="en-us_topic_0170590548.html" id="EN-US_TOPIC_0170590548" originalId="EN-US_TOPIC_0170590548"/><file url="en-us_topic_0170819864.html" id="EN-US_TOPIC_0170819864" originalId="EN-US_TOPIC_0170819864"/><file url="en-us_topic_0170949832.html" id="EN-US_TOPIC_0170949832" originalId="EN-US_TOPIC_0170949832"/><file url="en-us_topic_0170949844.html" id="EN-US_TOPIC_0170949844" originalId="EN-US_TOPIC_0170949844"/><file url="en-us_topic_0170949847.html" id="EN-US_TOPIC_0170949847" originalId="EN-US_TOPIC_0170949847"/><file url="en-us_topic_0170949851.html" id="EN-US_TOPIC_0170949851" originalId="EN-US_TOPIC_0170949851"/><file url="en-us_topic_0170949853.html" id="EN-US_TOPIC_0170949853" originalId="EN-US_TOPIC_0170949853"/><file url="en-us_topic_0170949855.html" id="EN-US_TOPIC_0170949855" originalId="EN-US_TOPIC_0170949855"/><file url="en-us_topic_0170949856.html" id="EN-US_TOPIC_0170949856" originalId="EN-US_TOPIC_0170949856"/><file url="en-us_topic_0173623939.html" id="EN-US_TOPIC_0173623939" originalId="EN-US_TOPIC_0173623939"/><file url="en-us_topic_0173625285.html" id="EN-US_TOPIC_0173625285" originalId="EN-US_TOPIC_0173625285"/><file url="en-us_topic_0170590493.html" id="EN-US_TOPIC_0170590493" originalId="EN-US_TOPIC_0170590493"/><file url="en-us_topic_0170590766.html" id="EN-US_TOPIC_0170590766" originalId="EN-US_TOPIC_0170590766"/><file url="en-us_topic_0170590487.html" id="EN-US_TOPIC_0170590487" originalId="EN-US_TOPIC_0170590487"/><file url="en-us_topic_0170590634.html" id="EN-US_TOPIC_0170590634" originalId="EN-US_TOPIC_0170590634"/><file url="en-us_topic_0170590901.html" id="EN-US_TOPIC_0170590901" originalId="EN-US_TOPIC_0170590901"/><file url="en-us_topic_0170590716.html" id="EN-US_TOPIC_0170590716" originalId="EN-US_TOPIC_0170590716"/><file url="en-us_topic_0170590573.html" id="EN-US_TOPIC_0170590573" originalId="EN-US_TOPIC_0170590573"/><file url="en-us_topic_0170590662.html" id="EN-US_TOPIC_0170590662" originalId="EN-US_TOPIC_0170590662"/><file url="en-us_topic_0170590859.html" id="EN-US_TOPIC_0170590859" originalId="EN-US_TOPIC_0170590859"/><file url="en-us_topic_0170590676.html" id="EN-US_TOPIC_0170590676" originalId="EN-US_TOPIC_0170590676"/><file url="en-us_topic_0170590502.html" id="EN-US_TOPIC_0170590502" originalId="EN-US_TOPIC_0170590502"/><file url="en-us_topic_0170590501.html" id="EN-US_TOPIC_0170590501" originalId="EN-US_TOPIC_0170590501"/><file url="en-us_topic_0170590857.html" id="EN-US_TOPIC_0170590857" originalId="EN-US_TOPIC_0170590857"/><file url="en-us_topic_0170590606.html" id="EN-US_TOPIC_0170590606" originalId="EN-US_TOPIC_0170590606"/><file url="en-us_topic_0170590797.html" id="EN-US_TOPIC_0170590797" originalId="EN-US_TOPIC_0170590797"/><file url="en-us_topic_0170590702.html" id="EN-US_TOPIC_0170590702" originalId="EN-US_TOPIC_0170590702"/><file url="en-us_topic_0170590881.html" id="EN-US_TOPIC_0170590881" originalId="EN-US_TOPIC_0170590881"/><file url="en-us_topic_0170590820.html" id="EN-US_TOPIC_0170590820" originalId="EN-US_TOPIC_0170590820"/><file url="en-us_topic_0170590830.html" id="EN-US_TOPIC_0170590830" originalId="EN-US_TOPIC_0170590830"/><file url="en-us_topic_0170590800.html" id="EN-US_TOPIC_0170590800" originalId="EN-US_TOPIC_0170590800"/><file url="en-us_topic_0170590664.html" id="EN-US_TOPIC_0170590664" originalId="EN-US_TOPIC_0170590664"/><file url="en-us_topic_0170590512.html" id="EN-US_TOPIC_0170590512" originalId="EN-US_TOPIC_0170590512"/><file url="en-us_topic_0170590789.html" id="EN-US_TOPIC_0170590789" originalId="EN-US_TOPIC_0170590789"/><file url="en-us_topic_0170590778.html" id="EN-US_TOPIC_0170590778" originalId="EN-US_TOPIC_0170590778"/><file url="en-us_topic_0170590905.html" id="EN-US_TOPIC_0170590905" originalId="EN-US_TOPIC_0170590905"/><file url="en-us_topic_0170590645.html" id="EN-US_TOPIC_0170590645" originalId="EN-US_TOPIC_0170590645"/><file url="en-us_topic_0170590721.html" id="EN-US_TOPIC_0170590721" originalId="EN-US_TOPIC_0170590721"/><file url="en-us_topic_0170590603.html" id="EN-US_TOPIC_0170590603" originalId="EN-US_TOPIC_0170590603"/><file url="en-us_topic_0170590504.html" id="EN-US_TOPIC_0170590504" originalId="EN-US_TOPIC_0170590504"/><file url="en-us_topic_0170590494.html" id="EN-US_TOPIC_0170590494" originalId="EN-US_TOPIC_0170590494"/><file url="en-us_topic_0170590595.html" id="EN-US_TOPIC_0170590595" originalId="EN-US_TOPIC_0170590595"/><file url="en-us_topic_0170590518.html" id="EN-US_TOPIC_0170590518" originalId="EN-US_TOPIC_0170590518"/><file url="en-us_topic_0170590543.html" id="EN-US_TOPIC_0170590543" originalId="EN-US_TOPIC_0170590543"/><file url="en-us_topic_0170590683.html" id="EN-US_TOPIC_0170590683" originalId="EN-US_TOPIC_0170590683"/><file url="en-us_topic_0170590773.html" id="EN-US_TOPIC_0170590773" originalId="EN-US_TOPIC_0170590773"/><file url="en-us_topic_0170590643.html" id="EN-US_TOPIC_0170590643" originalId="EN-US_TOPIC_0170590643"/><file url="en-us_topic_0170590641.html" id="EN-US_TOPIC_0170590641" originalId="EN-US_TOPIC_0170590641"/><file url="en-us_topic_0170590507.html" id="EN-US_TOPIC_0170590507" originalId="EN-US_TOPIC_0170590507"/><file url="en-us_topic_0170590520.html" id="EN-US_TOPIC_0170590520" originalId="EN-US_TOPIC_0170590520"/><file url="en-us_topic_0109901958.html" id="EN-US_TOPIC_0109901958" originalId="EN-US_TOPIC_0109901958"/><file url="en-us_topic_0170590772.html" id="EN-US_TOPIC_0170590772" originalId="EN-US_TOPIC_0170590772"/><file url="en-us_topic_0109901959.html" id="EN-US_TOPIC_0109901959" originalId="EN-US_TOPIC_0109901959"/><file url="en-us_topic_0170590874.html" id="EN-US_TOPIC_0170590874" originalId="EN-US_TOPIC_0170590874"/><file url="en-us_topic_0109901961.html" id="EN-US_TOPIC_0109901961" originalId="EN-US_TOPIC_0109901961"/><file url="en-us_topic_0170590815.html" id="EN-US_TOPIC_0170590815" originalId="EN-US_TOPIC_0170590815"/><file url="en-us_topic_0109901962.html" id="EN-US_TOPIC_0109901962" originalId="EN-US_TOPIC_0109901962"/><file url="en-us_topic_0170590855.html" id="EN-US_TOPIC_0170590855" originalId="EN-US_TOPIC_0170590855"/><file url="en-us_topic_0109901963.html" id="EN-US_TOPIC_0109901963" originalId="EN-US_TOPIC_0109901963"/><file url="en-us_topic_0170590476.html" id="EN-US_TOPIC_0170590476" originalId="EN-US_TOPIC_0170590476"/><file url="en-us_topic_0109901964.html" id="EN-US_TOPIC_0109901964" originalId="EN-US_TOPIC_0109901964"/><file url="en-us_topic_0170590764.html" id="EN-US_TOPIC_0170590764" originalId="EN-US_TOPIC_0170590764"/><file url="en-us_topic_0170863750.html" id="EN-US_TOPIC_0170863750" originalId="EN-US_TOPIC_0170863750"/><file url="en-us_topic_0170590492.html" id="EN-US_TOPIC_0170590492" originalId="EN-US_TOPIC_0170590492"/><file url="en-us_topic_0170590741.html" id="EN-US_TOPIC_0170590741" originalId="EN-US_TOPIC_0170590741"/><file url="en-us_topic_0159188833.html" id="EN-US_TOPIC_0159188833" originalId="EN-US_TOPIC_0159188833"/></files>