<?xml version="1.0" encoding="UTF-8"?>
<root><item number="ZH-CN_TOPIC_0173629781" projectid="896642361" sourceprojectid="" version="A-1.3" baseline="" type="topic" sourcemapnum="ZH-CN_BOOKMAP_0170590743" sourcemapversion="A-1.83"/><item number="ZH-CN_TOPIC_0173625286" projectid="896642361" sourceprojectid="" version="A-1.5" baseline="" type="topic" sourcemapnum="ZH-CN_BOOKMAP_0170590743" sourcemapversion="A-1.83"/><item number="ZH-CN_TOPIC_0173625285" projectid="896642361" sourceprojectid="" version="A-1.3" baseline="" type="topic" sourcemapnum="ZH-CN_BOOKMAP_0170590743" sourcemapversion="A-1.83"/><item number="ZH-CN_TOPIC_0173623939" projectid="896642361" sourceprojectid="" version="A-1.6" baseline="" type="topic" sourcemapnum="ZH-CN_BOOKMAP_0170590743" sourcemapversion="A-1.83"/><item number="ZH-CN_TOPIC_0173501402" projectid="896642361" sourceprojectid="" version="A-1.6" baseline="" type="topic" sourcemapnum="ZH-CN_BOOKMAP_0170590743" sourcemapversion="A-1.83"/><item number="ZH-CN_TOPIC_0173500078" projectid="896642361" sourceprojectid="" version="A-1.11" baseline="" type="topic" sourcemapnum="ZH-CN_BOOKMAP_0170590743" sourcemapversion="A-1.83"/><item number="ZH-CN_TOPIC_0173500077" projectid="896642361" sourceprojectid="" version="A-1.9" baseline="" type="topic" sourcemapnum="ZH-CN_BOOKMAP_0170590743" sourcemapversion="A-1.83"/><item number="ZH-CN_TOPIC_0173500076" projectid="896642361" sourceprojectid="" version="A-1.5" baseline="" type="topic" sourcemapnum="ZH-CN_BOOKMAP_0170590743" sourcemapversion="A-1.83"/><item number="ZH-CN_TOPIC_0173500075" projectid="896642361" sourceprojectid="" version="A-1.8" baseline="" type="topic" sourcemapnum="ZH-CN_BOOKMAP_0170590743" sourcemapversion="A-1.83"/><item number="ZH-CN_TOPIC_0173500074" projectid="896642361" sourceprojectid="" version="A-1.7" baseline="" type="topic" sourcemapnum="ZH-CN_BOOKMAP_0170590743" sourcemapversion="A-1.83"/><item number="ZH-CN_TOPIC_0171057249" projectid="896642361" sourceprojectid="" version="A-1.5" baseline="" type="topic" sourcemapnum="ZH-CN_BOOKMAP_0170590743" sourcemapversion="A-1.83"/><item number="ZH-CN_TOPIC_0171039208" projectid="896642361" sourceprojectid="" version="A-1.4" baseline="" type="topic" sourcemapnum="ZH-CN_BOOKMAP_0170590743" sourcemapversion="A-1.83"/><item number="ZH-CN_TOPIC_0171039207" projectid="896642361" sourceprojectid="" version="A-1.3" baseline="" type="topic" sourcemapnum="ZH-CN_BOOKMAP_0170590743" sourcemapversion="A-1.83"/><item number="ZH-CN_TOPIC_0171038009" projectid="896642361" sourceprojectid="" version="A-1.4" baseline="" type="topic" sourcemapnum="ZH-CN_BOOKMAP_0170590743" sourcemapversion="A-1.83"/><item number="ZH-CN_TOPIC_0171038008" projectid="896642361" sourceprojectid="" version="A-1.4" baseline="" type="topic" sourcemapnum="ZH-CN_BOOKMAP_0170590743" sourcemapversion="A-1.83"/><item number="ZH-CN_TOPIC_0171006912" projectid="896642361" sourceprojectid="" version="A-1.16" baseline="" type="topic" sourcemapnum="ZH-CN_BOOKMAP_0170590743" sourcemapversion="A-1.83"/><item number="ZH-CN_TOPIC_0170949857" projectid="896642361" sourceprojectid="" version="A-1.5" baseline="" type="topic" sourcemapnum="ZH-CN_BOOKMAP_0170590743" sourcemapversion="A-1.83"/><item number="ZH-CN_TOPIC_0170949856" projectid="896642361" sourceprojectid="" version="A-1.3" baseline="" type="topic" sourcemapnum="ZH-CN_BOOKMAP_0170590743" sourcemapversion="A-1.83"/><item number="ZH-CN_TOPIC_0170949855" projectid="896642361" sourceprojectid="" version="A-1.3" baseline="" type="topic" sourcemapnum="ZH-CN_BOOKMAP_0170590743" sourcemapversion="A-1.83"/><item number="ZH-CN_TOPIC_0170949854" projectid="896642361" sourceprojectid="" version="A-1.3" baseline="" type="topic" sourcemapnum="ZH-CN_BOOKMAP_0170590743" sourcemapversion="A-1.83"/><item number="ZH-CN_TOPIC_0170949853" projectid="896642361" sourceprojectid="" version="A-1.3" baseline="" type="topic" sourcemapnum="ZH-CN_BOOKMAP_0170590743" sourcemapversion="A-1.83"/><item number="ZH-CN_TOPIC_0170949852" projectid="896642361" sourceprojectid="" version="A-1.3" baseline="" type="topic" sourcemapnum="ZH-CN_BOOKMAP_0170590743" sourcemapversion="A-1.83"/><item number="ZH-CN_TOPIC_0170949851" projectid="896642361" sourceprojectid="" version="A-1.8" baseline="" type="topic" sourcemapnum="ZH-CN_BOOKMAP_0170590743" sourcemapversion="A-1.83"/><item number="ZH-CN_TOPIC_0170949850" projectid="896642361" sourceprojectid="" version="A-1.4" baseline="" type="topic" sourcemapnum="ZH-CN_BOOKMAP_0170590743" sourcemapversion="A-1.83"/><item number="ZH-CN_TOPIC_0170949849" projectid="896642361" sourceprojectid="" version="A-1.5" baseline="" type="topic" sourcemapnum="ZH-CN_BOOKMAP_0170590743" sourcemapversion="A-1.83"/><item number="ZH-CN_TOPIC_0170949848" projectid="896642361" sourceprojectid="" version="A-1.4" baseline="" type="topic" sourcemapnum="ZH-CN_BOOKMAP_0170590743" sourcemapversion="A-1.83"/><item number="ZH-CN_TOPIC_0170949847" projectid="896642361" sourceprojectid="" version="A-1.4" baseline="" type="topic" sourcemapnum="ZH-CN_BOOKMAP_0170590743" sourcemapversion="A-1.83"/><item number="ZH-CN_TOPIC_0170949846" projectid="896642361" sourceprojectid="" version="A-1.9" baseline="" type="topic" sourcemapnum="ZH-CN_BOOKMAP_0170590743" sourcemapversion="A-1.83"/><item number="ZH-CN_TOPIC_0170949845" projectid="896642361" sourceprojectid="" version="A-1.4" baseline="" type="topic" sourcemapnum="ZH-CN_BOOKMAP_0170590743" sourcemapversion="A-1.83"/><item number="ZH-CN_TOPIC_0170949844" projectid="896642361" sourceprojectid="" version="A-1.3" baseline="" type="topic" sourcemapnum="ZH-CN_BOOKMAP_0170590743" sourcemapversion="A-1.83"/><item number="ZH-CN_TOPIC_0170949843" projectid="896642361" sourceprojectid="" version="A-1.5" baseline="" type="topic" sourcemapnum="ZH-CN_BOOKMAP_0170590743" sourcemapversion="A-1.83"/><item number="ZH-CN_TOPIC_0170949842" projectid="896642361" sourceprojectid="" version="A-1.5" baseline="" type="topic" sourcemapnum="ZH-CN_BOOKMAP_0170590743" sourcemapversion="A-1.83"/><item number="ZH-CN_TOPIC_0170949841" projectid="896642361" sourceprojectid="" version="A-1.7" baseline="" type="topic" sourcemapnum="ZH-CN_BOOKMAP_0170590743" sourcemapversion="A-1.83"/><item number="ZH-CN_TOPIC_0170949840" projectid="896642361" sourceprojectid="" version="A-1.3" baseline="" type="topic" sourcemapnum="ZH-CN_BOOKMAP_0170590743" sourcemapversion="A-1.83"/><item number="ZH-CN_TOPIC_0170949839" projectid="896642361" sourceprojectid="" version="A-1.3" baseline="" type="topic" sourcemapnum="ZH-CN_BOOKMAP_0170590743" sourcemapversion="A-1.83"/><item number="ZH-CN_TOPIC_0170949838" projectid="896642361" sourceprojectid="" version="A-1.3" baseline="" type="topic" sourcemapnum="ZH-CN_BOOKMAP_0170590743" sourcemapversion="A-1.83"/><item number="ZH-CN_TOPIC_0170949837" projectid="896642361" sourceprojectid="" version="A-1.2" baseline="" type="topic" sourcemapnum="ZH-CN_BOOKMAP_0170590743" sourcemapversion="A-1.83"/><item number="ZH-CN_TOPIC_0170949836" projectid="896642361" sourceprojectid="" version="A-1.4" baseline="" type="topic" sourcemapnum="ZH-CN_BOOKMAP_0170590743" sourcemapversion="A-1.83"/><item number="ZH-CN_TOPIC_0170949835" projectid="896642361" sourceprojectid="" version="A-1.5" baseline="" type="topic" sourcemapnum="ZH-CN_BOOKMAP_0170590743" sourcemapversion="A-1.83"/><item number="ZH-CN_TOPIC_0170949834" projectid="896642361" sourceprojectid="" version="A-1.4" baseline="" type="topic" sourcemapnum="ZH-CN_BOOKMAP_0170590743" sourcemapversion="A-1.83"/><item number="ZH-CN_TOPIC_0170949833" projectid="896642361" sourceprojectid="" version="A-1.5" baseline="" type="topic" sourcemapnum="ZH-CN_BOOKMAP_0170590743" sourcemapversion="A-1.83"/><item number="ZH-CN_TOPIC_0170949832" projectid="896642361" sourceprojectid="" version="A-1.11" baseline="" type="topic" sourcemapnum="ZH-CN_BOOKMAP_0170590743" sourcemapversion="A-1.83"/><item number="ZH-CN_TOPIC_0170949831" projectid="896642361" sourceprojectid="" version="A-1.7" baseline="" type="topic" sourcemapnum="ZH-CN_BOOKMAP_0170590743" sourcemapversion="A-1.83"/><item number="ZH-CN_TOPIC_0170949830" projectid="896642361" sourceprojectid="" version="A-1.3" baseline="" type="topic" sourcemapnum="ZH-CN_BOOKMAP_0170590743" sourcemapversion="A-1.83"/><item number="ZH-CN_TOPIC_0170949829" projectid="896642361" sourceprojectid="" version="A-1.4" baseline="" type="topic" sourcemapnum="ZH-CN_BOOKMAP_0170590743" sourcemapversion="A-1.83"/><item number="ZH-CN_TOPIC_0170949828" projectid="896642361" sourceprojectid="" version="A-1.4" baseline="" type="topic" sourcemapnum="ZH-CN_BOOKMAP_0170590743" sourcemapversion="A-1.83"/><item number="ZH-CN_TOPIC_0170949827" projectid="896642361" sourceprojectid="" version="A-1.3" baseline="" type="topic" sourcemapnum="ZH-CN_BOOKMAP_0170590743" sourcemapversion="A-1.83"/><item number="ZH-CN_TOPIC_0170929387" projectid="896642361" sourceprojectid="" version="A-1.9" baseline="" type="topic" sourcemapnum="ZH-CN_BOOKMAP_0170590743" sourcemapversion="A-1.83"/><item number="ZH-CN_TOPIC_0170927493" projectid="896642361" sourceprojectid="" version="A-1.3" baseline="" type="topic" sourcemapnum="ZH-CN_BOOKMAP_0170590743" sourcemapversion="A-1.83"/><item number="ZH-CN_TOPIC_0170868095" projectid="896642361" sourceprojectid="" version="A-1.2" baseline="" type="topic" sourcemapnum="ZH-CN_BOOKMAP_0170590743" sourcemapversion="A-1.83"/><item number="ZH-CN_TOPIC_0170863750" projectid="896642361" sourceprojectid="" version="A-1.4" baseline="" type="topic" sourcemapnum="ZH-CN_BOOKMAP_0170590743" sourcemapversion="A-1.83"/><item number="ZH-CN_TOPIC_0170819864" projectid="896642361" sourceprojectid="" version="A-1.6" baseline="" type="topic" sourcemapnum="ZH-CN_BOOKMAP_0170590743" sourcemapversion="A-1.83"/><item number="ZH-CN_TOPIC_0170819863" projectid="896642361" sourceprojectid="" version="A-1.5" baseline="" type="topic" sourcemapnum="ZH-CN_BOOKMAP_0170590743" sourcemapversion="A-1.83"/><item number="ZH-CN_TOPIC_0170809507" projectid="896642361" sourceprojectid="" version="A-1.7" baseline="" type="topic" sourcemapnum="ZH-CN_BOOKMAP_0170590743" sourcemapversion="A-1.83"/><item number="ZH-CN_TOPIC_0170797013" projectid="896642361" sourceprojectid="" version="A-1.25" baseline="" type="topic" sourcemapnum="ZH-CN_BOOKMAP_0170590743" sourcemapversion="A-1.83"/><item number="ZH-CN_TOPIC_0170796614" projectid="896642361" sourceprojectid="" version="A-1.22" baseline="" type="topic" sourcemapnum="ZH-CN_BOOKMAP_0170590743" sourcemapversion="A-1.83"/><item number="ZH-CN_TOPIC_0170787692" projectid="896642361" sourceprojectid="" version="A-1.12" baseline="" type="topic" sourcemapnum="ZH-CN_BOOKMAP_0170590743" sourcemapversion="A-1.83"/><item number="ZH-CN_TOPIC_0170784246" projectid="896642361" sourceprojectid="" version="A-1.18" baseline="" type="topic" sourcemapnum="ZH-CN_BOOKMAP_0170590743" sourcemapversion="A-1.83"/><item number="ZH-CN_TOPIC_0170778600" projectid="896642361" sourceprojectid="" version="A-1.14" baseline="" type="topic" sourcemapnum="ZH-CN_BOOKMAP_0170590743" sourcemapversion="A-1.83"/><item number="ZH-CN_TOPIC_0170766582" projectid="896642361" sourceprojectid="" version="A-1.25" baseline="" type="topic" sourcemapnum="ZH-CN_BOOKMAP_0170590743" sourcemapversion="A-1.83"/><item number="ZH-CN_TOPIC_0170749936" projectid="896642361" sourceprojectid="" version="A-1.4" baseline="" type="topic" sourcemapnum="ZH-CN_BOOKMAP_0170590743" sourcemapversion="A-1.83"/><item number="ZH-CN_TOPIC_0170749243" projectid="896642361" sourceprojectid="" version="A-1.9" baseline="" type="topic" sourcemapnum="ZH-CN_BOOKMAP_0170590743" sourcemapversion="A-1.83"/><item number="ZH-CN_TOPIC_0170749242" projectid="896642361" sourceprojectid="" version="A-1.10" baseline="" type="topic" sourcemapnum="ZH-CN_BOOKMAP_0170590743" sourcemapversion="A-1.83"/><item number="ZH-CN_TOPIC_0170738042" projectid="896642361" sourceprojectid="" version="A-1.6" baseline="" type="topic" sourcemapnum="ZH-CN_BOOKMAP_0170590743" sourcemapversion="A-1.83"/><item number="ZH-CN_TOPIC_0170732341" projectid="896642361" sourceprojectid="" version="A-1.21" baseline="" type="topic" sourcemapnum="ZH-CN_BOOKMAP_0170590743" sourcemapversion="A-1.83"/><item number="ZH-CN_TOPIC_0170590919" projectid="896642361" sourceprojectid="" version="A-1.1" baseline="" type="topic" sourcemapnum="ZH-CN_BOOKMAP_0170590743" sourcemapversion="A-1.83"/><item number="ZH-CN_TOPIC_0170590918" projectid="896642361" sourceprojectid="" version="A-1.1" baseline="" type="topic" sourcemapnum="ZH-CN_BOOKMAP_0170590743" sourcemapversion="A-1.83"/><item number="ZH-CN_TOPIC_0170590917" projectid="896642361" sourceprojectid="" version="A-1.1" baseline="" type="topic" sourcemapnum="ZH-CN_BOOKMAP_0170590743" sourcemapversion="A-1.83"/><item number="ZH-CN_TOPIC_0170590916" projectid="896642361" sourceprojectid="" version="A-1.1" baseline="" type="topic" sourcemapnum="ZH-CN_BOOKMAP_0170590743" sourcemapversion="A-1.83"/><item number="ZH-CN_TOPIC_0170590915" projectid="896642361" sourceprojectid="" version="A-1.1" baseline="" type="topic" sourcemapnum="ZH-CN_BOOKMAP_0170590743" sourcemapversion="A-1.83"/><item number="ZH-CN_TOPIC_0170590913" projectid="896642361" sourceprojectid="" version="A-1.1" baseline="" type="topic" sourcemapnum="ZH-CN_BOOKMAP_0170590743" sourcemapversion="A-1.83"/><item number="ZH-CN_TOPIC_0170590912" projectid="896642361" sourceprojectid="" version="A-1.1" baseline="" type="topic" sourcemapnum="ZH-CN_BOOKMAP_0170590743" sourcemapversion="A-1.83"/><item number="ZH-CN_TOPIC_0170590911" projectid="896642361" sourceprojectid="" version="A-1.1" baseline="" type="topic" sourcemapnum="ZH-CN_BOOKMAP_0170590743" sourcemapversion="A-1.83"/><item number="ZH-CN_TOPIC_0170590910" projectid="896642361" sourceprojectid="" version="A-1.1" baseline="" type="topic" sourcemapnum="ZH-CN_BOOKMAP_0170590743" sourcemapversion="A-1.83"/><item number="ZH-CN_TOPIC_0170590909" projectid="896642361" sourceprojectid="" version="A-1.2" baseline="" type="topic" sourcemapnum="ZH-CN_BOOKMAP_0170590743" sourcemapversion="A-1.83"/><item number="ZH-CN_TOPIC_0170590908" projectid="896642361" sourceprojectid="" version="A-1.1" baseline="" type="topic" sourcemapnum="ZH-CN_BOOKMAP_0170590743" sourcemapversion="A-1.83"/><item number="ZH-CN_TOPIC_0170590907" projectid="896642361" sourceprojectid="" version="A-1.1" baseline="" type="topic" sourcemapnum="ZH-CN_BOOKMAP_0170590743" sourcemapversion="A-1.83"/><item number="ZH-CN_TOPIC_0170590906" projectid="896642361" sourceprojectid="" version="A-1.1" baseline="" type="topic" sourcemapnum="ZH-CN_BOOKMAP_0170590743" sourcemapversion="A-1.83"/><item number="ZH-CN_TOPIC_0170590905" projectid="896642361" sourceprojectid="" version="A-1.1" baseline="" type="topic" sourcemapnum="ZH-CN_BOOKMAP_0170590743" sourcemapversion="A-1.83"/><item number="ZH-CN_TOPIC_0170590904" projectid="896642361" sourceprojectid="" version="A-1.1" baseline="" type="topic" sourcemapnum="ZH-CN_BOOKMAP_0170590743" sourcemapversion="A-1.83"/><item number="ZH-CN_TOPIC_0170590903" projectid="896642361" sourceprojectid="" version="A-1.1" baseline="" type="topic" sourcemapnum="ZH-CN_BOOKMAP_0170590743" sourcemapversion="A-1.83"/><item number="ZH-CN_TOPIC_0170590902" projectid="896642361" sourceprojectid="" version="A-1.2" baseline="" type="topic" sourcemapnum="ZH-CN_BOOKMAP_0170590743" sourcemapversion="A-1.83"/><item number="ZH-CN_TOPIC_0170590901" projectid="896642361" sourceprojectid="" version="A-1.1" baseline="" type="topic" sourcemapnum="ZH-CN_BOOKMAP_0170590743" sourcemapversion="A-1.83"/><item number="ZH-CN_TOPIC_0170590900" projectid="896642361" sourceprojectid="" version="A-1.1" baseline="" type="topic" sourcemapnum="ZH-CN_BOOKMAP_0170590743" sourcemapversion="A-1.83"/><item number="ZH-CN_TOPIC_0170590899" projectid="896642361" sourceprojectid="" version="A-1.2" baseline="" type="topic" sourcemapnum="ZH-CN_BOOKMAP_0170590743" sourcemapversion="A-1.83"/><item number="ZH-CN_TOPIC_0170590898" projectid="896642361" sourceprojectid="" version="A-1.1" baseline="" type="topic" sourcemapnum="ZH-CN_BOOKMAP_0170590743" sourcemapversion="A-1.83"/><item number="ZH-CN_TOPIC_0170590897" projectid="896642361" sourceprojectid="" version="A-1.1" baseline="" type="topic" sourcemapnum="ZH-CN_BOOKMAP_0170590743" sourcemapversion="A-1.83"/><item number="ZH-CN_TOPIC_0170590896" projectid="896642361" sourceprojectid="" version="A-1.2" baseline="" type="topic" sourcemapnum="ZH-CN_BOOKMAP_0170590743" sourcemapversion="A-1.83"/><item number="ZH-CN_TOPIC_0170590895" projectid="896642361" sourceprojectid="" version="A-1.1" baseline="" type="topic" sourcemapnum="ZH-CN_BOOKMAP_0170590743" sourcemapversion="A-1.83"/><item number="ZH-CN_TOPIC_0170590894" projectid="896642361" sourceprojectid="" version="A-1.4" baseline="" type="topic" sourcemapnum="ZH-CN_BOOKMAP_0170590743" sourcemapversion="A-1.83"/><item number="ZH-CN_TOPIC_0170590892" projectid="896642361" sourceprojectid="" version="A-1.1" baseline="" type="topic" sourcemapnum="ZH-CN_BOOKMAP_0170590743" sourcemapversion="A-1.83"/><item number="ZH-CN_TOPIC_0170590891" projectid="896642361" sourceprojectid="" version="A-1.1" baseline="" type="topic" sourcemapnum="ZH-CN_BOOKMAP_0170590743" sourcemapversion="A-1.83"/><item number="ZH-CN_TOPIC_0170590890" projectid="896642361" sourceprojectid="" version="A-1.2" baseline="" type="topic" sourcemapnum="ZH-CN_BOOKMAP_0170590743" sourcemapversion="A-1.83"/><item number="ZH-CN_TOPIC_0170590889" projectid="896642361" sourceprojectid="" version="A-1.4" baseline="" type="topic" sourcemapnum="ZH-CN_BOOKMAP_0170590743" sourcemapversion="A-1.83"/><item number="ZH-CN_TOPIC_0170590888" projectid="896642361" sourceprojectid="" version="A-1.3" baseline="" type="topic" sourcemapnum="ZH-CN_BOOKMAP_0170590743" sourcemapversion="A-1.83"/><item number="ZH-CN_TOPIC_0170590887" projectid="896642361" sourceprojectid="" version="A-1.1" baseline="" type="topic" sourcemapnum="ZH-CN_BOOKMAP_0170590743" sourcemapversion="A-1.83"/><item number="ZH-CN_TOPIC_0170590886" projectid="896642361" sourceprojectid="" version="A-1.1" baseline="" type="topic" sourcemapnum="ZH-CN_BOOKMAP_0170590743" sourcemapversion="A-1.83"/><item number="ZH-CN_TOPIC_0170590885" projectid="896642361" sourceprojectid="" version="A-1.2" baseline="" type="topic" sourcemapnum="ZH-CN_BOOKMAP_0170590743" sourcemapversion="A-1.83"/><item number="ZH-CN_TOPIC_0170590884" projectid="896642361" sourceprojectid="" version="A-1.2" baseline="" type="topic" sourcemapnum="ZH-CN_BOOKMAP_0170590743" sourcemapversion="A-1.83"/><item number="ZH-CN_TOPIC_0170590883" projectid="896642361" sourceprojectid="" version="A-1.2" baseline="" type="topic" sourcemapnum="ZH-CN_BOOKMAP_0170590743" sourcemapversion="A-1.83"/><item number="ZH-CN_TOPIC_0170590882" projectid="896642361" sourceprojectid="" version="A-1.1" baseline="" type="topic" sourcemapnum="ZH-CN_BOOKMAP_0170590743" sourcemapversion="A-1.83"/><item number="ZH-CN_TOPIC_0170590881" projectid="896642361" sourceprojectid="" version="A-1.1" baseline="" type="topic" sourcemapnum="ZH-CN_BOOKMAP_0170590743" sourcemapversion="A-1.83"/><item number="ZH-CN_TOPIC_0170590880" projectid="896642361" sourceprojectid="" version="A-1.1" baseline="" type="topic" sourcemapnum="ZH-CN_BOOKMAP_0170590743" sourcemapversion="A-1.83"/><item number="ZH-CN_TOPIC_0170590878" projectid="896642361" sourceprojectid="" version="A-1.1" baseline="" type="topic" sourcemapnum="ZH-CN_BOOKMAP_0170590743" sourcemapversion="A-1.83"/><item number="ZH-CN_TOPIC_0170590876" projectid="896642361" sourceprojectid="" version="A-1.2" baseline="" type="topic" sourcemapnum="ZH-CN_BOOKMAP_0170590743" sourcemapversion="A-1.83"/><item number="ZH-CN_TOPIC_0170590875" projectid="896642361" sourceprojectid="" version="A-1.1" baseline="" type="topic" sourcemapnum="ZH-CN_BOOKMAP_0170590743" sourcemapversion="A-1.83"/><item number="ZH-CN_TOPIC_0170590874" projectid="896642361" sourceprojectid="" version="A-1.1" baseline="" type="topic" sourcemapnum="ZH-CN_BOOKMAP_0170590743" sourcemapversion="A-1.83"/><item number="ZH-CN_TOPIC_0170590873" projectid="896642361" sourceprojectid="" version="A-1.2" baseline="" type="topic" sourcemapnum="ZH-CN_BOOKMAP_0170590743" sourcemapversion="A-1.83"/><item number="ZH-CN_TOPIC_0170590871" projectid="896642361" sourceprojectid="" version="A-1.1" baseline="" type="topic" sourcemapnum="ZH-CN_BOOKMAP_0170590743" sourcemapversion="A-1.83"/><item number="ZH-CN_TOPIC_0170590870" projectid="896642361" sourceprojectid="" version="A-1.1" baseline="" type="topic" sourcemapnum="ZH-CN_BOOKMAP_0170590743" sourcemapversion="A-1.83"/><item number="ZH-CN_TOPIC_0170590869" projectid="896642361" sourceprojectid="" version="A-1.2" baseline="" type="topic" sourcemapnum="ZH-CN_BOOKMAP_0170590743" sourcemapversion="A-1.83"/><item number="ZH-CN_TOPIC_0170590868" projectid="896642361" sourceprojectid="" version="A-1.1" baseline="" type="topic" sourcemapnum="ZH-CN_BOOKMAP_0170590743" sourcemapversion="A-1.83"/><item number="ZH-CN_TOPIC_0170590867" projectid="896642361" sourceprojectid="" version="A-1.1" baseline="" type="topic" sourcemapnum="ZH-CN_BOOKMAP_0170590743" sourcemapversion="A-1.83"/><item number="ZH-CN_TOPIC_0170590866" projectid="896642361" sourceprojectid="" version="A-1.1" baseline="" type="topic" sourcemapnum="ZH-CN_BOOKMAP_0170590743" sourcemapversion="A-1.83"/><item number="ZH-CN_TOPIC_0170590865" projectid="896642361" sourceprojectid="" version="A-1.14" baseline="" type="topic" sourcemapnum="ZH-CN_BOOKMAP_0170590743" sourcemapversion="A-1.83"/><item number="ZH-CN_TOPIC_0170590864" projectid="896642361" sourceprojectid="" version="A-1.2" baseline="" type="topic" sourcemapnum="ZH-CN_BOOKMAP_0170590743" sourcemapversion="A-1.83"/><item number="ZH-CN_TOPIC_0170590863" projectid="896642361" sourceprojectid="" version="A-1.1" baseline="" type="topic" sourcemapnum="ZH-CN_BOOKMAP_0170590743" sourcemapversion="A-1.83"/><item number="ZH-CN_TOPIC_0170590861" projectid="896642361" sourceprojectid="" version="A-1.2" baseline="" type="topic" sourcemapnum="ZH-CN_BOOKMAP_0170590743" sourcemapversion="A-1.83"/><item number="ZH-CN_TOPIC_0170590860" projectid="896642361" sourceprojectid="" version="A-1.1" baseline="" type="topic" sourcemapnum="ZH-CN_BOOKMAP_0170590743" sourcemapversion="A-1.83"/><item number="ZH-CN_TOPIC_0170590859" projectid="896642361" sourceprojectid="" version="A-1.1" baseline="" type="topic" sourcemapnum="ZH-CN_BOOKMAP_0170590743" sourcemapversion="A-1.83"/><item number="ZH-CN_TOPIC_0170590858" projectid="896642361" sourceprojectid="" version="A-1.3" baseline="" type="topic" sourcemapnum="ZH-CN_BOOKMAP_0170590743" sourcemapversion="A-1.83"/><item number="ZH-CN_TOPIC_0170590857" projectid="896642361" sourceprojectid="" version="A-1.1" baseline="" type="topic" sourcemapnum="ZH-CN_BOOKMAP_0170590743" sourcemapversion="A-1.83"/><item number="ZH-CN_TOPIC_0170590856" projectid="896642361" sourceprojectid="" version="A-1.1" baseline="" type="topic" sourcemapnum="ZH-CN_BOOKMAP_0170590743" sourcemapversion="A-1.83"/><item number="ZH-CN_TOPIC_0170590855" projectid="896642361" sourceprojectid="" version="A-1.1" baseline="" type="topic" sourcemapnum="ZH-CN_BOOKMAP_0170590743" sourcemapversion="A-1.83"/><item number="ZH-CN_TOPIC_0170590854" projectid="896642361" sourceprojectid="" version="A-1.2" baseline="" type="topic" sourcemapnum="ZH-CN_BOOKMAP_0170590743" sourcemapversion="A-1.83"/><item number="ZH-CN_TOPIC_0170590851" projectid="896642361" sourceprojectid="" version="A-1.2" baseline="" type="topic" sourcemapnum="ZH-CN_BOOKMAP_0170590743" sourcemapversion="A-1.83"/><item number="ZH-CN_TOPIC_0170590850" projectid="896642361" sourceprojectid="" version="A-1.1" baseline="" type="topic" sourcemapnum="ZH-CN_BOOKMAP_0170590743" sourcemapversion="A-1.83"/><item number="ZH-CN_TOPIC_0170590849" projectid="896642361" sourceprojectid="" version="A-1.2" baseline="" type="topic" sourcemapnum="ZH-CN_BOOKMAP_0170590743" sourcemapversion="A-1.83"/><item number="ZH-CN_TOPIC_0170590848" projectid="896642361" sourceprojectid="" version="A-1.1" baseline="" type="topic" sourcemapnum="ZH-CN_BOOKMAP_0170590743" sourcemapversion="A-1.83"/><item number="ZH-CN_TOPIC_0170590847" projectid="896642361" sourceprojectid="" version="A-1.1" baseline="" type="topic" sourcemapnum="ZH-CN_BOOKMAP_0170590743" sourcemapversion="A-1.83"/><item number="ZH-CN_TOPIC_0170590846" projectid="896642361" sourceprojectid="" version="A-1.1" baseline="" type="topic" sourcemapnum="ZH-CN_BOOKMAP_0170590743" sourcemapversion="A-1.83"/><item number="ZH-CN_TOPIC_0170590844" projectid="896642361" sourceprojectid="" version="A-1.1" baseline="" type="topic" sourcemapnum="ZH-CN_BOOKMAP_0170590743" sourcemapversion="A-1.83"/><item number="ZH-CN_TOPIC_0170590843" projectid="896642361" sourceprojectid="" version="A-1.2" baseline="" type="topic" sourcemapnum="ZH-CN_BOOKMAP_0170590743" sourcemapversion="A-1.83"/><item number="ZH-CN_TOPIC_0170590840" projectid="896642361" sourceprojectid="" version="A-1.1" baseline="" type="topic" sourcemapnum="ZH-CN_BOOKMAP_0170590743" sourcemapversion="A-1.83"/><item number="ZH-CN_TOPIC_0170590839" projectid="896642361" sourceprojectid="" version="A-1.2" baseline="" type="topic" sourcemapnum="ZH-CN_BOOKMAP_0170590743" sourcemapversion="A-1.83"/><item number="ZH-CN_TOPIC_0170590838" projectid="896642361" sourceprojectid="" version="A-1.1" baseline="" type="topic" sourcemapnum="ZH-CN_BOOKMAP_0170590743" sourcemapversion="A-1.83"/><item number="ZH-CN_TOPIC_0170590837" projectid="896642361" sourceprojectid="" version="A-1.1" baseline="" type="topic" sourcemapnum="ZH-CN_BOOKMAP_0170590743" sourcemapversion="A-1.83"/><item number="ZH-CN_TOPIC_0170590836" projectid="896642361" sourceprojectid="" version="A-1.3" baseline="" type="topic" sourcemapnum="ZH-CN_BOOKMAP_0170590743" sourcemapversion="A-1.83"/><item number="ZH-CN_TOPIC_0170590835" projectid="896642361" sourceprojectid="" version="A-1.2" baseline="" type="topic" sourcemapnum="ZH-CN_BOOKMAP_0170590743" sourcemapversion="A-1.83"/><item number="ZH-CN_TOPIC_0170590834" projectid="896642361" sourceprojectid="" version="A-1.1" baseline="" type="topic" sourcemapnum="ZH-CN_BOOKMAP_0170590743" sourcemapversion="A-1.83"/><item number="ZH-CN_TOPIC_0170590833" projectid="896642361" sourceprojectid="" version="A-1.1" baseline="" type="topic" sourcemapnum="ZH-CN_BOOKMAP_0170590743" sourcemapversion="A-1.83"/><item number="ZH-CN_TOPIC_0170590832" projectid="896642361" sourceprojectid="" version="A-1.2" baseline="" type="topic" sourcemapnum="ZH-CN_BOOKMAP_0170590743" sourcemapversion="A-1.83"/><item number="ZH-CN_TOPIC_0170590831" projectid="896642361" sourceprojectid="" version="A-1.1" baseline="" type="topic" sourcemapnum="ZH-CN_BOOKMAP_0170590743" sourcemapversion="A-1.83"/><item number="ZH-CN_TOPIC_0170590830" projectid="896642361" sourceprojectid="" version="A-1.1" baseline="" type="topic" sourcemapnum="ZH-CN_BOOKMAP_0170590743" sourcemapversion="A-1.83"/><item number="ZH-CN_TOPIC_0170590828" projectid="896642361" sourceprojectid="" version="A-1.1" baseline="" type="topic" sourcemapnum="ZH-CN_BOOKMAP_0170590743" sourcemapversion="A-1.83"/><item number="ZH-CN_TOPIC_0170590827" projectid="896642361" sourceprojectid="" version="A-1.5" baseline="" type="topic" sourcemapnum="ZH-CN_BOOKMAP_0170590743" sourcemapversion="A-1.83"/><item number="ZH-CN_TOPIC_0170590826" projectid="896642361" sourceprojectid="" version="A-1.1" baseline="" type="topic" sourcemapnum="ZH-CN_BOOKMAP_0170590743" sourcemapversion="A-1.83"/><item number="ZH-CN_TOPIC_0170590825" projectid="896642361" sourceprojectid="" version="A-1.1" baseline="" type="topic" sourcemapnum="ZH-CN_BOOKMAP_0170590743" sourcemapversion="A-1.83"/><item number="ZH-CN_TOPIC_0170590824" projectid="896642361" sourceprojectid="" version="A-1.1" baseline="" type="topic" sourcemapnum="ZH-CN_BOOKMAP_0170590743" sourcemapversion="A-1.83"/><item number="ZH-CN_TOPIC_0170590823" projectid="896642361" sourceprojectid="" version="A-1.2" baseline="" type="topic" sourcemapnum="ZH-CN_BOOKMAP_0170590743" sourcemapversion="A-1.83"/><item number="ZH-CN_TOPIC_0170590822" projectid="896642361" sourceprojectid="" version="A-1.2" baseline="" type="topic" sourcemapnum="ZH-CN_BOOKMAP_0170590743" sourcemapversion="A-1.83"/><item number="ZH-CN_TOPIC_0170590820" projectid="896642361" sourceprojectid="" version="A-1.1" baseline="" type="topic" sourcemapnum="ZH-CN_BOOKMAP_0170590743" sourcemapversion="A-1.83"/><item number="ZH-CN_TOPIC_0170590819" projectid="896642361" sourceprojectid="" version="A-1.1" baseline="" type="topic" sourcemapnum="ZH-CN_BOOKMAP_0170590743" sourcemapversion="A-1.83"/><item number="ZH-CN_TOPIC_0170590818" projectid="896642361" sourceprojectid="" version="A-1.2" baseline="" type="topic" sourcemapnum="ZH-CN_BOOKMAP_0170590743" sourcemapversion="A-1.83"/><item number="ZH-CN_TOPIC_0170590817" projectid="896642361" sourceprojectid="" version="A-1.2" baseline="" type="topic" sourcemapnum="ZH-CN_BOOKMAP_0170590743" sourcemapversion="A-1.83"/><item number="ZH-CN_TOPIC_0170590816" projectid="896642361" sourceprojectid="" version="A-1.1" baseline="" type="topic" sourcemapnum="ZH-CN_BOOKMAP_0170590743" sourcemapversion="A-1.83"/><item number="ZH-CN_TOPIC_0170590815" projectid="896642361" sourceprojectid="" version="A-1.1" baseline="" type="topic" sourcemapnum="ZH-CN_BOOKMAP_0170590743" sourcemapversion="A-1.83"/><item number="ZH-CN_TOPIC_0170590814" projectid="896642361" sourceprojectid="" version="A-1.1" baseline="" type="topic" sourcemapnum="ZH-CN_BOOKMAP_0170590743" sourcemapversion="A-1.83"/><item number="ZH-CN_TOPIC_0170590812" projectid="896642361" sourceprojectid="" version="A-1.2" baseline="" type="topic" sourcemapnum="ZH-CN_BOOKMAP_0170590743" sourcemapversion="A-1.83"/><item number="ZH-CN_TOPIC_0170590811" projectid="896642361" sourceprojectid="" version="A-1.2" baseline="" type="topic" sourcemapnum="ZH-CN_BOOKMAP_0170590743" sourcemapversion="A-1.83"/><item number="ZH-CN_TOPIC_0170590810" projectid="896642361" sourceprojectid="" version="A-1.1" baseline="" type="topic" sourcemapnum="ZH-CN_BOOKMAP_0170590743" sourcemapversion="A-1.83"/><item number="ZH-CN_TOPIC_0170590809" projectid="896642361" sourceprojectid="" version="A-1.1" baseline="" type="topic" sourcemapnum="ZH-CN_BOOKMAP_0170590743" sourcemapversion="A-1.83"/><item number="ZH-CN_TOPIC_0170590808" projectid="896642361" sourceprojectid="" version="A-1.1" baseline="" type="topic" sourcemapnum="ZH-CN_BOOKMAP_0170590743" sourcemapversion="A-1.83"/><item number="ZH-CN_TOPIC_0170590807" projectid="896642361" sourceprojectid="" version="A-1.2" baseline="" type="topic" sourcemapnum="ZH-CN_BOOKMAP_0170590743" sourcemapversion="A-1.83"/><item number="ZH-CN_TOPIC_0170590805" projectid="896642361" sourceprojectid="" version="A-1.2" baseline="" type="topic" sourcemapnum="ZH-CN_BOOKMAP_0170590743" sourcemapversion="A-1.83"/><item number="ZH-CN_TOPIC_0170590804" projectid="896642361" sourceprojectid="" version="A-1.1" baseline="" type="topic" sourcemapnum="ZH-CN_BOOKMAP_0170590743" sourcemapversion="A-1.83"/><item number="ZH-CN_TOPIC_0170590803" projectid="896642361" sourceprojectid="" version="A-1.1" baseline="" type="topic" sourcemapnum="ZH-CN_BOOKMAP_0170590743" sourcemapversion="A-1.83"/><item number="ZH-CN_TOPIC_0170590801" projectid="896642361" sourceprojectid="" version="A-1.1" baseline="" type="topic" sourcemapnum="ZH-CN_BOOKMAP_0170590743" sourcemapversion="A-1.83"/><item number="ZH-CN_TOPIC_0170590800" projectid="896642361" sourceprojectid="" version="A-1.1" baseline="" type="topic" sourcemapnum="ZH-CN_BOOKMAP_0170590743" sourcemapversion="A-1.83"/><item number="ZH-CN_TOPIC_0170590799" projectid="896642361" sourceprojectid="" version="A-1.2" baseline="" type="topic" sourcemapnum="ZH-CN_BOOKMAP_0170590743" sourcemapversion="A-1.83"/><item number="ZH-CN_TOPIC_0170590798" projectid="896642361" sourceprojectid="" version="A-1.1" baseline="" type="topic" sourcemapnum="ZH-CN_BOOKMAP_0170590743" sourcemapversion="A-1.83"/><item number="ZH-CN_TOPIC_0170590797" projectid="896642361" sourceprojectid="" version="A-1.1" baseline="" type="topic" sourcemapnum="ZH-CN_BOOKMAP_0170590743" sourcemapversion="A-1.83"/><item number="ZH-CN_TOPIC_0170590796" projectid="896642361" sourceprojectid="" version="A-1.1" baseline="" type="topic" sourcemapnum="ZH-CN_BOOKMAP_0170590743" sourcemapversion="A-1.83"/><item number="ZH-CN_TOPIC_0170590795" projectid="896642361" sourceprojectid="" version="A-1.3" baseline="" type="topic" sourcemapnum="ZH-CN_BOOKMAP_0170590743" sourcemapversion="A-1.83"/><item number="ZH-CN_TOPIC_0170590794" projectid="896642361" sourceprojectid="" version="A-1.1" baseline="" type="topic" sourcemapnum="ZH-CN_BOOKMAP_0170590743" sourcemapversion="A-1.83"/><item number="ZH-CN_TOPIC_0170590793" projectid="896642361" sourceprojectid="" version="A-1.1" baseline="" type="topic" sourcemapnum="ZH-CN_BOOKMAP_0170590743" sourcemapversion="A-1.83"/><item number="ZH-CN_TOPIC_0170590792" projectid="896642361" sourceprojectid="" version="A-1.2" baseline="" type="topic" sourcemapnum="ZH-CN_BOOKMAP_0170590743" sourcemapversion="A-1.83"/><item number="ZH-CN_TOPIC_0170590791" projectid="896642361" sourceprojectid="" version="A-1.1" baseline="" type="topic" sourcemapnum="ZH-CN_BOOKMAP_0170590743" sourcemapversion="A-1.83"/><item number="ZH-CN_TOPIC_0170590790" projectid="896642361" sourceprojectid="" version="A-1.1" baseline="" type="topic" sourcemapnum="ZH-CN_BOOKMAP_0170590743" sourcemapversion="A-1.83"/><item number="ZH-CN_TOPIC_0170590789" projectid="896642361" sourceprojectid="" version="A-1.1" baseline="" type="topic" sourcemapnum="ZH-CN_BOOKMAP_0170590743" sourcemapversion="A-1.83"/><item number="ZH-CN_TOPIC_0170590788" projectid="896642361" sourceprojectid="" version="A-1.1" baseline="" type="topic" sourcemapnum="ZH-CN_BOOKMAP_0170590743" sourcemapversion="A-1.83"/><item number="ZH-CN_TOPIC_0170590786" projectid="896642361" sourceprojectid="" version="A-1.1" baseline="" type="topic" sourcemapnum="ZH-CN_BOOKMAP_0170590743" sourcemapversion="A-1.83"/><item number="ZH-CN_TOPIC_0170590785" projectid="896642361" sourceprojectid="" version="A-1.2" baseline="" type="topic" sourcemapnum="ZH-CN_BOOKMAP_0170590743" sourcemapversion="A-1.83"/><item number="ZH-CN_TOPIC_0170590784" projectid="896642361" sourceprojectid="" version="A-1.1" baseline="" type="topic" sourcemapnum="ZH-CN_BOOKMAP_0170590743" sourcemapversion="A-1.83"/><item number="ZH-CN_TOPIC_0170590783" projectid="896642361" sourceprojectid="" version="A-1.2" baseline="" type="topic" sourcemapnum="ZH-CN_BOOKMAP_0170590743" sourcemapversion="A-1.83"/><item number="ZH-CN_TOPIC_0170590782" projectid="896642361" sourceprojectid="" version="A-1.4" baseline="" type="topic" sourcemapnum="ZH-CN_BOOKMAP_0170590743" sourcemapversion="A-1.83"/><item number="ZH-CN_TOPIC_0170590781" projectid="896642361" sourceprojectid="" version="A-1.2" baseline="" type="topic" sourcemapnum="ZH-CN_BOOKMAP_0170590743" sourcemapversion="A-1.83"/><item number="ZH-CN_TOPIC_0170590780" projectid="896642361" sourceprojectid="" version="A-1.2" baseline="" type="topic" sourcemapnum="ZH-CN_BOOKMAP_0170590743" sourcemapversion="A-1.83"/><item number="ZH-CN_TOPIC_0170590779" projectid="896642361" sourceprojectid="" version="A-1.1" baseline="" type="topic" sourcemapnum="ZH-CN_BOOKMAP_0170590743" sourcemapversion="A-1.83"/><item number="ZH-CN_TOPIC_0170590778" projectid="896642361" sourceprojectid="" version="A-1.1" baseline="" type="topic" sourcemapnum="ZH-CN_BOOKMAP_0170590743" sourcemapversion="A-1.83"/><item number="ZH-CN_TOPIC_0170590777" projectid="896642361" sourceprojectid="" version="A-1.2" baseline="" type="topic" sourcemapnum="ZH-CN_BOOKMAP_0170590743" sourcemapversion="A-1.83"/><item number="ZH-CN_TOPIC_0170590776" projectid="896642361" sourceprojectid="" version="A-1.1" baseline="" type="topic" sourcemapnum="ZH-CN_BOOKMAP_0170590743" sourcemapversion="A-1.83"/><item number="ZH-CN_TOPIC_0170590775" projectid="896642361" sourceprojectid="" version="A-1.4" baseline="" type="topic" sourcemapnum="ZH-CN_BOOKMAP_0170590743" sourcemapversion="A-1.83"/><item number="ZH-CN_TOPIC_0170590773" projectid="896642361" sourceprojectid="" version="A-1.1" baseline="" type="topic" sourcemapnum="ZH-CN_BOOKMAP_0170590743" sourcemapversion="A-1.83"/><item number="ZH-CN_TOPIC_0170590772" projectid="896642361" sourceprojectid="" version="A-1.1" baseline="" type="topic" sourcemapnum="ZH-CN_BOOKMAP_0170590743" sourcemapversion="A-1.83"/><item number="ZH-CN_TOPIC_0170590771" projectid="896642361" sourceprojectid="" version="A-1.3" baseline="" type="topic" sourcemapnum="ZH-CN_BOOKMAP_0170590743" sourcemapversion="A-1.83"/><item number="ZH-CN_TOPIC_0170590770" projectid="896642361" sourceprojectid="" version="A-1.2" baseline="" type="topic" sourcemapnum="ZH-CN_BOOKMAP_0170590743" sourcemapversion="A-1.83"/><item number="ZH-CN_TOPIC_0170590769" projectid="896642361" sourceprojectid="" version="A-1.2" baseline="" type="topic" sourcemapnum="ZH-CN_BOOKMAP_0170590743" sourcemapversion="A-1.83"/><item number="ZH-CN_TOPIC_0170590768" projectid="896642361" sourceprojectid="" version="A-1.4" baseline="" type="topic" sourcemapnum="ZH-CN_BOOKMAP_0170590743" sourcemapversion="A-1.83"/><item number="ZH-CN_TOPIC_0170590767" projectid="896642361" sourceprojectid="" version="A-1.1" baseline="" type="topic" sourcemapnum="ZH-CN_BOOKMAP_0170590743" sourcemapversion="A-1.83"/><item number="ZH-CN_TOPIC_0170590766" projectid="896642361" sourceprojectid="" version="A-1.1" baseline="" type="topic" sourcemapnum="ZH-CN_BOOKMAP_0170590743" sourcemapversion="A-1.83"/><item number="ZH-CN_TOPIC_0170590765" projectid="896642361" sourceprojectid="" version="A-1.1" baseline="" type="topic" sourcemapnum="ZH-CN_BOOKMAP_0170590743" sourcemapversion="A-1.83"/><item number="ZH-CN_TOPIC_0170590764" projectid="896642361" sourceprojectid="" version="A-1.1" baseline="" type="topic" sourcemapnum="ZH-CN_BOOKMAP_0170590743" sourcemapversion="A-1.83"/><item number="ZH-CN_TOPIC_0170590762" projectid="896642361" sourceprojectid="" version="A-1.4" baseline="" type="topic" sourcemapnum="ZH-CN_BOOKMAP_0170590743" sourcemapversion="A-1.83"/><item number="ZH-CN_TOPIC_0170590761" projectid="896642361" sourceprojectid="" version="A-1.3" baseline="" type="topic" sourcemapnum="ZH-CN_BOOKMAP_0170590743" sourcemapversion="A-1.83"/><item number="ZH-CN_TOPIC_0170590760" projectid="896642361" sourceprojectid="" version="A-1.1" baseline="" type="topic" sourcemapnum="ZH-CN_BOOKMAP_0170590743" sourcemapversion="A-1.83"/><item number="ZH-CN_TOPIC_0170590759" projectid="896642361" sourceprojectid="" version="A-1.1" baseline="" type="topic" sourcemapnum="ZH-CN_BOOKMAP_0170590743" sourcemapversion="A-1.83"/><item number="ZH-CN_TOPIC_0170590758" projectid="896642361" sourceprojectid="" version="A-1.1" baseline="" type="topic" sourcemapnum="ZH-CN_BOOKMAP_0170590743" sourcemapversion="A-1.83"/><item number="ZH-CN_TOPIC_0170590757" projectid="896642361" sourceprojectid="" version="A-1.2" baseline="" type="topic" sourcemapnum="ZH-CN_BOOKMAP_0170590743" sourcemapversion="A-1.83"/><item number="ZH-CN_TOPIC_0170590756" projectid="896642361" sourceprojectid="" version="A-1.1" baseline="" type="topic" sourcemapnum="ZH-CN_BOOKMAP_0170590743" sourcemapversion="A-1.83"/><item number="ZH-CN_TOPIC_0170590754" projectid="896642361" sourceprojectid="" version="A-1.2" baseline="" type="topic" sourcemapnum="ZH-CN_BOOKMAP_0170590743" sourcemapversion="A-1.83"/><item number="ZH-CN_TOPIC_0170590753" projectid="896642361" sourceprojectid="" version="A-1.3" baseline="" type="topic" sourcemapnum="ZH-CN_BOOKMAP_0170590743" sourcemapversion="A-1.83"/><item number="ZH-CN_TOPIC_0170590752" projectid="896642361" sourceprojectid="" version="A-1.1" baseline="" type="topic" sourcemapnum="ZH-CN_BOOKMAP_0170590743" sourcemapversion="A-1.83"/><item number="ZH-CN_TOPIC_0170590751" projectid="896642361" sourceprojectid="" version="A-1.1" baseline="" type="topic" sourcemapnum="ZH-CN_BOOKMAP_0170590743" sourcemapversion="A-1.83"/><item number="ZH-CN_TOPIC_0170590750" projectid="896642361" sourceprojectid="" version="A-1.4" baseline="" type="topic" sourcemapnum="ZH-CN_BOOKMAP_0170590743" sourcemapversion="A-1.83"/><item number="ZH-CN_TOPIC_0170590749" projectid="896642361" sourceprojectid="" version="A-1.1" baseline="" type="topic" sourcemapnum="ZH-CN_BOOKMAP_0170590743" sourcemapversion="A-1.83"/><item number="ZH-CN_TOPIC_0170590748" projectid="896642361" sourceprojectid="" version="A-1.1" baseline="" type="topic" sourcemapnum="ZH-CN_BOOKMAP_0170590743" sourcemapversion="A-1.83"/><item number="ZH-CN_TOPIC_0170590747" projectid="896642361" sourceprojectid="" version="A-1.1" baseline="" type="topic" sourcemapnum="ZH-CN_BOOKMAP_0170590743" sourcemapversion="A-1.83"/><item number="ZH-CN_TOPIC_0170590745" projectid="896642361" sourceprojectid="" version="A-1.1" baseline="" type="topic" sourcemapnum="ZH-CN_BOOKMAP_0170590743" sourcemapversion="A-1.83"/><item number="ZH-CN_TOPIC_0170590744" projectid="896642361" sourceprojectid="" version="A-1.1" baseline="" type="topic" sourcemapnum="ZH-CN_BOOKMAP_0170590743" sourcemapversion="A-1.83"/><item number="ZH-CN_TOPIC_0170590742" projectid="896642361" sourceprojectid="" version="A-1.1" baseline="" type="topic" sourcemapnum="ZH-CN_BOOKMAP_0170590743" sourcemapversion="A-1.83"/><item number="ZH-CN_TOPIC_0170590741" projectid="896642361" sourceprojectid="" version="A-1.1" baseline="" type="topic" sourcemapnum="ZH-CN_BOOKMAP_0170590743" sourcemapversion="A-1.83"/><item number="ZH-CN_TOPIC_0170590740" projectid="896642361" sourceprojectid="" version="A-1.1" baseline="" type="topic" sourcemapnum="ZH-CN_BOOKMAP_0170590743" sourcemapversion="A-1.83"/><item number="ZH-CN_TOPIC_0170590739" projectid="896642361" sourceprojectid="" version="A-1.1" baseline="" type="topic" sourcemapnum="ZH-CN_BOOKMAP_0170590743" sourcemapversion="A-1.83"/><item number="ZH-CN_TOPIC_0170590738" projectid="896642361" sourceprojectid="" version="A-1.2" baseline="" type="topic" sourcemapnum="ZH-CN_BOOKMAP_0170590743" sourcemapversion="A-1.83"/><item number="ZH-CN_TOPIC_0170590737" projectid="896642361" sourceprojectid="" version="A-1.2" baseline="" type="topic" sourcemapnum="ZH-CN_BOOKMAP_0170590743" sourcemapversion="A-1.83"/><item number="ZH-CN_TOPIC_0170590736" projectid="896642361" sourceprojectid="" version="A-1.1" baseline="" type="topic" sourcemapnum="ZH-CN_BOOKMAP_0170590743" sourcemapversion="A-1.83"/><item number="ZH-CN_TOPIC_0170590734" projectid="896642361" sourceprojectid="" version="A-1.1" baseline="" type="topic" sourcemapnum="ZH-CN_BOOKMAP_0170590743" sourcemapversion="A-1.83"/><item number="ZH-CN_TOPIC_0170590733" projectid="896642361" sourceprojectid="" version="A-1.1" baseline="" type="topic" sourcemapnum="ZH-CN_BOOKMAP_0170590743" sourcemapversion="A-1.83"/><item number="ZH-CN_TOPIC_0170590731" projectid="896642361" sourceprojectid="" version="A-1.1" baseline="" type="topic" sourcemapnum="ZH-CN_BOOKMAP_0170590743" sourcemapversion="A-1.83"/><item number="ZH-CN_TOPIC_0170590730" projectid="896642361" sourceprojectid="" version="A-1.1" baseline="" type="topic" sourcemapnum="ZH-CN_BOOKMAP_0170590743" sourcemapversion="A-1.83"/><item number="ZH-CN_TOPIC_0170590729" projectid="896642361" sourceprojectid="" version="A-1.1" baseline="" type="topic" sourcemapnum="ZH-CN_BOOKMAP_0170590743" sourcemapversion="A-1.83"/><item number="ZH-CN_TOPIC_0170590728" projectid="896642361" sourceprojectid="" version="A-1.1" baseline="" type="topic" sourcemapnum="ZH-CN_BOOKMAP_0170590743" sourcemapversion="A-1.83"/><item number="ZH-CN_TOPIC_0170590727" projectid="896642361" sourceprojectid="" version="A-1.2" baseline="" type="topic" sourcemapnum="ZH-CN_BOOKMAP_0170590743" sourcemapversion="A-1.83"/><item number="ZH-CN_TOPIC_0170590726" projectid="896642361" sourceprojectid="" version="A-1.1" baseline="" type="topic" sourcemapnum="ZH-CN_BOOKMAP_0170590743" sourcemapversion="A-1.83"/><item number="ZH-CN_TOPIC_0170590724" projectid="896642361" sourceprojectid="" version="A-1.2" baseline="" type="topic" sourcemapnum="ZH-CN_BOOKMAP_0170590743" sourcemapversion="A-1.83"/><item number="ZH-CN_TOPIC_0170590723" projectid="896642361" sourceprojectid="" version="A-1.2" baseline="" type="topic" sourcemapnum="ZH-CN_BOOKMAP_0170590743" sourcemapversion="A-1.83"/><item number="ZH-CN_TOPIC_0170590722" projectid="896642361" sourceprojectid="" version="A-1.2" baseline="" type="topic" sourcemapnum="ZH-CN_BOOKMAP_0170590743" sourcemapversion="A-1.83"/><item number="ZH-CN_TOPIC_0170590721" projectid="896642361" sourceprojectid="" version="A-1.1" baseline="" type="topic" sourcemapnum="ZH-CN_BOOKMAP_0170590743" sourcemapversion="A-1.83"/><item number="ZH-CN_TOPIC_0170590719" projectid="896642361" sourceprojectid="" version="A-1.1" baseline="" type="topic" sourcemapnum="ZH-CN_BOOKMAP_0170590743" sourcemapversion="A-1.83"/><item number="ZH-CN_TOPIC_0170590718" projectid="896642361" sourceprojectid="" version="A-1.3" baseline="" type="topic" sourcemapnum="ZH-CN_BOOKMAP_0170590743" sourcemapversion="A-1.83"/><item number="ZH-CN_TOPIC_0170590717" projectid="896642361" sourceprojectid="" version="A-1.2" baseline="" type="topic" sourcemapnum="ZH-CN_BOOKMAP_0170590743" sourcemapversion="A-1.83"/><item number="ZH-CN_TOPIC_0170590716" projectid="896642361" sourceprojectid="" version="A-1.1" baseline="" type="topic" sourcemapnum="ZH-CN_BOOKMAP_0170590743" sourcemapversion="A-1.83"/><item number="ZH-CN_TOPIC_0170590715" projectid="896642361" sourceprojectid="" version="A-1.3" baseline="" type="topic" sourcemapnum="ZH-CN_BOOKMAP_0170590743" sourcemapversion="A-1.83"/><item number="ZH-CN_TOPIC_0170590714" projectid="896642361" sourceprojectid="" version="A-1.4" baseline="" type="topic" sourcemapnum="ZH-CN_BOOKMAP_0170590743" sourcemapversion="A-1.83"/><item number="ZH-CN_TOPIC_0170590713" projectid="896642361" sourceprojectid="" version="A-1.1" baseline="" type="topic" sourcemapnum="ZH-CN_BOOKMAP_0170590743" sourcemapversion="A-1.83"/><item number="ZH-CN_TOPIC_0170590712" projectid="896642361" sourceprojectid="" version="A-1.4" baseline="" type="topic" sourcemapnum="ZH-CN_BOOKMAP_0170590743" sourcemapversion="A-1.83"/><item number="ZH-CN_TOPIC_0170590711" projectid="896642361" sourceprojectid="" version="A-1.1" baseline="" type="topic" sourcemapnum="ZH-CN_BOOKMAP_0170590743" sourcemapversion="A-1.83"/><item number="ZH-CN_TOPIC_0170590710" projectid="896642361" sourceprojectid="" version="A-1.1" baseline="" type="topic" sourcemapnum="ZH-CN_BOOKMAP_0170590743" sourcemapversion="A-1.83"/><item number="ZH-CN_TOPIC_0170590708" projectid="896642361" sourceprojectid="" version="A-1.1" baseline="" type="topic" sourcemapnum="ZH-CN_BOOKMAP_0170590743" sourcemapversion="A-1.83"/><item number="ZH-CN_TOPIC_0170590707" projectid="896642361" sourceprojectid="" version="A-1.1" baseline="" type="topic" sourcemapnum="ZH-CN_BOOKMAP_0170590743" sourcemapversion="A-1.83"/><item number="ZH-CN_TOPIC_0170590706" projectid="896642361" sourceprojectid="" version="A-1.2" baseline="" type="topic" sourcemapnum="ZH-CN_BOOKMAP_0170590743" sourcemapversion="A-1.83"/><item number="ZH-CN_TOPIC_0170590705" projectid="896642361" sourceprojectid="" version="A-1.1" baseline="" type="topic" sourcemapnum="ZH-CN_BOOKMAP_0170590743" sourcemapversion="A-1.83"/><item number="ZH-CN_TOPIC_0170590704" projectid="896642361" sourceprojectid="" version="A-1.2" baseline="" type="topic" sourcemapnum="ZH-CN_BOOKMAP_0170590743" sourcemapversion="A-1.83"/><item number="ZH-CN_TOPIC_0170590703" projectid="896642361" sourceprojectid="" version="A-1.1" baseline="" type="topic" sourcemapnum="ZH-CN_BOOKMAP_0170590743" sourcemapversion="A-1.83"/><item number="ZH-CN_TOPIC_0170590702" projectid="896642361" sourceprojectid="" version="A-1.1" baseline="" type="topic" sourcemapnum="ZH-CN_BOOKMAP_0170590743" sourcemapversion="A-1.83"/><item number="ZH-CN_TOPIC_0170590701" projectid="896642361" sourceprojectid="" version="A-1.1" baseline="" type="topic" sourcemapnum="ZH-CN_BOOKMAP_0170590743" sourcemapversion="A-1.83"/><item number="ZH-CN_TOPIC_0170590700" projectid="896642361" sourceprojectid="" version="A-1.1" baseline="" type="topic" sourcemapnum="ZH-CN_BOOKMAP_0170590743" sourcemapversion="A-1.83"/><item number="ZH-CN_TOPIC_0170590699" projectid="896642361" sourceprojectid="" version="A-1.1" baseline="" type="topic" sourcemapnum="ZH-CN_BOOKMAP_0170590743" sourcemapversion="A-1.83"/><item number="ZH-CN_TOPIC_0170590698" projectid="896642361" sourceprojectid="" version="A-1.1" baseline="" type="topic" sourcemapnum="ZH-CN_BOOKMAP_0170590743" sourcemapversion="A-1.83"/><item number="ZH-CN_TOPIC_0170590696" projectid="896642361" sourceprojectid="" version="A-1.1" baseline="" type="topic" sourcemapnum="ZH-CN_BOOKMAP_0170590743" sourcemapversion="A-1.83"/><item number="ZH-CN_TOPIC_0170590694" projectid="896642361" sourceprojectid="" version="A-1.1" baseline="" type="topic" sourcemapnum="ZH-CN_BOOKMAP_0170590743" sourcemapversion="A-1.83"/><item number="ZH-CN_TOPIC_0170590693" projectid="896642361" sourceprojectid="" version="A-1.2" baseline="" type="topic" sourcemapnum="ZH-CN_BOOKMAP_0170590743" sourcemapversion="A-1.83"/><item number="ZH-CN_TOPIC_0170590692" projectid="896642361" sourceprojectid="" version="A-1.1" baseline="" type="topic" sourcemapnum="ZH-CN_BOOKMAP_0170590743" sourcemapversion="A-1.83"/><item number="ZH-CN_TOPIC_0170590691" projectid="896642361" sourceprojectid="" version="A-1.1" baseline="" type="topic" sourcemapnum="ZH-CN_BOOKMAP_0170590743" sourcemapversion="A-1.83"/><item number="ZH-CN_TOPIC_0170590689" projectid="896642361" sourceprojectid="" version="A-1.7" baseline="" type="topic" sourcemapnum="ZH-CN_BOOKMAP_0170590743" sourcemapversion="A-1.83"/><item number="ZH-CN_TOPIC_0170590687" projectid="896642361" sourceprojectid="" version="A-1.9" baseline="" type="topic" sourcemapnum="ZH-CN_BOOKMAP_0170590743" sourcemapversion="A-1.83"/><item number="ZH-CN_TOPIC_0170590685" projectid="896642361" sourceprojectid="" version="A-1.1" baseline="" type="topic" sourcemapnum="ZH-CN_BOOKMAP_0170590743" sourcemapversion="A-1.83"/><item number="ZH-CN_TOPIC_0170590684" projectid="896642361" sourceprojectid="" version="A-1.1" baseline="" type="topic" sourcemapnum="ZH-CN_BOOKMAP_0170590743" sourcemapversion="A-1.83"/><item number="ZH-CN_TOPIC_0170590683" projectid="896642361" sourceprojectid="" version="A-1.1" baseline="" type="topic" sourcemapnum="ZH-CN_BOOKMAP_0170590743" sourcemapversion="A-1.83"/><item number="ZH-CN_TOPIC_0170590682" projectid="896642361" sourceprojectid="" version="A-1.1" baseline="" type="topic" sourcemapnum="ZH-CN_BOOKMAP_0170590743" sourcemapversion="A-1.83"/><item number="ZH-CN_TOPIC_0170590681" projectid="896642361" sourceprojectid="" version="A-1.3" baseline="" type="topic" sourcemapnum="ZH-CN_BOOKMAP_0170590743" sourcemapversion="A-1.83"/><item number="ZH-CN_TOPIC_0170590680" projectid="896642361" sourceprojectid="" version="A-1.2" baseline="" type="topic" sourcemapnum="ZH-CN_BOOKMAP_0170590743" sourcemapversion="A-1.83"/><item number="ZH-CN_TOPIC_0170590679" projectid="896642361" sourceprojectid="" version="A-1.1" baseline="" type="topic" sourcemapnum="ZH-CN_BOOKMAP_0170590743" sourcemapversion="A-1.83"/><item number="ZH-CN_TOPIC_0170590678" projectid="896642361" sourceprojectid="" version="A-1.1" baseline="" type="topic" sourcemapnum="ZH-CN_BOOKMAP_0170590743" sourcemapversion="A-1.83"/><item number="ZH-CN_TOPIC_0170590677" projectid="896642361" sourceprojectid="" version="A-1.2" baseline="" type="topic" sourcemapnum="ZH-CN_BOOKMAP_0170590743" sourcemapversion="A-1.83"/><item number="ZH-CN_TOPIC_0170590676" projectid="896642361" sourceprojectid="" version="A-1.1" baseline="" type="topic" sourcemapnum="ZH-CN_BOOKMAP_0170590743" sourcemapversion="A-1.83"/><item number="ZH-CN_TOPIC_0170590675" projectid="896642361" sourceprojectid="" version="A-1.1" baseline="" type="topic" sourcemapnum="ZH-CN_BOOKMAP_0170590743" sourcemapversion="A-1.83"/><item number="ZH-CN_TOPIC_0170590674" projectid="896642361" sourceprojectid="" version="A-1.1" baseline="" type="topic" sourcemapnum="ZH-CN_BOOKMAP_0170590743" sourcemapversion="A-1.83"/><item number="ZH-CN_TOPIC_0170590673" projectid="896642361" sourceprojectid="" version="A-1.1" baseline="" type="topic" sourcemapnum="ZH-CN_BOOKMAP_0170590743" sourcemapversion="A-1.83"/><item number="ZH-CN_TOPIC_0170590672" projectid="896642361" sourceprojectid="" version="A-1.1" baseline="" type="topic" sourcemapnum="ZH-CN_BOOKMAP_0170590743" sourcemapversion="A-1.83"/><item number="ZH-CN_TOPIC_0170590671" projectid="896642361" sourceprojectid="" version="A-1.2" baseline="" type="topic" sourcemapnum="ZH-CN_BOOKMAP_0170590743" sourcemapversion="A-1.83"/><item number="ZH-CN_TOPIC_0170590670" projectid="896642361" sourceprojectid="" version="A-1.2" baseline="" type="topic" sourcemapnum="ZH-CN_BOOKMAP_0170590743" sourcemapversion="A-1.83"/><item number="ZH-CN_TOPIC_0170590669" projectid="896642361" sourceprojectid="" version="A-1.2" baseline="" type="topic" sourcemapnum="ZH-CN_BOOKMAP_0170590743" sourcemapversion="A-1.83"/><item number="ZH-CN_TOPIC_0170590668" projectid="896642361" sourceprojectid="" version="A-1.1" baseline="" type="topic" sourcemapnum="ZH-CN_BOOKMAP_0170590743" sourcemapversion="A-1.83"/><item number="ZH-CN_TOPIC_0170590667" projectid="896642361" sourceprojectid="" version="A-1.1" baseline="" type="topic" sourcemapnum="ZH-CN_BOOKMAP_0170590743" sourcemapversion="A-1.83"/><item number="ZH-CN_TOPIC_0170590666" projectid="896642361" sourceprojectid="" version="A-1.8" baseline="" type="topic" sourcemapnum="ZH-CN_BOOKMAP_0170590743" sourcemapversion="A-1.83"/><item number="ZH-CN_TOPIC_0170590665" projectid="896642361" sourceprojectid="" version="A-1.1" baseline="" type="topic" sourcemapnum="ZH-CN_BOOKMAP_0170590743" sourcemapversion="A-1.83"/><item number="ZH-CN_TOPIC_0170590664" projectid="896642361" sourceprojectid="" version="A-1.1" baseline="" type="topic" sourcemapnum="ZH-CN_BOOKMAP_0170590743" sourcemapversion="A-1.83"/><item number="ZH-CN_TOPIC_0170590662" projectid="896642361" sourceprojectid="" version="A-1.1" baseline="" type="topic" sourcemapnum="ZH-CN_BOOKMAP_0170590743" sourcemapversion="A-1.83"/><item number="ZH-CN_TOPIC_0170590660" projectid="896642361" sourceprojectid="" version="A-1.1" baseline="" type="topic" sourcemapnum="ZH-CN_BOOKMAP_0170590743" sourcemapversion="A-1.83"/><item number="ZH-CN_TOPIC_0170590657" projectid="896642361" sourceprojectid="" version="A-1.4" baseline="" type="topic" sourcemapnum="ZH-CN_BOOKMAP_0170590743" sourcemapversion="A-1.83"/><item number="ZH-CN_TOPIC_0170590656" projectid="896642361" sourceprojectid="" version="A-1.1" baseline="" type="topic" sourcemapnum="ZH-CN_BOOKMAP_0170590743" sourcemapversion="A-1.83"/><item number="ZH-CN_TOPIC_0170590654" projectid="896642361" sourceprojectid="" version="A-1.1" baseline="" type="topic" sourcemapnum="ZH-CN_BOOKMAP_0170590743" sourcemapversion="A-1.83"/><item number="ZH-CN_TOPIC_0170590653" projectid="896642361" sourceprojectid="" version="A-1.1" baseline="" type="topic" sourcemapnum="ZH-CN_BOOKMAP_0170590743" sourcemapversion="A-1.83"/><item number="ZH-CN_TOPIC_0170590652" projectid="896642361" sourceprojectid="" version="A-1.2" baseline="" type="topic" sourcemapnum="ZH-CN_BOOKMAP_0170590743" sourcemapversion="A-1.83"/><item number="ZH-CN_TOPIC_0170590651" projectid="896642361" sourceprojectid="" version="A-1.2" baseline="" type="topic" sourcemapnum="ZH-CN_BOOKMAP_0170590743" sourcemapversion="A-1.83"/><item number="ZH-CN_TOPIC_0170590650" projectid="896642361" sourceprojectid="" version="A-1.1" baseline="" type="topic" sourcemapnum="ZH-CN_BOOKMAP_0170590743" sourcemapversion="A-1.83"/><item number="ZH-CN_TOPIC_0170590649" projectid="896642361" sourceprojectid="" version="A-1.1" baseline="" type="topic" sourcemapnum="ZH-CN_BOOKMAP_0170590743" sourcemapversion="A-1.83"/><item number="ZH-CN_TOPIC_0170590648" projectid="896642361" sourceprojectid="" version="A-1.1" baseline="" type="topic" sourcemapnum="ZH-CN_BOOKMAP_0170590743" sourcemapversion="A-1.83"/><item number="ZH-CN_TOPIC_0170590647" projectid="896642361" sourceprojectid="" version="A-1.1" baseline="" type="topic" sourcemapnum="ZH-CN_BOOKMAP_0170590743" sourcemapversion="A-1.83"/><item number="ZH-CN_TOPIC_0170590646" projectid="896642361" sourceprojectid="" version="A-1.1" baseline="" type="topic" sourcemapnum="ZH-CN_BOOKMAP_0170590743" sourcemapversion="A-1.83"/><item number="ZH-CN_TOPIC_0170590645" projectid="896642361" sourceprojectid="" version="A-1.1" baseline="" type="topic" sourcemapnum="ZH-CN_BOOKMAP_0170590743" sourcemapversion="A-1.83"/><item number="ZH-CN_TOPIC_0170590644" projectid="896642361" sourceprojectid="" version="A-1.2" baseline="" type="topic" sourcemapnum="ZH-CN_BOOKMAP_0170590743" sourcemapversion="A-1.83"/><item number="ZH-CN_TOPIC_0170590643" projectid="896642361" sourceprojectid="" version="A-1.1" baseline="" type="topic" sourcemapnum="ZH-CN_BOOKMAP_0170590743" sourcemapversion="A-1.83"/><item number="ZH-CN_TOPIC_0170590641" projectid="896642361" sourceprojectid="" version="A-1.1" baseline="" type="topic" sourcemapnum="ZH-CN_BOOKMAP_0170590743" sourcemapversion="A-1.83"/><item number="ZH-CN_TOPIC_0170590640" projectid="896642361" sourceprojectid="" version="A-1.2" baseline="" type="topic" sourcemapnum="ZH-CN_BOOKMAP_0170590743" sourcemapversion="A-1.83"/><item number="ZH-CN_TOPIC_0170590638" projectid="896642361" sourceprojectid="" version="A-1.3" baseline="" type="topic" sourcemapnum="ZH-CN_BOOKMAP_0170590743" sourcemapversion="A-1.83"/><item number="ZH-CN_TOPIC_0170590637" projectid="896642361" sourceprojectid="" version="A-1.1" baseline="" type="topic" sourcemapnum="ZH-CN_BOOKMAP_0170590743" sourcemapversion="A-1.83"/><item number="ZH-CN_TOPIC_0170590635" projectid="896642361" sourceprojectid="" version="A-1.1" baseline="" type="topic" sourcemapnum="ZH-CN_BOOKMAP_0170590743" sourcemapversion="A-1.83"/><item number="ZH-CN_TOPIC_0170590634" projectid="896642361" sourceprojectid="" version="A-1.1" baseline="" type="topic" sourcemapnum="ZH-CN_BOOKMAP_0170590743" sourcemapversion="A-1.83"/><item number="ZH-CN_TOPIC_0170590633" projectid="896642361" sourceprojectid="" version="A-1.1" baseline="" type="topic" sourcemapnum="ZH-CN_BOOKMAP_0170590743" sourcemapversion="A-1.83"/><item number="ZH-CN_TOPIC_0170590632" projectid="896642361" sourceprojectid="" version="A-1.5" baseline="" type="topic" sourcemapnum="ZH-CN_BOOKMAP_0170590743" sourcemapversion="A-1.83"/><item number="ZH-CN_TOPIC_0170590630" projectid="896642361" sourceprojectid="" version="A-1.2" baseline="" type="topic" sourcemapnum="ZH-CN_BOOKMAP_0170590743" sourcemapversion="A-1.83"/><item number="ZH-CN_TOPIC_0170590629" projectid="896642361" sourceprojectid="" version="A-1.1" baseline="" type="topic" sourcemapnum="ZH-CN_BOOKMAP_0170590743" sourcemapversion="A-1.83"/><item number="ZH-CN_TOPIC_0170590628" projectid="896642361" sourceprojectid="" version="A-1.4" baseline="" type="topic" sourcemapnum="ZH-CN_BOOKMAP_0170590743" sourcemapversion="A-1.83"/><item number="ZH-CN_TOPIC_0170590626" projectid="896642361" sourceprojectid="" version="A-1.2" baseline="" type="topic" sourcemapnum="ZH-CN_BOOKMAP_0170590743" sourcemapversion="A-1.83"/><item number="ZH-CN_TOPIC_0170590625" projectid="896642361" sourceprojectid="" version="A-1.1" baseline="" type="topic" sourcemapnum="ZH-CN_BOOKMAP_0170590743" sourcemapversion="A-1.83"/><item number="ZH-CN_TOPIC_0170590624" projectid="896642361" sourceprojectid="" version="A-1.1" baseline="" type="topic" sourcemapnum="ZH-CN_BOOKMAP_0170590743" sourcemapversion="A-1.83"/><item number="ZH-CN_TOPIC_0170590623" projectid="896642361" sourceprojectid="" version="A-1.1" baseline="" type="topic" sourcemapnum="ZH-CN_BOOKMAP_0170590743" sourcemapversion="A-1.83"/><item number="ZH-CN_TOPIC_0170590622" projectid="896642361" sourceprojectid="" version="A-1.1" baseline="" type="topic" sourcemapnum="ZH-CN_BOOKMAP_0170590743" sourcemapversion="A-1.83"/><item number="ZH-CN_TOPIC_0170590621" projectid="896642361" sourceprojectid="" version="A-1.1" baseline="" type="topic" sourcemapnum="ZH-CN_BOOKMAP_0170590743" sourcemapversion="A-1.83"/><item number="ZH-CN_TOPIC_0170590620" projectid="896642361" sourceprojectid="" version="A-1.1" baseline="" type="topic" sourcemapnum="ZH-CN_BOOKMAP_0170590743" sourcemapversion="A-1.83"/><item number="ZH-CN_TOPIC_0170590619" projectid="896642361" sourceprojectid="" version="A-1.1" baseline="" type="topic" sourcemapnum="ZH-CN_BOOKMAP_0170590743" sourcemapversion="A-1.83"/><item number="ZH-CN_TOPIC_0170590617" projectid="896642361" sourceprojectid="" version="A-1.3" baseline="" type="topic" sourcemapnum="ZH-CN_BOOKMAP_0170590743" sourcemapversion="A-1.83"/><item number="ZH-CN_TOPIC_0170590616" projectid="896642361" sourceprojectid="" version="A-1.1" baseline="" type="topic" sourcemapnum="ZH-CN_BOOKMAP_0170590743" sourcemapversion="A-1.83"/><item number="ZH-CN_TOPIC_0170590615" projectid="896642361" sourceprojectid="" version="A-1.1" baseline="" type="topic" sourcemapnum="ZH-CN_BOOKMAP_0170590743" sourcemapversion="A-1.83"/><item number="ZH-CN_TOPIC_0170590614" projectid="896642361" sourceprojectid="" version="A-1.1" baseline="" type="topic" sourcemapnum="ZH-CN_BOOKMAP_0170590743" sourcemapversion="A-1.83"/><item number="ZH-CN_TOPIC_0170590613" projectid="896642361" sourceprojectid="" version="A-1.1" baseline="" type="topic" sourcemapnum="ZH-CN_BOOKMAP_0170590743" sourcemapversion="A-1.83"/><item number="ZH-CN_TOPIC_0170590612" projectid="896642361" sourceprojectid="" version="A-1.1" baseline="" type="topic" sourcemapnum="ZH-CN_BOOKMAP_0170590743" sourcemapversion="A-1.83"/><item number="ZH-CN_TOPIC_0170590610" projectid="896642361" sourceprojectid="" version="A-1.1" baseline="" type="topic" sourcemapnum="ZH-CN_BOOKMAP_0170590743" sourcemapversion="A-1.83"/><item number="ZH-CN_TOPIC_0170590607" projectid="896642361" sourceprojectid="" version="A-1.1" baseline="" type="topic" sourcemapnum="ZH-CN_BOOKMAP_0170590743" sourcemapversion="A-1.83"/><item number="ZH-CN_TOPIC_0170590606" projectid="896642361" sourceprojectid="" version="A-1.1" baseline="" type="topic" sourcemapnum="ZH-CN_BOOKMAP_0170590743" sourcemapversion="A-1.83"/><item number="ZH-CN_TOPIC_0170590605" projectid="896642361" sourceprojectid="" version="A-1.1" baseline="" type="topic" sourcemapnum="ZH-CN_BOOKMAP_0170590743" sourcemapversion="A-1.83"/><item number="ZH-CN_TOPIC_0170590603" projectid="896642361" sourceprojectid="" version="A-1.1" baseline="" type="topic" sourcemapnum="ZH-CN_BOOKMAP_0170590743" sourcemapversion="A-1.83"/><item number="ZH-CN_TOPIC_0170590602" projectid="896642361" sourceprojectid="" version="A-1.1" baseline="" type="topic" sourcemapnum="ZH-CN_BOOKMAP_0170590743" sourcemapversion="A-1.83"/><item number="ZH-CN_TOPIC_0170590601" projectid="896642361" sourceprojectid="" version="A-1.1" baseline="" type="topic" sourcemapnum="ZH-CN_BOOKMAP_0170590743" sourcemapversion="A-1.83"/><item number="ZH-CN_TOPIC_0170590600" projectid="896642361" sourceprojectid="" version="A-1.5" baseline="" type="topic" sourcemapnum="ZH-CN_BOOKMAP_0170590743" sourcemapversion="A-1.83"/><item number="ZH-CN_TOPIC_0170590598" projectid="896642361" sourceprojectid="" version="A-1.1" baseline="" type="topic" sourcemapnum="ZH-CN_BOOKMAP_0170590743" sourcemapversion="A-1.83"/><item number="ZH-CN_TOPIC_0170590597" projectid="896642361" sourceprojectid="" version="A-1.1" baseline="" type="topic" sourcemapnum="ZH-CN_BOOKMAP_0170590743" sourcemapversion="A-1.83"/><item number="ZH-CN_TOPIC_0170590595" projectid="896642361" sourceprojectid="" version="A-1.1" baseline="" type="topic" sourcemapnum="ZH-CN_BOOKMAP_0170590743" sourcemapversion="A-1.83"/><item number="ZH-CN_TOPIC_0170590594" projectid="896642361" sourceprojectid="" version="A-1.4" baseline="" type="topic" sourcemapnum="ZH-CN_BOOKMAP_0170590743" sourcemapversion="A-1.83"/><item number="ZH-CN_TOPIC_0170590593" projectid="896642361" sourceprojectid="" version="A-1.1" baseline="" type="topic" sourcemapnum="ZH-CN_BOOKMAP_0170590743" sourcemapversion="A-1.83"/><item number="ZH-CN_TOPIC_0170590592" projectid="896642361" sourceprojectid="" version="A-1.1" baseline="" type="topic" sourcemapnum="ZH-CN_BOOKMAP_0170590743" sourcemapversion="A-1.83"/><item number="ZH-CN_TOPIC_0170590590" projectid="896642361" sourceprojectid="" version="A-1.4" baseline="" type="topic" sourcemapnum="ZH-CN_BOOKMAP_0170590743" sourcemapversion="A-1.83"/><item number="ZH-CN_TOPIC_0170590589" projectid="896642361" sourceprojectid="" version="A-1.2" baseline="" type="topic" sourcemapnum="ZH-CN_BOOKMAP_0170590743" sourcemapversion="A-1.83"/><item number="ZH-CN_TOPIC_0170590588" projectid="896642361" sourceprojectid="" version="A-1.2" baseline="" type="topic" sourcemapnum="ZH-CN_BOOKMAP_0170590743" sourcemapversion="A-1.83"/><item number="ZH-CN_TOPIC_0170590586" projectid="896642361" sourceprojectid="" version="A-1.6" baseline="" type="topic" sourcemapnum="ZH-CN_BOOKMAP_0170590743" sourcemapversion="A-1.83"/><item number="ZH-CN_TOPIC_0170590585" projectid="896642361" sourceprojectid="" version="A-1.4" baseline="" type="topic" sourcemapnum="ZH-CN_BOOKMAP_0170590743" sourcemapversion="A-1.83"/><item number="ZH-CN_TOPIC_0170590584" projectid="896642361" sourceprojectid="" version="A-1.1" baseline="" type="topic" sourcemapnum="ZH-CN_BOOKMAP_0170590743" sourcemapversion="A-1.83"/><item number="ZH-CN_TOPIC_0170590583" projectid="896642361" sourceprojectid="" version="A-1.3" baseline="" type="topic" sourcemapnum="ZH-CN_BOOKMAP_0170590743" sourcemapversion="A-1.83"/><item number="ZH-CN_TOPIC_0170590582" projectid="896642361" sourceprojectid="" version="A-1.1" baseline="" type="topic" sourcemapnum="ZH-CN_BOOKMAP_0170590743" sourcemapversion="A-1.83"/><item number="ZH-CN_TOPIC_0170590581" projectid="896642361" sourceprojectid="" version="A-1.1" baseline="" type="topic" sourcemapnum="ZH-CN_BOOKMAP_0170590743" sourcemapversion="A-1.83"/><item number="ZH-CN_TOPIC_0170590580" projectid="896642361" sourceprojectid="" version="A-1.1" baseline="" type="topic" sourcemapnum="ZH-CN_BOOKMAP_0170590743" sourcemapversion="A-1.83"/><item number="ZH-CN_TOPIC_0170590579" projectid="896642361" sourceprojectid="" version="A-1.2" baseline="" type="topic" sourcemapnum="ZH-CN_BOOKMAP_0170590743" sourcemapversion="A-1.83"/><item number="ZH-CN_TOPIC_0170590578" projectid="896642361" sourceprojectid="" version="A-1.1" baseline="" type="topic" sourcemapnum="ZH-CN_BOOKMAP_0170590743" sourcemapversion="A-1.83"/><item number="ZH-CN_TOPIC_0170590577" projectid="896642361" sourceprojectid="" version="A-1.2" baseline="" type="topic" sourcemapnum="ZH-CN_BOOKMAP_0170590743" sourcemapversion="A-1.83"/><item number="ZH-CN_TOPIC_0170590576" projectid="896642361" sourceprojectid="" version="A-1.1" baseline="" type="topic" sourcemapnum="ZH-CN_BOOKMAP_0170590743" sourcemapversion="A-1.83"/><item number="ZH-CN_TOPIC_0170590575" projectid="896642361" sourceprojectid="" version="A-1.1" baseline="" type="topic" sourcemapnum="ZH-CN_BOOKMAP_0170590743" sourcemapversion="A-1.83"/><item number="ZH-CN_TOPIC_0170590574" projectid="896642361" sourceprojectid="" version="A-1.3" baseline="" type="topic" sourcemapnum="ZH-CN_BOOKMAP_0170590743" sourcemapversion="A-1.83"/><item number="ZH-CN_TOPIC_0170590573" projectid="896642361" sourceprojectid="" version="A-1.1" baseline="" type="topic" sourcemapnum="ZH-CN_BOOKMAP_0170590743" sourcemapversion="A-1.83"/><item number="ZH-CN_TOPIC_0170590572" projectid="896642361" sourceprojectid="" version="A-1.1" baseline="" type="topic" sourcemapnum="ZH-CN_BOOKMAP_0170590743" sourcemapversion="A-1.83"/><item number="ZH-CN_TOPIC_0170590571" projectid="896642361" sourceprojectid="" version="A-1.1" baseline="" type="topic" sourcemapnum="ZH-CN_BOOKMAP_0170590743" sourcemapversion="A-1.83"/><item number="ZH-CN_TOPIC_0170590570" projectid="896642361" sourceprojectid="" version="A-1.2" baseline="" type="topic" sourcemapnum="ZH-CN_BOOKMAP_0170590743" sourcemapversion="A-1.83"/><item number="ZH-CN_TOPIC_0170590569" projectid="896642361" sourceprojectid="" version="A-1.1" baseline="" type="topic" sourcemapnum="ZH-CN_BOOKMAP_0170590743" sourcemapversion="A-1.83"/><item number="ZH-CN_TOPIC_0170590568" projectid="896642361" sourceprojectid="" version="A-1.1" baseline="" type="topic" sourcemapnum="ZH-CN_BOOKMAP_0170590743" sourcemapversion="A-1.83"/><item number="ZH-CN_TOPIC_0170590567" projectid="896642361" sourceprojectid="" version="A-1.1" baseline="" type="topic" sourcemapnum="ZH-CN_BOOKMAP_0170590743" sourcemapversion="A-1.83"/><item number="ZH-CN_TOPIC_0170590566" projectid="896642361" sourceprojectid="" version="A-1.2" baseline="" type="topic" sourcemapnum="ZH-CN_BOOKMAP_0170590743" sourcemapversion="A-1.83"/><item number="ZH-CN_TOPIC_0170590565" projectid="896642361" sourceprojectid="" version="A-1.1" baseline="" type="topic" sourcemapnum="ZH-CN_BOOKMAP_0170590743" sourcemapversion="A-1.83"/><item number="ZH-CN_TOPIC_0170590564" projectid="896642361" sourceprojectid="" version="A-1.1" baseline="" type="topic" sourcemapnum="ZH-CN_BOOKMAP_0170590743" sourcemapversion="A-1.83"/><item number="ZH-CN_TOPIC_0170590563" projectid="896642361" sourceprojectid="" version="A-1.1" baseline="" type="topic" sourcemapnum="ZH-CN_BOOKMAP_0170590743" sourcemapversion="A-1.83"/><item number="ZH-CN_TOPIC_0170590562" projectid="896642361" sourceprojectid="" version="A-1.1" baseline="" type="topic" sourcemapnum="ZH-CN_BOOKMAP_0170590743" sourcemapversion="A-1.83"/><item number="ZH-CN_TOPIC_0170590561" projectid="896642361" sourceprojectid="" version="A-1.1" baseline="" type="topic" sourcemapnum="ZH-CN_BOOKMAP_0170590743" sourcemapversion="A-1.83"/><item number="ZH-CN_TOPIC_0170590560" projectid="896642361" sourceprojectid="" version="A-1.1" baseline="" type="topic" sourcemapnum="ZH-CN_BOOKMAP_0170590743" sourcemapversion="A-1.83"/><item number="ZH-CN_TOPIC_0170590559" projectid="896642361" sourceprojectid="" version="A-1.5" baseline="" type="topic" sourcemapnum="ZH-CN_BOOKMAP_0170590743" sourcemapversion="A-1.83"/><item number="ZH-CN_TOPIC_0170590558" projectid="896642361" sourceprojectid="" version="A-1.1" baseline="" type="topic" sourcemapnum="ZH-CN_BOOKMAP_0170590743" sourcemapversion="A-1.83"/><item number="ZH-CN_TOPIC_0170590557" projectid="896642361" sourceprojectid="" version="A-1.1" baseline="" type="topic" sourcemapnum="ZH-CN_BOOKMAP_0170590743" sourcemapversion="A-1.83"/><item number="ZH-CN_TOPIC_0170590556" projectid="896642361" sourceprojectid="" version="A-1.3" baseline="" type="topic" sourcemapnum="ZH-CN_BOOKMAP_0170590743" sourcemapversion="A-1.83"/><item number="ZH-CN_TOPIC_0170590555" projectid="896642361" sourceprojectid="" version="A-1.2" baseline="" type="topic" sourcemapnum="ZH-CN_BOOKMAP_0170590743" sourcemapversion="A-1.83"/><item number="ZH-CN_TOPIC_0170590553" projectid="896642361" sourceprojectid="" version="A-1.1" baseline="" type="topic" sourcemapnum="ZH-CN_BOOKMAP_0170590743" sourcemapversion="A-1.83"/><item number="ZH-CN_TOPIC_0170590552" projectid="896642361" sourceprojectid="" version="A-1.2" baseline="" type="topic" sourcemapnum="ZH-CN_BOOKMAP_0170590743" sourcemapversion="A-1.83"/><item number="ZH-CN_TOPIC_0170590551" projectid="896642361" sourceprojectid="" version="A-1.9" baseline="" type="topic" sourcemapnum="ZH-CN_BOOKMAP_0170590743" sourcemapversion="A-1.83"/><item number="ZH-CN_TOPIC_0170590550" projectid="896642361" sourceprojectid="" version="A-1.1" baseline="" type="topic" sourcemapnum="ZH-CN_BOOKMAP_0170590743" sourcemapversion="A-1.83"/><item number="ZH-CN_TOPIC_0170590549" projectid="896642361" sourceprojectid="" version="A-1.1" baseline="" type="topic" sourcemapnum="ZH-CN_BOOKMAP_0170590743" sourcemapversion="A-1.83"/><item number="ZH-CN_TOPIC_0170590548" projectid="896642361" sourceprojectid="" version="A-1.1" baseline="" type="topic" sourcemapnum="ZH-CN_BOOKMAP_0170590743" sourcemapversion="A-1.83"/><item number="ZH-CN_TOPIC_0170590547" projectid="896642361" sourceprojectid="" version="A-1.1" baseline="" type="topic" sourcemapnum="ZH-CN_BOOKMAP_0170590743" sourcemapversion="A-1.83"/><item number="ZH-CN_TOPIC_0170590546" projectid="896642361" sourceprojectid="" version="A-1.3" baseline="" type="topic" sourcemapnum="ZH-CN_BOOKMAP_0170590743" sourcemapversion="A-1.83"/><item number="ZH-CN_TOPIC_0170590543" projectid="896642361" sourceprojectid="" version="A-1.1" baseline="" type="topic" sourcemapnum="ZH-CN_BOOKMAP_0170590743" sourcemapversion="A-1.83"/><item number="ZH-CN_TOPIC_0170590542" projectid="896642361" sourceprojectid="" version="A-1.1" baseline="" type="topic" sourcemapnum="ZH-CN_BOOKMAP_0170590743" sourcemapversion="A-1.83"/><item number="ZH-CN_TOPIC_0170590541" projectid="896642361" sourceprojectid="" version="A-1.2" baseline="" type="topic" sourcemapnum="ZH-CN_BOOKMAP_0170590743" sourcemapversion="A-1.83"/><item number="ZH-CN_TOPIC_0170590540" projectid="896642361" sourceprojectid="" version="A-1.1" baseline="" type="topic" sourcemapnum="ZH-CN_BOOKMAP_0170590743" sourcemapversion="A-1.83"/><item number="ZH-CN_TOPIC_0170590539" projectid="896642361" sourceprojectid="" version="A-1.1" baseline="" type="topic" sourcemapnum="ZH-CN_BOOKMAP_0170590743" sourcemapversion="A-1.83"/><item number="ZH-CN_TOPIC_0170590537" projectid="896642361" sourceprojectid="" version="A-1.1" baseline="" type="topic" sourcemapnum="ZH-CN_BOOKMAP_0170590743" sourcemapversion="A-1.83"/><item number="ZH-CN_TOPIC_0170590536" projectid="896642361" sourceprojectid="" version="A-1.54" baseline="" type="topic" sourcemapnum="ZH-CN_BOOKMAP_0170590743" sourcemapversion="A-1.83"/><item number="ZH-CN_TOPIC_0170590535" projectid="896642361" sourceprojectid="" version="A-1.2" baseline="" type="topic" sourcemapnum="ZH-CN_BOOKMAP_0170590743" sourcemapversion="A-1.83"/><item number="ZH-CN_TOPIC_0170590534" projectid="896642361" sourceprojectid="" version="A-1.3" baseline="" type="topic" sourcemapnum="ZH-CN_BOOKMAP_0170590743" sourcemapversion="A-1.83"/><item number="ZH-CN_TOPIC_0170590533" projectid="896642361" sourceprojectid="" version="A-1.4" baseline="" type="topic" sourcemapnum="ZH-CN_BOOKMAP_0170590743" sourcemapversion="A-1.83"/><item number="ZH-CN_TOPIC_0170590532" projectid="896642361" sourceprojectid="" version="A-1.1" baseline="" type="topic" sourcemapnum="ZH-CN_BOOKMAP_0170590743" sourcemapversion="A-1.83"/><item number="ZH-CN_TOPIC_0170590530" projectid="896642361" sourceprojectid="" version="A-1.1" baseline="" type="topic" sourcemapnum="ZH-CN_BOOKMAP_0170590743" sourcemapversion="A-1.83"/><item number="ZH-CN_TOPIC_0170590529" projectid="896642361" sourceprojectid="" version="A-1.5" baseline="" type="topic" sourcemapnum="ZH-CN_BOOKMAP_0170590743" sourcemapversion="A-1.83"/><item number="ZH-CN_TOPIC_0170590528" projectid="896642361" sourceprojectid="" version="A-1.2" baseline="" type="topic" sourcemapnum="ZH-CN_BOOKMAP_0170590743" sourcemapversion="A-1.83"/><item number="ZH-CN_TOPIC_0170590527" projectid="896642361" sourceprojectid="" version="A-1.1" baseline="" type="topic" sourcemapnum="ZH-CN_BOOKMAP_0170590743" sourcemapversion="A-1.83"/><item number="ZH-CN_TOPIC_0170590526" projectid="896642361" sourceprojectid="" version="A-1.1" baseline="" type="topic" sourcemapnum="ZH-CN_BOOKMAP_0170590743" sourcemapversion="A-1.83"/><item number="ZH-CN_TOPIC_0170590525" projectid="896642361" sourceprojectid="" version="A-1.1" baseline="" type="topic" sourcemapnum="ZH-CN_BOOKMAP_0170590743" sourcemapversion="A-1.83"/><item number="ZH-CN_TOPIC_0170590524" projectid="896642361" sourceprojectid="" version="A-1.1" baseline="" type="topic" sourcemapnum="ZH-CN_BOOKMAP_0170590743" sourcemapversion="A-1.83"/><item number="ZH-CN_TOPIC_0170590523" projectid="896642361" sourceprojectid="" version="A-1.2" baseline="" type="topic" sourcemapnum="ZH-CN_BOOKMAP_0170590743" sourcemapversion="A-1.83"/><item number="ZH-CN_TOPIC_0170590522" projectid="896642361" sourceprojectid="" version="A-1.1" baseline="" type="topic" sourcemapnum="ZH-CN_BOOKMAP_0170590743" sourcemapversion="A-1.83"/><item number="ZH-CN_TOPIC_0170590521" projectid="896642361" sourceprojectid="" version="A-1.2" baseline="" type="topic" sourcemapnum="ZH-CN_BOOKMAP_0170590743" sourcemapversion="A-1.83"/><item number="ZH-CN_TOPIC_0170590520" projectid="896642361" sourceprojectid="" version="A-1.1" baseline="" type="topic" sourcemapnum="ZH-CN_BOOKMAP_0170590743" sourcemapversion="A-1.83"/><item number="ZH-CN_TOPIC_0170590518" projectid="896642361" sourceprojectid="" version="A-1.1" baseline="" type="topic" sourcemapnum="ZH-CN_BOOKMAP_0170590743" sourcemapversion="A-1.83"/><item number="ZH-CN_TOPIC_0170590516" projectid="896642361" sourceprojectid="" version="A-1.2" baseline="" type="topic" sourcemapnum="ZH-CN_BOOKMAP_0170590743" sourcemapversion="A-1.83"/><item number="ZH-CN_TOPIC_0170590515" projectid="896642361" sourceprojectid="" version="A-1.1" baseline="" type="topic" sourcemapnum="ZH-CN_BOOKMAP_0170590743" sourcemapversion="A-1.83"/><item number="ZH-CN_TOPIC_0170590514" projectid="896642361" sourceprojectid="" version="A-1.1" baseline="" type="topic" sourcemapnum="ZH-CN_BOOKMAP_0170590743" sourcemapversion="A-1.83"/><item number="ZH-CN_TOPIC_0170590513" projectid="896642361" sourceprojectid="" version="A-1.1" baseline="" type="topic" sourcemapnum="ZH-CN_BOOKMAP_0170590743" sourcemapversion="A-1.83"/><item number="ZH-CN_TOPIC_0170590512" projectid="896642361" sourceprojectid="" version="A-1.1" baseline="" type="topic" sourcemapnum="ZH-CN_BOOKMAP_0170590743" sourcemapversion="A-1.83"/><item number="ZH-CN_TOPIC_0170590511" projectid="896642361" sourceprojectid="" version="A-1.1" baseline="" type="topic" sourcemapnum="ZH-CN_BOOKMAP_0170590743" sourcemapversion="A-1.83"/><item number="ZH-CN_TOPIC_0170590510" projectid="896642361" sourceprojectid="" version="A-1.1" baseline="" type="topic" sourcemapnum="ZH-CN_BOOKMAP_0170590743" sourcemapversion="A-1.83"/><item number="ZH-CN_TOPIC_0170590509" projectid="896642361" sourceprojectid="" version="A-1.6" baseline="" type="topic" sourcemapnum="ZH-CN_BOOKMAP_0170590743" sourcemapversion="A-1.83"/><item number="ZH-CN_TOPIC_0170590508" projectid="896642361" sourceprojectid="" version="A-1.1" baseline="" type="topic" sourcemapnum="ZH-CN_BOOKMAP_0170590743" sourcemapversion="A-1.83"/><item number="ZH-CN_TOPIC_0170590507" projectid="896642361" sourceprojectid="" version="A-1.1" baseline="" type="topic" sourcemapnum="ZH-CN_BOOKMAP_0170590743" sourcemapversion="A-1.83"/><item number="ZH-CN_TOPIC_0170590506" projectid="896642361" sourceprojectid="" version="A-1.1" baseline="" type="topic" sourcemapnum="ZH-CN_BOOKMAP_0170590743" sourcemapversion="A-1.83"/><item number="ZH-CN_TOPIC_0170590505" projectid="896642361" sourceprojectid="" version="A-1.1" baseline="" type="topic" sourcemapnum="ZH-CN_BOOKMAP_0170590743" sourcemapversion="A-1.83"/><item number="ZH-CN_TOPIC_0170590504" projectid="896642361" sourceprojectid="" version="A-1.1" baseline="" type="topic" sourcemapnum="ZH-CN_BOOKMAP_0170590743" sourcemapversion="A-1.83"/><item number="ZH-CN_TOPIC_0170590503" projectid="896642361" sourceprojectid="" version="A-1.2" baseline="" type="topic" sourcemapnum="ZH-CN_BOOKMAP_0170590743" sourcemapversion="A-1.83"/><item number="ZH-CN_TOPIC_0170590502" projectid="896642361" sourceprojectid="" version="A-1.1" baseline="" type="topic" sourcemapnum="ZH-CN_BOOKMAP_0170590743" sourcemapversion="A-1.83"/><item number="ZH-CN_TOPIC_0170590501" projectid="896642361" sourceprojectid="" version="A-1.1" baseline="" type="topic" sourcemapnum="ZH-CN_BOOKMAP_0170590743" sourcemapversion="A-1.83"/><item number="ZH-CN_TOPIC_0170590500" projectid="896642361" sourceprojectid="" version="A-1.1" baseline="" type="topic" sourcemapnum="ZH-CN_BOOKMAP_0170590743" sourcemapversion="A-1.83"/><item number="ZH-CN_TOPIC_0170590498" projectid="896642361" sourceprojectid="" version="A-1.1" baseline="" type="topic" sourcemapnum="ZH-CN_BOOKMAP_0170590743" sourcemapversion="A-1.83"/><item number="ZH-CN_TOPIC_0170590496" projectid="896642361" sourceprojectid="" version="A-1.1" baseline="" type="topic" sourcemapnum="ZH-CN_BOOKMAP_0170590743" sourcemapversion="A-1.83"/><item number="ZH-CN_TOPIC_0170590495" projectid="896642361" sourceprojectid="" version="A-1.2" baseline="" type="topic" sourcemapnum="ZH-CN_BOOKMAP_0170590743" sourcemapversion="A-1.83"/><item number="ZH-CN_TOPIC_0170590494" projectid="896642361" sourceprojectid="" version="A-1.1" baseline="" type="topic" sourcemapnum="ZH-CN_BOOKMAP_0170590743" sourcemapversion="A-1.83"/><item number="ZH-CN_TOPIC_0170590493" projectid="896642361" sourceprojectid="" version="A-1.3" baseline="" type="topic" sourcemapnum="ZH-CN_BOOKMAP_0170590743" sourcemapversion="A-1.83"/><item number="ZH-CN_TOPIC_0170590492" projectid="896642361" sourceprojectid="" version="A-1.1" baseline="" type="topic" sourcemapnum="ZH-CN_BOOKMAP_0170590743" sourcemapversion="A-1.83"/><item number="ZH-CN_TOPIC_0170590491" projectid="896642361" sourceprojectid="" version="A-1.1" baseline="" type="topic" sourcemapnum="ZH-CN_BOOKMAP_0170590743" sourcemapversion="A-1.83"/><item number="ZH-CN_TOPIC_0170590490" projectid="896642361" sourceprojectid="" version="A-1.1" baseline="" type="topic" sourcemapnum="ZH-CN_BOOKMAP_0170590743" sourcemapversion="A-1.83"/><item number="ZH-CN_TOPIC_0170590489" projectid="896642361" sourceprojectid="" version="A-1.1" baseline="" type="topic" sourcemapnum="ZH-CN_BOOKMAP_0170590743" sourcemapversion="A-1.83"/><item number="ZH-CN_TOPIC_0170590488" projectid="896642361" sourceprojectid="" version="A-1.8" baseline="" type="topic" sourcemapnum="ZH-CN_BOOKMAP_0170590743" sourcemapversion="A-1.83"/><item number="ZH-CN_TOPIC_0170590487" projectid="896642361" sourceprojectid="" version="A-1.1" baseline="" type="topic" sourcemapnum="ZH-CN_BOOKMAP_0170590743" sourcemapversion="A-1.83"/><item number="ZH-CN_TOPIC_0170590486" projectid="896642361" sourceprojectid="" version="A-1.1" baseline="" type="topic" sourcemapnum="ZH-CN_BOOKMAP_0170590743" sourcemapversion="A-1.83"/><item number="ZH-CN_TOPIC_0170590484" projectid="896642361" sourceprojectid="" version="A-1.1" baseline="" type="topic" sourcemapnum="ZH-CN_BOOKMAP_0170590743" sourcemapversion="A-1.83"/><item number="ZH-CN_TOPIC_0170590483" projectid="896642361" sourceprojectid="" version="A-1.1" baseline="" type="topic" sourcemapnum="ZH-CN_BOOKMAP_0170590743" sourcemapversion="A-1.83"/><item number="ZH-CN_TOPIC_0170590481" projectid="896642361" sourceprojectid="" version="A-1.3" baseline="" type="topic" sourcemapnum="ZH-CN_BOOKMAP_0170590743" sourcemapversion="A-1.83"/><item number="ZH-CN_TOPIC_0170590480" projectid="896642361" sourceprojectid="" version="A-1.2" baseline="" type="topic" sourcemapnum="ZH-CN_BOOKMAP_0170590743" sourcemapversion="A-1.83"/><item number="ZH-CN_TOPIC_0170590479" projectid="896642361" sourceprojectid="" version="A-1.2" baseline="" type="topic" sourcemapnum="ZH-CN_BOOKMAP_0170590743" sourcemapversion="A-1.83"/><item number="ZH-CN_TOPIC_0170590478" projectid="896642361" sourceprojectid="" version="A-1.1" baseline="" type="topic" sourcemapnum="ZH-CN_BOOKMAP_0170590743" sourcemapversion="A-1.83"/><item number="ZH-CN_TOPIC_0170590477" projectid="896642361" sourceprojectid="" version="A-1.1" baseline="" type="topic" sourcemapnum="ZH-CN_BOOKMAP_0170590743" sourcemapversion="A-1.83"/><item number="ZH-CN_TOPIC_0170590476" projectid="896642361" sourceprojectid="" version="A-1.1" baseline="" type="topic" sourcemapnum="ZH-CN_BOOKMAP_0170590743" sourcemapversion="A-1.83"/><item number="ZH-CN_TOPIC_0170590475" projectid="896642361" sourceprojectid="" version="A-1.1" baseline="" type="topic" sourcemapnum="ZH-CN_BOOKMAP_0170590743" sourcemapversion="A-1.83"/><item number="ZH-CN_TOPIC_0170590474" projectid="896642361" sourceprojectid="" version="A-1.1" baseline="" type="topic" sourcemapnum="ZH-CN_BOOKMAP_0170590743" sourcemapversion="A-1.83"/><item number="ZH-CN_TOPIC_0170590473" projectid="896642361" sourceprojectid="" version="A-1.1" baseline="" type="topic" sourcemapnum="ZH-CN_BOOKMAP_0170590743" sourcemapversion="A-1.83"/><item number="ZH-CN_TOPIC_0170590472" projectid="896642361" sourceprojectid="" version="A-1.2" baseline="" type="topic" sourcemapnum="ZH-CN_BOOKMAP_0170590743" sourcemapversion="A-1.83"/><item number="ZH-CN_TOPIC_0170590471" projectid="896642361" sourceprojectid="" version="A-1.5" baseline="" type="topic" sourcemapnum="ZH-CN_BOOKMAP_0170590743" sourcemapversion="A-1.83"/><item number="ZH-CN_TOPIC_0170590470" projectid="896642361" sourceprojectid="" version="A-1.2" baseline="" type="topic" sourcemapnum="ZH-CN_BOOKMAP_0170590743" sourcemapversion="A-1.83"/><item number="ZH-CN_TOPIC_0170590469" projectid="896642361" sourceprojectid="" version="A-1.2" baseline="" type="topic" sourcemapnum="ZH-CN_BOOKMAP_0170590743" sourcemapversion="A-1.83"/><item number="ZH-CN_TOPIC_0170590468" projectid="896642361" sourceprojectid="" version="A-1.1" baseline="" type="topic" sourcemapnum="ZH-CN_BOOKMAP_0170590743" sourcemapversion="A-1.83"/><item number="ZH-CN_TOPIC_0170590467" projectid="896642361" sourceprojectid="" version="A-1.1" baseline="" type="topic" sourcemapnum="ZH-CN_BOOKMAP_0170590743" sourcemapversion="A-1.83"/><item number="ZH-CN_TOPIC_0170590466" projectid="896642361" sourceprojectid="" version="A-1.1" baseline="" type="topic" sourcemapnum="ZH-CN_BOOKMAP_0170590743" sourcemapversion="A-1.83"/><item number="ZH-CN_TOPIC_0170590465" projectid="896642361" sourceprojectid="" version="A-1.2" baseline="" type="topic" sourcemapnum="ZH-CN_BOOKMAP_0170590743" sourcemapversion="A-1.83"/><item number="ZH-CN_TOPIC_0170590464" projectid="896642361" sourceprojectid="" version="A-1.1" baseline="" type="topic" sourcemapnum="ZH-CN_BOOKMAP_0170590743" sourcemapversion="A-1.83"/><item number="ZH-CN_BOOKMAP_0170590743" projectid="896642361" sourceprojectid="" version="A-1.83" baseline="" type="startmap" sourcemapnum="" sourcemapversion=""/></root>