<?xml version="1.0" encoding="utf-8"?><files><file url="zh-cn_topic_0206443679.html" id="ZH-CN_TOPIC_0206443679" originalId="ZH-CN_TOPIC_0206443679"/><file url="zh-cn_topic_0206443629.html" id="ZH-CN_TOPIC_0206443629" originalId="ZH-CN_TOPIC_0206443629"/><file url="zh-cn_topic_0206443489.html" id="ZH-CN_TOPIC_0206443489" originalId="ZH-CN_TOPIC_0206443489"/><file url="zh-cn_topic_0206443721.html" id="ZH-CN_TOPIC_0206443721" originalId="ZH-CN_TOPIC_0206443721"/><file url="zh-cn_topic_0206443543.html" id="ZH-CN_TOPIC_0206443543" originalId="ZH-CN_TOPIC_0206443543"/><file url="zh-cn_topic_0206443563.html" id="ZH-CN_TOPIC_0206443563" originalId="ZH-CN_TOPIC_0206443563"/><file url="zh-cn_topic_0206443554.html" id="ZH-CN_TOPIC_0206443554" originalId="ZH-CN_TOPIC_0206443554"/><file url="zh-cn_topic_0206443678.html" id="ZH-CN_TOPIC_0206443678" originalId="ZH-CN_TOPIC_0206443678"/><file url="zh-cn_topic_0206443713.html" id="ZH-CN_TOPIC_0206443713" originalId="ZH-CN_TOPIC_0206443713"/><file url="zh-cn_topic_0206443669.html" id="ZH-CN_TOPIC_0206443669" originalId="ZH-CN_TOPIC_0206443669"/><file url="zh-cn_topic_0206443758.html" id="ZH-CN_TOPIC_0206443758" originalId="ZH-CN_TOPIC_0206443758"/><file url="zh-cn_topic_0206443782.html" id="ZH-CN_TOPIC_0206443782" originalId="ZH-CN_TOPIC_0206443782"/><file url="zh-cn_topic_0206443859.html" id="ZH-CN_TOPIC_0206443859" originalId="ZH-CN_TOPIC_0206443859"/><file url="zh-cn_topic_0206443635.html" id="ZH-CN_TOPIC_0206443635" originalId="ZH-CN_TOPIC_0206443635"/><file url="zh-cn_topic_0206642889.html" id="ZH-CN_TOPIC_0206642889" originalId="ZH-CN_TOPIC_0206642889"/><file url="zh-cn_topic_0206647680.html" id="ZH-CN_TOPIC_0206647680" originalId="ZH-CN_TOPIC_0206647680"/><file url="zh-cn_topic_0206647681.html" id="ZH-CN_TOPIC_0206647681" originalId="ZH-CN_TOPIC_0206647681"/><file url="zh-cn_topic_0206647682.html" id="ZH-CN_TOPIC_0206647682" originalId="ZH-CN_TOPIC_0206647682"/><file url="zh-cn_topic_0206443546.html" id="ZH-CN_TOPIC_0206443546" originalId="ZH-CN_TOPIC_0206443546"/><file url="zh-cn_topic_0206443743.html" id="ZH-CN_TOPIC_0206443743" originalId="ZH-CN_TOPIC_0206443743"/><file url="zh-cn_topic_0206443865.html" id="ZH-CN_TOPIC_0206443865" originalId="ZH-CN_TOPIC_0206443865"/><file url="zh-cn_topic_0206443623.html" id="ZH-CN_TOPIC_0206443623" originalId="ZH-CN_TOPIC_0206443623"/><file url="zh-cn_topic_0206443760.html" id="ZH-CN_TOPIC_0206443760" originalId="ZH-CN_TOPIC_0206443760"/><file url="zh-cn_topic_0206443511.html" id="ZH-CN_TOPIC_0206443511" originalId="ZH-CN_TOPIC_0206443511"/><file url="zh-cn_topic_0206443598.html" id="ZH-CN_TOPIC_0206443598" originalId="ZH-CN_TOPIC_0206443598"/><file url="zh-cn_topic_0206443566.html" id="ZH-CN_TOPIC_0206443566" originalId="ZH-CN_TOPIC_0206443566"/><file url="zh-cn_topic_0206443716.html" id="ZH-CN_TOPIC_0206443716" originalId="ZH-CN_TOPIC_0206443716"/><file url="zh-cn_topic_0206443515.html" id="ZH-CN_TOPIC_0206443515" originalId="ZH-CN_TOPIC_0206443515"/><file url="zh-cn_topic_0206443552.html" id="ZH-CN_TOPIC_0206443552" originalId="ZH-CN_TOPIC_0206443552"/><file url="zh-cn_topic_0206443808.html" id="ZH-CN_TOPIC_0206443808" originalId="ZH-CN_TOPIC_0206443808"/><file url="zh-cn_topic_0206443728.html" id="ZH-CN_TOPIC_0206443728" originalId="ZH-CN_TOPIC_0206443728"/><file url="zh-cn_topic_0206443723.html" id="ZH-CN_TOPIC_0206443723" originalId="ZH-CN_TOPIC_0206443723"/><file url="zh-cn_topic_0206443818.html" id="ZH-CN_TOPIC_0206443818" originalId="ZH-CN_TOPIC_0206443818"/><file url="zh-cn_topic_0206443858.html" id="ZH-CN_TOPIC_0206443858" originalId="ZH-CN_TOPIC_0206443858"/><file url="zh-cn_topic_0206443799.html" id="ZH-CN_TOPIC_0206443799" originalId="ZH-CN_TOPIC_0206443799"/><file url="zh-cn_topic_0206443855.html" id="ZH-CN_TOPIC_0206443855" originalId="ZH-CN_TOPIC_0206443855"/><file url="zh-cn_topic_0206443530.html" id="ZH-CN_TOPIC_0206443530" originalId="ZH-CN_TOPIC_0206443530"/><file url="zh-cn_topic_0206443600.html" id="ZH-CN_TOPIC_0206443600" originalId="ZH-CN_TOPIC_0206443600"/><file url="zh-cn_topic_0206443695.html" id="ZH-CN_TOPIC_0206443695" originalId="ZH-CN_TOPIC_0206443695"/><file url="zh-cn_topic_0206443516.html" id="ZH-CN_TOPIC_0206443516" originalId="ZH-CN_TOPIC_0206443516"/><file url="zh-cn_topic_0206443744.html" id="ZH-CN_TOPIC_0206443744" originalId="ZH-CN_TOPIC_0206443744"/><file url="zh-cn_topic_0206443776.html" id="ZH-CN_TOPIC_0206443776" originalId="ZH-CN_TOPIC_0206443776"/><file url="zh-cn_topic_0206443703.html" id="ZH-CN_TOPIC_0206443703" originalId="ZH-CN_TOPIC_0206443703"/><file url="zh-cn_topic_0206443553.html" id="ZH-CN_TOPIC_0206443553" originalId="ZH-CN_TOPIC_0206443553"/><file url="zh-cn_topic_0206443569.html" id="ZH-CN_TOPIC_0206443569" originalId="ZH-CN_TOPIC_0206443569"/><file url="zh-cn_topic_0206443482.html" id="ZH-CN_TOPIC_0206443482" originalId="ZH-CN_TOPIC_0206443482"/><file url="zh-cn_topic_0206443609.html" id="ZH-CN_TOPIC_0206443609" originalId="ZH-CN_TOPIC_0206443609"/><file url="zh-cn_topic_0206443844.html" id="ZH-CN_TOPIC_0206443844" originalId="ZH-CN_TOPIC_0206443844"/><file url="zh-cn_topic_0206443646.html" id="ZH-CN_TOPIC_0206443646" originalId="ZH-CN_TOPIC_0206443646"/><file url="zh-cn_topic_0206443825.html" id="ZH-CN_TOPIC_0206443825" originalId="ZH-CN_TOPIC_0206443825"/><file url="zh-cn_topic_0206443581.html" id="ZH-CN_TOPIC_0206443581" originalId="ZH-CN_TOPIC_0206443581"/><file url="zh-cn_topic_0206443520.html" id="ZH-CN_TOPIC_0206443520" originalId="ZH-CN_TOPIC_0206443520"/><file url="zh-cn_topic_0206443759.html" id="ZH-CN_TOPIC_0206443759" originalId="ZH-CN_TOPIC_0206443759"/><file url="zh-cn_topic_0206443801.html" id="ZH-CN_TOPIC_0206443801" originalId="ZH-CN_TOPIC_0206443801"/><file url="zh-cn_topic_0206443593.html" id="ZH-CN_TOPIC_0206443593" originalId="ZH-CN_TOPIC_0206443593"/><file url="zh-cn_topic_0206443549.html" id="ZH-CN_TOPIC_0206443549" originalId="ZH-CN_TOPIC_0206443549"/><file url="zh-cn_topic_0206443680.html" id="ZH-CN_TOPIC_0206443680" originalId="ZH-CN_TOPIC_0206443680"/><file url="zh-cn_topic_0206443817.html" id="ZH-CN_TOPIC_0206443817" originalId="ZH-CN_TOPIC_0206443817"/><file url="zh-cn_topic_0206443574.html" id="ZH-CN_TOPIC_0206443574" originalId="ZH-CN_TOPIC_0206443574"/><file url="zh-cn_topic_0206443888.html" id="ZH-CN_TOPIC_0206443888" originalId="ZH-CN_TOPIC_0206443888"/><file url="zh-cn_topic_0206715564.html" id="ZH-CN_TOPIC_0206715564" originalId="ZH-CN_TOPIC_0206715564"/><file url="zh-cn_topic_0206715565.html" id="ZH-CN_TOPIC_0206715565" originalId="ZH-CN_TOPIC_0206715565"/><file url="zh-cn_topic_0206443632.html" id="ZH-CN_TOPIC_0206443632" originalId="ZH-CN_TOPIC_0206443632"/><file url="zh-cn_topic_0206443874.html" id="ZH-CN_TOPIC_0206443874" originalId="ZH-CN_TOPIC_0206443874"/><file url="zh-cn_topic_0206443894.html" id="ZH-CN_TOPIC_0206443894" originalId="ZH-CN_TOPIC_0206443894"/><file url="zh-cn_topic_0206443820.html" id="ZH-CN_TOPIC_0206443820" originalId="ZH-CN_TOPIC_0206443820"/><file url="zh-cn_topic_0206443488.html" id="ZH-CN_TOPIC_0206443488" originalId="ZH-CN_TOPIC_0206443488"/><file url="zh-cn_topic_0206443795.html" id="ZH-CN_TOPIC_0206443795" originalId="ZH-CN_TOPIC_0206443795"/><file url="zh-cn_topic_0206443738.html" id="ZH-CN_TOPIC_0206443738" originalId="ZH-CN_TOPIC_0206443738"/><file url="zh-cn_topic_0206443670.html" id="ZH-CN_TOPIC_0206443670" originalId="ZH-CN_TOPIC_0206443670"/><file url="zh-cn_topic_0170797013.html" id="ZH-CN_TOPIC_0170797013" originalId="ZH-CN_TOPIC_0170797013"/><file url="zh-cn_topic_0170590734.html" id="ZH-CN_TOPIC_0170590734" originalId="ZH-CN_TOPIC_0170590734"/><file url="zh-cn_topic_0170590572.html" id="ZH-CN_TOPIC_0170590572" originalId="ZH-CN_TOPIC_0170590572"/><file url="zh-cn_topic_0170590660.html" id="ZH-CN_TOPIC_0170590660" originalId="ZH-CN_TOPIC_0170590660"/><file url="zh-cn_topic_0170590472.html" id="ZH-CN_TOPIC_0170590472" originalId="ZH-CN_TOPIC_0170590472"/><file url="zh-cn_topic_0170590903.html" id="ZH-CN_TOPIC_0170590903" originalId="ZH-CN_TOPIC_0170590903"/><file url="zh-cn_topic_0206443840.html" id="ZH-CN_TOPIC_0206443840" originalId="ZH-CN_TOPIC_0206443840"/><file url="zh-cn_topic_0206443568.html" id="ZH-CN_TOPIC_0206443568" originalId="ZH-CN_TOPIC_0206443568"/><file url="zh-cn_topic_0206443616.html" id="ZH-CN_TOPIC_0206443616" originalId="ZH-CN_TOPIC_0206443616"/><file url="zh-cn_topic_0206443650.html" id="ZH-CN_TOPIC_0206443650" originalId="ZH-CN_TOPIC_0206443650"/><file url="zh-cn_topic_0206443880.html" id="ZH-CN_TOPIC_0206443880" originalId="ZH-CN_TOPIC_0206443880"/><file url="zh-cn_topic_0206443590.html" id="ZH-CN_TOPIC_0206443590" originalId="ZH-CN_TOPIC_0206443590"/><file url="zh-cn_topic_0206443804.html" id="ZH-CN_TOPIC_0206443804" originalId="ZH-CN_TOPIC_0206443804"/><file url="zh-cn_topic_0206443663.html" id="ZH-CN_TOPIC_0206443663" originalId="ZH-CN_TOPIC_0206443663"/><file url="zh-cn_topic_0206443763.html" id="ZH-CN_TOPIC_0206443763" originalId="ZH-CN_TOPIC_0206443763"/><file url="zh-cn_topic_0206443578.html" id="ZH-CN_TOPIC_0206443578" originalId="ZH-CN_TOPIC_0206443578"/><file url="zh-cn_topic_0206443715.html" id="ZH-CN_TOPIC_0206443715" originalId="ZH-CN_TOPIC_0206443715"/><file url="zh-cn_topic_0206443733.html" id="ZH-CN_TOPIC_0206443733" originalId="ZH-CN_TOPIC_0206443733"/><file url="zh-cn_topic_0206443812.html" id="ZH-CN_TOPIC_0206443812" originalId="ZH-CN_TOPIC_0206443812"/><file url="zh-cn_topic_0206443706.html" id="ZH-CN_TOPIC_0206443706" originalId="ZH-CN_TOPIC_0206443706"/><file url="zh-cn_topic_0206443854.html" id="ZH-CN_TOPIC_0206443854" originalId="ZH-CN_TOPIC_0206443854"/><file url="zh-cn_topic_0206443737.html" id="ZH-CN_TOPIC_0206443737" originalId="ZH-CN_TOPIC_0206443737"/><file url="zh-cn_topic_0206443694.html" id="ZH-CN_TOPIC_0206443694" originalId="ZH-CN_TOPIC_0206443694"/><file url="zh-cn_topic_0206443691.html" id="ZH-CN_TOPIC_0206443691" originalId="ZH-CN_TOPIC_0206443691"/><file url="zh-cn_topic_0206443842.html" id="ZH-CN_TOPIC_0206443842" originalId="ZH-CN_TOPIC_0206443842"/><file url="zh-cn_topic_0206443835.html" id="ZH-CN_TOPIC_0206443835" originalId="ZH-CN_TOPIC_0206443835"/><file url="zh-cn_topic_0206443641.html" id="ZH-CN_TOPIC_0206443641" originalId="ZH-CN_TOPIC_0206443641"/><file url="zh-cn_topic_0206443881.html" id="ZH-CN_TOPIC_0206443881" originalId="ZH-CN_TOPIC_0206443881"/><file url="zh-cn_topic_0206443704.html" id="ZH-CN_TOPIC_0206443704" originalId="ZH-CN_TOPIC_0206443704"/><file url="zh-cn_topic_0206443660.html" id="ZH-CN_TOPIC_0206443660" originalId="ZH-CN_TOPIC_0206443660"/><file url="zh-cn_topic_0206443579.html" id="ZH-CN_TOPIC_0206443579" originalId="ZH-CN_TOPIC_0206443579"/><file url="zh-cn_topic_0206443875.html" id="ZH-CN_TOPIC_0206443875" originalId="ZH-CN_TOPIC_0206443875"/><file url="zh-cn_topic_0206443601.html" id="ZH-CN_TOPIC_0206443601" originalId="ZH-CN_TOPIC_0206443601"/><file url="zh-cn_topic_0206443567.html" id="ZH-CN_TOPIC_0206443567" originalId="ZH-CN_TOPIC_0206443567"/><file url="zh-cn_topic_0206443649.html" id="ZH-CN_TOPIC_0206443649" originalId="ZH-CN_TOPIC_0206443649"/><file url="zh-cn_topic_0206443555.html" id="ZH-CN_TOPIC_0206443555" originalId="ZH-CN_TOPIC_0206443555"/><file url="zh-cn_topic_0206443565.html" id="ZH-CN_TOPIC_0206443565" originalId="ZH-CN_TOPIC_0206443565"/><file url="zh-cn_topic_0206443712.html" id="ZH-CN_TOPIC_0206443712" originalId="ZH-CN_TOPIC_0206443712"/><file url="zh-cn_topic_0206443839.html" id="ZH-CN_TOPIC_0206443839" originalId="ZH-CN_TOPIC_0206443839"/><file url="zh-cn_topic_0206443618.html" id="ZH-CN_TOPIC_0206443618" originalId="ZH-CN_TOPIC_0206443618"/><file url="zh-cn_topic_0206443889.html" id="ZH-CN_TOPIC_0206443889" originalId="ZH-CN_TOPIC_0206443889"/><file url="zh-cn_topic_0206443832.html" id="ZH-CN_TOPIC_0206443832" originalId="ZH-CN_TOPIC_0206443832"/><file url="zh-cn_topic_0206443483.html" id="ZH-CN_TOPIC_0206443483" originalId="ZH-CN_TOPIC_0206443483"/><file url="zh-cn_topic_0206443731.html" id="ZH-CN_TOPIC_0206443731" originalId="ZH-CN_TOPIC_0206443731"/><file url="zh-cn_topic_0206443485.html" id="ZH-CN_TOPIC_0206443485" originalId="ZH-CN_TOPIC_0206443485"/><file url="zh-cn_topic_0206443527.html" id="ZH-CN_TOPIC_0206443527" originalId="ZH-CN_TOPIC_0206443527"/><file url="zh-cn_topic_0206443588.html" id="ZH-CN_TOPIC_0206443588" originalId="ZH-CN_TOPIC_0206443588"/><file url="zh-cn_topic_0206443564.html" id="ZH-CN_TOPIC_0206443564" originalId="ZH-CN_TOPIC_0206443564"/><file url="zh-cn_topic_0206443789.html" id="ZH-CN_TOPIC_0206443789" originalId="ZH-CN_TOPIC_0206443789"/><file url="zh-cn_topic_0206443684.html" id="ZH-CN_TOPIC_0206443684" originalId="ZH-CN_TOPIC_0206443684"/><file url="zh-cn_topic_0206443606.html" id="ZH-CN_TOPIC_0206443606" originalId="ZH-CN_TOPIC_0206443606"/><file url="zh-cn_topic_0206443727.html" id="ZH-CN_TOPIC_0206443727" originalId="ZH-CN_TOPIC_0206443727"/><file url="zh-cn_topic_0206443559.html" id="ZH-CN_TOPIC_0206443559" originalId="ZH-CN_TOPIC_0206443559"/><file url="zh-cn_topic_0206443575.html" id="ZH-CN_TOPIC_0206443575" originalId="ZH-CN_TOPIC_0206443575"/><file url="zh-cn_topic_0206443883.html" id="ZH-CN_TOPIC_0206443883" originalId="ZH-CN_TOPIC_0206443883"/><file url="zh-cn_topic_0206443830.html" id="ZH-CN_TOPIC_0206443830" originalId="ZH-CN_TOPIC_0206443830"/><file url="zh-cn_topic_0206443793.html" id="ZH-CN_TOPIC_0206443793" originalId="ZH-CN_TOPIC_0206443793"/><file url="zh-cn_topic_0206443615.html" id="ZH-CN_TOPIC_0206443615" originalId="ZH-CN_TOPIC_0206443615"/><file url="zh-cn_topic_0206443690.html" id="ZH-CN_TOPIC_0206443690" originalId="ZH-CN_TOPIC_0206443690"/><file url="zh-cn_topic_0206443746.html" id="ZH-CN_TOPIC_0206443746" originalId="ZH-CN_TOPIC_0206443746"/><file url="zh-cn_topic_0206443562.html" id="ZH-CN_TOPIC_0206443562" originalId="ZH-CN_TOPIC_0206443562"/><file url="zh-cn_topic_0206443748.html" id="ZH-CN_TOPIC_0206443748" originalId="ZH-CN_TOPIC_0206443748"/><file url="zh-cn_topic_0206443638.html" id="ZH-CN_TOPIC_0206443638" originalId="ZH-CN_TOPIC_0206443638"/><file url="zh-cn_topic_0206443730.html" id="ZH-CN_TOPIC_0206443730" originalId="ZH-CN_TOPIC_0206443730"/><file url="zh-cn_topic_0206443798.html" id="ZH-CN_TOPIC_0206443798" originalId="ZH-CN_TOPIC_0206443798"/><file url="zh-cn_topic_0206443853.html" id="ZH-CN_TOPIC_0206443853" originalId="ZH-CN_TOPIC_0206443853"/><file url="zh-cn_topic_0206443647.html" id="ZH-CN_TOPIC_0206443647" originalId="ZH-CN_TOPIC_0206443647"/><file url="zh-cn_topic_0172225626.html" id="ZH-CN_TOPIC_0172225626" originalId="ZH-CN_TOPIC_0172225626"/><file url="zh-cn_topic_0103212610.html" id="ZH-CN_TOPIC_0103212610" originalId="ZH-CN_TOPIC_0103212610"/><file url="zh-cn_topic_0103212608.html" id="ZH-CN_TOPIC_0103212608" originalId="ZH-CN_TOPIC_0103212608"/><file url="zh-cn_topic_0096851320.html" id="ZH-CN_TOPIC_0096851320" originalId="ZH-CN_TOPIC_0096851320"/><file url="zh-cn_topic_0096851284.html" id="ZH-CN_TOPIC_0096851284" originalId="ZH-CN_TOPIC_0096851284"/><file url="zh-cn_topic_0096851086.html" id="ZH-CN_TOPIC_0096851086" originalId="ZH-CN_TOPIC_0096851086"/><file url="zh-cn_topic_0096850867.html" id="ZH-CN_TOPIC_0096850867" originalId="ZH-CN_TOPIC_0096850867"/><file url="zh-cn_topic_0096850777.html" id="ZH-CN_TOPIC_0096850777" originalId="ZH-CN_TOPIC_0096850777"/><file url="zh-cn_topic_0206443816.html" id="ZH-CN_TOPIC_0206443816" originalId="ZH-CN_TOPIC_0206443816"/><file url="zh-cn_topic_0206443654.html" id="ZH-CN_TOPIC_0206443654" originalId="ZH-CN_TOPIC_0206443654"/><file url="zh-cn_topic_0206443475.html" id="ZH-CN_TOPIC_0206443475" originalId="ZH-CN_TOPIC_0206443475"/><file url="zh-cn_topic_0206443797.html" id="ZH-CN_TOPIC_0206443797" originalId="ZH-CN_TOPIC_0206443797"/><file url="zh-cn_topic_0206443529.html" id="ZH-CN_TOPIC_0206443529" originalId="ZH-CN_TOPIC_0206443529"/><file url="zh-cn_topic_0206443847.html" id="ZH-CN_TOPIC_0206443847" originalId="ZH-CN_TOPIC_0206443847"/><file url="zh-cn_topic_0206443876.html" id="ZH-CN_TOPIC_0206443876" originalId="ZH-CN_TOPIC_0206443876"/><file url="zh-cn_topic_0206443510.html" id="ZH-CN_TOPIC_0206443510" originalId="ZH-CN_TOPIC_0206443510"/><file url="zh-cn_topic_0206443869.html" id="ZH-CN_TOPIC_0206443869" originalId="ZH-CN_TOPIC_0206443869"/><file url="zh-cn_topic_0206443539.html" id="ZH-CN_TOPIC_0206443539" originalId="ZH-CN_TOPIC_0206443539"/><file url="zh-cn_topic_0206443862.html" id="ZH-CN_TOPIC_0206443862" originalId="ZH-CN_TOPIC_0206443862"/><file url="zh-cn_topic_0206443882.html" id="ZH-CN_TOPIC_0206443882" originalId="ZH-CN_TOPIC_0206443882"/><file url="zh-cn_topic_0206443580.html" id="ZH-CN_TOPIC_0206443580" originalId="ZH-CN_TOPIC_0206443580"/><file url="zh-cn_topic_0206443644.html" id="ZH-CN_TOPIC_0206443644" originalId="ZH-CN_TOPIC_0206443644"/><file url="zh-cn_topic_0206443622.html" id="ZH-CN_TOPIC_0206443622" originalId="ZH-CN_TOPIC_0206443622"/><file url="zh-cn_topic_0206443884.html" id="ZH-CN_TOPIC_0206443884" originalId="ZH-CN_TOPIC_0206443884"/><file url="zh-cn_topic_0206443685.html" id="ZH-CN_TOPIC_0206443685" originalId="ZH-CN_TOPIC_0206443685"/><file url="zh-cn_topic_0206443620.html" id="ZH-CN_TOPIC_0206443620" originalId="ZH-CN_TOPIC_0206443620"/><file url="zh-cn_topic_0206443734.html" id="ZH-CN_TOPIC_0206443734" originalId="ZH-CN_TOPIC_0206443734"/><file url="zh-cn_topic_0206443784.html" id="ZH-CN_TOPIC_0206443784" originalId="ZH-CN_TOPIC_0206443784"/><file url="zh-cn_topic_0206443675.html" id="ZH-CN_TOPIC_0206443675" originalId="ZH-CN_TOPIC_0206443675"/><file url="zh-cn_topic_0206443531.html" id="ZH-CN_TOPIC_0206443531" originalId="ZH-CN_TOPIC_0206443531"/><file url="zh-cn_topic_0206443605.html" id="ZH-CN_TOPIC_0206443605" originalId="ZH-CN_TOPIC_0206443605"/><file url="zh-cn_topic_0206443791.html" id="ZH-CN_TOPIC_0206443791" originalId="ZH-CN_TOPIC_0206443791"/><file url="zh-cn_topic_0206443540.html" id="ZH-CN_TOPIC_0206443540" originalId="ZH-CN_TOPIC_0206443540"/><file url="zh-cn_topic_0206443705.html" id="ZH-CN_TOPIC_0206443705" originalId="ZH-CN_TOPIC_0206443705"/><file url="zh-cn_topic_0206443478.html" id="ZH-CN_TOPIC_0206443478" originalId="ZH-CN_TOPIC_0206443478"/><file url="zh-cn_topic_0206443811.html" id="ZH-CN_TOPIC_0206443811" originalId="ZH-CN_TOPIC_0206443811"/><file url="zh-cn_topic_0206443860.html" id="ZH-CN_TOPIC_0206443860" originalId="ZH-CN_TOPIC_0206443860"/><file url="zh-cn_topic_0206443794.html" id="ZH-CN_TOPIC_0206443794" originalId="ZH-CN_TOPIC_0206443794"/><file url="zh-cn_topic_0206443887.html" id="ZH-CN_TOPIC_0206443887" originalId="ZH-CN_TOPIC_0206443887"/><file url="zh-cn_topic_0206443732.html" id="ZH-CN_TOPIC_0206443732" originalId="ZH-CN_TOPIC_0206443732"/><file url="zh-cn_topic_0206443627.html" id="ZH-CN_TOPIC_0206443627" originalId="ZH-CN_TOPIC_0206443627"/><file url="zh-cn_topic_0206443750.html" id="ZH-CN_TOPIC_0206443750" originalId="ZH-CN_TOPIC_0206443750"/><file url="zh-cn_topic_0206443582.html" id="ZH-CN_TOPIC_0206443582" originalId="ZH-CN_TOPIC_0206443582"/><file url="zh-cn_topic_0206443512.html" id="ZH-CN_TOPIC_0206443512" originalId="ZH-CN_TOPIC_0206443512"/><file url="zh-cn_topic_0206443674.html" id="ZH-CN_TOPIC_0206443674" originalId="ZH-CN_TOPIC_0206443674"/><file url="zh-cn_topic_0206443586.html" id="ZH-CN_TOPIC_0206443586" originalId="ZH-CN_TOPIC_0206443586"/><file url="zh-cn_topic_0206443895.html" id="ZH-CN_TOPIC_0206443895" originalId="ZH-CN_TOPIC_0206443895"/><file url="zh-cn_topic_0206443754.html" id="ZH-CN_TOPIC_0206443754" originalId="ZH-CN_TOPIC_0206443754"/><file url="zh-cn_topic_0206443522.html" id="ZH-CN_TOPIC_0206443522" originalId="ZH-CN_TOPIC_0206443522"/><file url="zh-cn_topic_0206443845.html" id="ZH-CN_TOPIC_0206443845" originalId="ZH-CN_TOPIC_0206443845"/><file url="zh-cn_topic_0206443729.html" id="ZH-CN_TOPIC_0206443729" originalId="ZH-CN_TOPIC_0206443729"/><file url="zh-cn_topic_0206443607.html" id="ZH-CN_TOPIC_0206443607" originalId="ZH-CN_TOPIC_0206443607"/><file url="zh-cn_topic_0206443849.html" id="ZH-CN_TOPIC_0206443849" originalId="ZH-CN_TOPIC_0206443849"/><file url="zh-cn_topic_0206443659.html" id="ZH-CN_TOPIC_0206443659" originalId="ZH-CN_TOPIC_0206443659"/><file url="zh-cn_topic_0206443697.html" id="ZH-CN_TOPIC_0206443697" originalId="ZH-CN_TOPIC_0206443697"/><file url="zh-cn_topic_0206443805.html" id="ZH-CN_TOPIC_0206443805" originalId="ZH-CN_TOPIC_0206443805"/><file url="zh-cn_topic_0206443870.html" id="ZH-CN_TOPIC_0206443870" originalId="ZH-CN_TOPIC_0206443870"/><file url="zh-cn_topic_0206443781.html" id="ZH-CN_TOPIC_0206443781" originalId="ZH-CN_TOPIC_0206443781"/><file url="zh-cn_topic_0206443519.html" id="ZH-CN_TOPIC_0206443519" originalId="ZH-CN_TOPIC_0206443519"/><file url="zh-cn_topic_0206443639.html" id="ZH-CN_TOPIC_0206443639" originalId="ZH-CN_TOPIC_0206443639"/><file url="zh-cn_topic_0206443696.html" id="ZH-CN_TOPIC_0206443696" originalId="ZH-CN_TOPIC_0206443696"/><file url="zh-cn_topic_0206443803.html" id="ZH-CN_TOPIC_0206443803" originalId="ZH-CN_TOPIC_0206443803"/><file url="zh-cn_topic_0206443809.html" id="ZH-CN_TOPIC_0206443809" originalId="ZH-CN_TOPIC_0206443809"/><file url="zh-cn_topic_0206443756.html" id="ZH-CN_TOPIC_0206443756" originalId="ZH-CN_TOPIC_0206443756"/><file url="zh-cn_topic_0206443740.html" id="ZH-CN_TOPIC_0206443740" originalId="ZH-CN_TOPIC_0206443740"/><file url="zh-cn_topic_0206443736.html" id="ZH-CN_TOPIC_0206443736" originalId="ZH-CN_TOPIC_0206443736"/><file url="zh-cn_topic_0206443481.html" id="ZH-CN_TOPIC_0206443481" originalId="ZH-CN_TOPIC_0206443481"/><file url="zh-cn_topic_0206443710.html" id="ZH-CN_TOPIC_0206443710" originalId="ZH-CN_TOPIC_0206443710"/><file url="zh-cn_topic_0206443822.html" id="ZH-CN_TOPIC_0206443822" originalId="ZH-CN_TOPIC_0206443822"/><file url="zh-cn_topic_0206443735.html" id="ZH-CN_TOPIC_0206443735" originalId="ZH-CN_TOPIC_0206443735"/><file url="zh-cn_topic_0206443718.html" id="ZH-CN_TOPIC_0206443718" originalId="ZH-CN_TOPIC_0206443718"/><file url="zh-cn_topic_0206443594.html" id="ZH-CN_TOPIC_0206443594" originalId="ZH-CN_TOPIC_0206443594"/><file url="zh-cn_topic_0206443841.html" id="ZH-CN_TOPIC_0206443841" originalId="ZH-CN_TOPIC_0206443841"/><file url="zh-cn_topic_0206443796.html" id="ZH-CN_TOPIC_0206443796" originalId="ZH-CN_TOPIC_0206443796"/><file url="zh-cn_topic_0206443692.html" id="ZH-CN_TOPIC_0206443692" originalId="ZH-CN_TOPIC_0206443692"/><file url="zh-cn_topic_0206443591.html" id="ZH-CN_TOPIC_0206443591" originalId="ZH-CN_TOPIC_0206443591"/><file url="zh-cn_topic_0206443668.html" id="ZH-CN_TOPIC_0206443668" originalId="ZH-CN_TOPIC_0206443668"/><file url="zh-cn_topic_0206443643.html" id="ZH-CN_TOPIC_0206443643" originalId="ZH-CN_TOPIC_0206443643"/><file url="zh-cn_topic_0206443558.html" id="ZH-CN_TOPIC_0206443558" originalId="ZH-CN_TOPIC_0206443558"/><file url="zh-cn_topic_0206443604.html" id="ZH-CN_TOPIC_0206443604" originalId="ZH-CN_TOPIC_0206443604"/><file url="zh-cn_topic_0206443687.html" id="ZH-CN_TOPIC_0206443687" originalId="ZH-CN_TOPIC_0206443687"/><file url="zh-cn_topic_0206443634.html" id="ZH-CN_TOPIC_0206443634" originalId="ZH-CN_TOPIC_0206443634"/><file url="zh-cn_topic_0206443640.html" id="ZH-CN_TOPIC_0206443640" originalId="ZH-CN_TOPIC_0206443640"/><file url="zh-cn_topic_0206443526.html" id="ZH-CN_TOPIC_0206443526" originalId="ZH-CN_TOPIC_0206443526"/><file url="zh-cn_topic_0206443741.html" id="ZH-CN_TOPIC_0206443741" originalId="ZH-CN_TOPIC_0206443741"/><file url="zh-cn_topic_0206443602.html" id="ZH-CN_TOPIC_0206443602" originalId="ZH-CN_TOPIC_0206443602"/><file url="zh-cn_topic_0206443686.html" id="ZH-CN_TOPIC_0206443686" originalId="ZH-CN_TOPIC_0206443686"/><file url="zh-cn_topic_0206443517.html" id="ZH-CN_TOPIC_0206443517" originalId="ZH-CN_TOPIC_0206443517"/><file url="zh-cn_topic_0206443829.html" id="ZH-CN_TOPIC_0206443829" originalId="ZH-CN_TOPIC_0206443829"/><file url="zh-cn_topic_0206443891.html" id="ZH-CN_TOPIC_0206443891" originalId="ZH-CN_TOPIC_0206443891"/><file url="zh-cn_topic_0206443814.html" id="ZH-CN_TOPIC_0206443814" originalId="ZH-CN_TOPIC_0206443814"/><file url="zh-cn_topic_0206443518.html" id="ZH-CN_TOPIC_0206443518" originalId="ZH-CN_TOPIC_0206443518"/><file url="zh-cn_topic_0206443851.html" id="ZH-CN_TOPIC_0206443851" originalId="ZH-CN_TOPIC_0206443851"/><file url="zh-cn_topic_0206443693.html" id="ZH-CN_TOPIC_0206443693" originalId="ZH-CN_TOPIC_0206443693"/><file url="zh-cn_topic_0206443561.html" id="ZH-CN_TOPIC_0206443561" originalId="ZH-CN_TOPIC_0206443561"/><file url="zh-cn_topic_0206443834.html" id="ZH-CN_TOPIC_0206443834" originalId="ZH-CN_TOPIC_0206443834"/><file url="zh-cn_topic_0206443534.html" id="ZH-CN_TOPIC_0206443534" originalId="ZH-CN_TOPIC_0206443534"/><file url="zh-cn_topic_0206443765.html" id="ZH-CN_TOPIC_0206443765" originalId="ZH-CN_TOPIC_0206443765"/><file url="zh-cn_topic_0206443878.html" id="ZH-CN_TOPIC_0206443878" originalId="ZH-CN_TOPIC_0206443878"/><file url="zh-cn_topic_0206443611.html" id="ZH-CN_TOPIC_0206443611" originalId="ZH-CN_TOPIC_0206443611"/><file url="zh-cn_topic_0206443688.html" id="ZH-CN_TOPIC_0206443688" originalId="ZH-CN_TOPIC_0206443688"/><file url="zh-cn_topic_0206443863.html" id="ZH-CN_TOPIC_0206443863" originalId="ZH-CN_TOPIC_0206443863"/><file url="zh-cn_topic_0206443873.html" id="ZH-CN_TOPIC_0206443873" originalId="ZH-CN_TOPIC_0206443873"/><file url="zh-cn_topic_0206443769.html" id="ZH-CN_TOPIC_0206443769" originalId="ZH-CN_TOPIC_0206443769"/><file url="zh-cn_topic_0206443766.html" id="ZH-CN_TOPIC_0206443766" originalId="ZH-CN_TOPIC_0206443766"/><file url="zh-cn_topic_0206443657.html" id="ZH-CN_TOPIC_0206443657" originalId="ZH-CN_TOPIC_0206443657"/><file url="zh-cn_topic_0206443717.html" id="ZH-CN_TOPIC_0206443717" originalId="ZH-CN_TOPIC_0206443717"/><file url="zh-cn_topic_0206443637.html" id="ZH-CN_TOPIC_0206443637" originalId="ZH-CN_TOPIC_0206443637"/><file url="zh-cn_topic_0206443548.html" id="ZH-CN_TOPIC_0206443548" originalId="ZH-CN_TOPIC_0206443548"/><file url="zh-cn_topic_0206443807.html" id="ZH-CN_TOPIC_0206443807" originalId="ZH-CN_TOPIC_0206443807"/><file url="zh-cn_topic_0206443541.html" id="ZH-CN_TOPIC_0206443541" originalId="ZH-CN_TOPIC_0206443541"/><file url="zh-cn_topic_0206443537.html" id="ZH-CN_TOPIC_0206443537" originalId="ZH-CN_TOPIC_0206443537"/><file url="zh-cn_topic_0206443702.html" id="ZH-CN_TOPIC_0206443702" originalId="ZH-CN_TOPIC_0206443702"/><file url="zh-cn_topic_0206443523.html" id="ZH-CN_TOPIC_0206443523" originalId="ZH-CN_TOPIC_0206443523"/><file url="zh-cn_topic_0206443630.html" id="ZH-CN_TOPIC_0206443630" originalId="ZH-CN_TOPIC_0206443630"/><file url="zh-cn_topic_0206443724.html" id="ZH-CN_TOPIC_0206443724" originalId="ZH-CN_TOPIC_0206443724"/><file url="zh-cn_topic_0206443484.html" id="ZH-CN_TOPIC_0206443484" originalId="ZH-CN_TOPIC_0206443484"/><file url="zh-cn_topic_0206443864.html" id="ZH-CN_TOPIC_0206443864" originalId="ZH-CN_TOPIC_0206443864"/><file url="zh-cn_topic_0206443833.html" id="ZH-CN_TOPIC_0206443833" originalId="ZH-CN_TOPIC_0206443833"/><file url="zh-cn_topic_0206443547.html" id="ZH-CN_TOPIC_0206443547" originalId="ZH-CN_TOPIC_0206443547"/><file url="zh-cn_topic_0206443557.html" id="ZH-CN_TOPIC_0206443557" originalId="ZH-CN_TOPIC_0206443557"/><file url="zh-cn_topic_0206443861.html" id="ZH-CN_TOPIC_0206443861" originalId="ZH-CN_TOPIC_0206443861"/><file url="zh-cn_topic_0206443783.html" id="ZH-CN_TOPIC_0206443783" originalId="ZH-CN_TOPIC_0206443783"/><file url="zh-cn_topic_0206443513.html" id="ZH-CN_TOPIC_0206443513" originalId="ZH-CN_TOPIC_0206443513"/><file url="zh-cn_topic_0206443648.html" id="ZH-CN_TOPIC_0206443648" originalId="ZH-CN_TOPIC_0206443648"/><file url="zh-cn_topic_0206443800.html" id="ZH-CN_TOPIC_0206443800" originalId="ZH-CN_TOPIC_0206443800"/><file url="zh-cn_topic_0206443672.html" id="ZH-CN_TOPIC_0206443672" originalId="ZH-CN_TOPIC_0206443672"/><file url="zh-cn_topic_0206443779.html" id="ZH-CN_TOPIC_0206443779" originalId="ZH-CN_TOPIC_0206443779"/><file url="zh-cn_topic_0206443824.html" id="ZH-CN_TOPIC_0206443824" originalId="ZH-CN_TOPIC_0206443824"/><file url="zh-cn_topic_0206443777.html" id="ZH-CN_TOPIC_0206443777" originalId="ZH-CN_TOPIC_0206443777"/><file url="zh-cn_topic_0206443560.html" id="ZH-CN_TOPIC_0206443560" originalId="ZH-CN_TOPIC_0206443560"/><file url="zh-cn_topic_0206443752.html" id="ZH-CN_TOPIC_0206443752" originalId="ZH-CN_TOPIC_0206443752"/><file url="zh-cn_topic_0206443662.html" id="ZH-CN_TOPIC_0206443662" originalId="ZH-CN_TOPIC_0206443662"/><file url="zh-cn_topic_0206443886.html" id="ZH-CN_TOPIC_0206443886" originalId="ZH-CN_TOPIC_0206443886"/><file url="zh-cn_topic_0206443885.html" id="ZH-CN_TOPIC_0206443885" originalId="ZH-CN_TOPIC_0206443885"/><file url="zh-cn_topic_0206443843.html" id="ZH-CN_TOPIC_0206443843" originalId="ZH-CN_TOPIC_0206443843"/><file url="zh-cn_topic_0206443587.html" id="ZH-CN_TOPIC_0206443587" originalId="ZH-CN_TOPIC_0206443587"/><file url="zh-cn_topic_0206443877.html" id="ZH-CN_TOPIC_0206443877" originalId="ZH-CN_TOPIC_0206443877"/><file url="zh-cn_topic_0206443542.html" id="ZH-CN_TOPIC_0206443542" originalId="ZH-CN_TOPIC_0206443542"/><file url="zh-cn_topic_0206443709.html" id="ZH-CN_TOPIC_0206443709" originalId="ZH-CN_TOPIC_0206443709"/><file url="zh-cn_topic_0206443852.html" id="ZH-CN_TOPIC_0206443852" originalId="ZH-CN_TOPIC_0206443852"/><file url="zh-cn_topic_0206443597.html" id="ZH-CN_TOPIC_0206443597" originalId="ZH-CN_TOPIC_0206443597"/><file url="zh-cn_topic_0206443480.html" id="ZH-CN_TOPIC_0206443480" originalId="ZH-CN_TOPIC_0206443480"/><file url="zh-cn_topic_0206443592.html" id="ZH-CN_TOPIC_0206443592" originalId="ZH-CN_TOPIC_0206443592"/><file url="zh-cn_topic_0206443514.html" id="ZH-CN_TOPIC_0206443514" originalId="ZH-CN_TOPIC_0206443514"/><file url="zh-cn_topic_0206443745.html" id="ZH-CN_TOPIC_0206443745" originalId="ZH-CN_TOPIC_0206443745"/><file url="zh-cn_topic_0206443525.html" id="ZH-CN_TOPIC_0206443525" originalId="ZH-CN_TOPIC_0206443525"/><file url="zh-cn_topic_0206443631.html" id="ZH-CN_TOPIC_0206443631" originalId="ZH-CN_TOPIC_0206443631"/><file url="zh-cn_topic_0206443667.html" id="ZH-CN_TOPIC_0206443667" originalId="ZH-CN_TOPIC_0206443667"/><file url="zh-cn_topic_0206443771.html" id="ZH-CN_TOPIC_0206443771" originalId="ZH-CN_TOPIC_0206443771"/><file url="zh-cn_topic_0206443890.html" id="ZH-CN_TOPIC_0206443890" originalId="ZH-CN_TOPIC_0206443890"/><file url="zh-cn_topic_0206443614.html" id="ZH-CN_TOPIC_0206443614" originalId="ZH-CN_TOPIC_0206443614"/><file url="zh-cn_topic_0206443892.html" id="ZH-CN_TOPIC_0206443892" originalId="ZH-CN_TOPIC_0206443892"/><file url="zh-cn_topic_0206443831.html" id="ZH-CN_TOPIC_0206443831" originalId="ZH-CN_TOPIC_0206443831"/><file url="zh-cn_topic_0206443683.html" id="ZH-CN_TOPIC_0206443683" originalId="ZH-CN_TOPIC_0206443683"/><file url="zh-cn_topic_0206443665.html" id="ZH-CN_TOPIC_0206443665" originalId="ZH-CN_TOPIC_0206443665"/><file url="zh-cn_topic_0206443626.html" id="ZH-CN_TOPIC_0206443626" originalId="ZH-CN_TOPIC_0206443626"/><file url="zh-cn_topic_0206443666.html" id="ZH-CN_TOPIC_0206443666" originalId="ZH-CN_TOPIC_0206443666"/><file url="zh-cn_topic_0206443599.html" id="ZH-CN_TOPIC_0206443599" originalId="ZH-CN_TOPIC_0206443599"/><file url="zh-cn_topic_0206443476.html" id="ZH-CN_TOPIC_0206443476" originalId="ZH-CN_TOPIC_0206443476"/><file url="zh-cn_topic_0206443487.html" id="ZH-CN_TOPIC_0206443487" originalId="ZH-CN_TOPIC_0206443487"/><file url="zh-cn_topic_0206443720.html" id="ZH-CN_TOPIC_0206443720" originalId="ZH-CN_TOPIC_0206443720"/><file url="zh-cn_topic_0206443857.html" id="ZH-CN_TOPIC_0206443857" originalId="ZH-CN_TOPIC_0206443857"/><file url="zh-cn_topic_0206443651.html" id="ZH-CN_TOPIC_0206443651" originalId="ZH-CN_TOPIC_0206443651"/><file url="zh-cn_topic_0206443664.html" id="ZH-CN_TOPIC_0206443664" originalId="ZH-CN_TOPIC_0206443664"/><file url="zh-cn_topic_0206443828.html" id="ZH-CN_TOPIC_0206443828" originalId="ZH-CN_TOPIC_0206443828"/><file url="zh-cn_topic_0206443868.html" id="ZH-CN_TOPIC_0206443868" originalId="ZH-CN_TOPIC_0206443868"/><file url="zh-cn_topic_0206443742.html" id="ZH-CN_TOPIC_0206443742" originalId="ZH-CN_TOPIC_0206443742"/><file url="zh-cn_topic_0206443764.html" id="ZH-CN_TOPIC_0206443764" originalId="ZH-CN_TOPIC_0206443764"/><file url="zh-cn_topic_0206443780.html" id="ZH-CN_TOPIC_0206443780" originalId="ZH-CN_TOPIC_0206443780"/><file url="zh-cn_topic_0206443787.html" id="ZH-CN_TOPIC_0206443787" originalId="ZH-CN_TOPIC_0206443787"/><file url="zh-cn_topic_0206443550.html" id="ZH-CN_TOPIC_0206443550" originalId="ZH-CN_TOPIC_0206443550"/><file url="zh-cn_topic_0206443838.html" id="ZH-CN_TOPIC_0206443838" originalId="ZH-CN_TOPIC_0206443838"/><file url="zh-cn_topic_0206443645.html" id="ZH-CN_TOPIC_0206443645" originalId="ZH-CN_TOPIC_0206443645"/><file url="zh-cn_topic_0206443792.html" id="ZH-CN_TOPIC_0206443792" originalId="ZH-CN_TOPIC_0206443792"/><file url="zh-cn_topic_0206443661.html" id="ZH-CN_TOPIC_0206443661" originalId="ZH-CN_TOPIC_0206443661"/><file url="zh-cn_topic_0206443848.html" id="ZH-CN_TOPIC_0206443848" originalId="ZH-CN_TOPIC_0206443848"/><file url="zh-cn_topic_0206443757.html" id="ZH-CN_TOPIC_0206443757" originalId="ZH-CN_TOPIC_0206443757"/><file url="zh-cn_topic_0206443866.html" id="ZH-CN_TOPIC_0206443866" originalId="ZH-CN_TOPIC_0206443866"/><file url="zh-cn_topic_0206443673.html" id="ZH-CN_TOPIC_0206443673" originalId="ZH-CN_TOPIC_0206443673"/><file url="zh-cn_topic_0206443768.html" id="ZH-CN_TOPIC_0206443768" originalId="ZH-CN_TOPIC_0206443768"/><file url="zh-cn_topic_0206443813.html" id="ZH-CN_TOPIC_0206443813" originalId="ZH-CN_TOPIC_0206443813"/><file url="zh-cn_topic_0206443536.html" id="ZH-CN_TOPIC_0206443536" originalId="ZH-CN_TOPIC_0206443536"/><file url="zh-cn_topic_0206443577.html" id="ZH-CN_TOPIC_0206443577" originalId="ZH-CN_TOPIC_0206443577"/><file url="zh-cn_topic_0206443677.html" id="ZH-CN_TOPIC_0206443677" originalId="ZH-CN_TOPIC_0206443677"/><file url="zh-cn_topic_0206443802.html" id="ZH-CN_TOPIC_0206443802" originalId="ZH-CN_TOPIC_0206443802"/><file url="zh-cn_topic_0206443624.html" id="ZH-CN_TOPIC_0206443624" originalId="ZH-CN_TOPIC_0206443624"/><file url="zh-cn_topic_0206443774.html" id="ZH-CN_TOPIC_0206443774" originalId="ZH-CN_TOPIC_0206443774"/><file url="zh-cn_topic_0206443821.html" id="ZH-CN_TOPIC_0206443821" originalId="ZH-CN_TOPIC_0206443821"/><file url="zh-cn_topic_0206443589.html" id="ZH-CN_TOPIC_0206443589" originalId="ZH-CN_TOPIC_0206443589"/><file url="zh-cn_topic_0206443573.html" id="ZH-CN_TOPIC_0206443573" originalId="ZH-CN_TOPIC_0206443573"/><file url="zh-cn_topic_0206443749.html" id="ZH-CN_TOPIC_0206443749" originalId="ZH-CN_TOPIC_0206443749"/><file url="zh-cn_topic_0206443477.html" id="ZH-CN_TOPIC_0206443477" originalId="ZH-CN_TOPIC_0206443477"/><file url="zh-cn_topic_0206443545.html" id="ZH-CN_TOPIC_0206443545" originalId="ZH-CN_TOPIC_0206443545"/><file url="zh-cn_topic_0206443761.html" id="ZH-CN_TOPIC_0206443761" originalId="ZH-CN_TOPIC_0206443761"/><file url="zh-cn_topic_0206443711.html" id="ZH-CN_TOPIC_0206443711" originalId="ZH-CN_TOPIC_0206443711"/><file url="zh-cn_topic_0206443532.html" id="ZH-CN_TOPIC_0206443532" originalId="ZH-CN_TOPIC_0206443532"/><file url="zh-cn_topic_0206443681.html" id="ZH-CN_TOPIC_0206443681" originalId="ZH-CN_TOPIC_0206443681"/><file url="zh-cn_topic_0206443538.html" id="ZH-CN_TOPIC_0206443538" originalId="ZH-CN_TOPIC_0206443538"/><file url="zh-cn_topic_0206443544.html" id="ZH-CN_TOPIC_0206443544" originalId="ZH-CN_TOPIC_0206443544"/><file url="zh-cn_topic_0206443671.html" id="ZH-CN_TOPIC_0206443671" originalId="ZH-CN_TOPIC_0206443671"/><file url="zh-cn_topic_0206443551.html" id="ZH-CN_TOPIC_0206443551" originalId="ZH-CN_TOPIC_0206443551"/><file url="zh-cn_topic_0206443836.html" id="ZH-CN_TOPIC_0206443836" originalId="ZH-CN_TOPIC_0206443836"/><file url="zh-cn_topic_0206443719.html" id="ZH-CN_TOPIC_0206443719" originalId="ZH-CN_TOPIC_0206443719"/><file url="zh-cn_topic_0206443846.html" id="ZH-CN_TOPIC_0206443846" originalId="ZH-CN_TOPIC_0206443846"/><file url="zh-cn_topic_0206443576.html" id="ZH-CN_TOPIC_0206443576" originalId="ZH-CN_TOPIC_0206443576"/><file url="zh-cn_topic_0206443700.html" id="ZH-CN_TOPIC_0206443700" originalId="ZH-CN_TOPIC_0206443700"/><file url="zh-cn_topic_0206443747.html" id="ZH-CN_TOPIC_0206443747" originalId="ZH-CN_TOPIC_0206443747"/><file url="zh-cn_topic_0206443521.html" id="ZH-CN_TOPIC_0206443521" originalId="ZH-CN_TOPIC_0206443521"/><file url="zh-cn_topic_0206443823.html" id="ZH-CN_TOPIC_0206443823" originalId="ZH-CN_TOPIC_0206443823"/><file url="zh-cn_topic_0206443613.html" id="ZH-CN_TOPIC_0206443613" originalId="ZH-CN_TOPIC_0206443613"/><file url="zh-cn_topic_0206443788.html" id="ZH-CN_TOPIC_0206443788" originalId="ZH-CN_TOPIC_0206443788"/><file url="zh-cn_topic_0206443479.html" id="ZH-CN_TOPIC_0206443479" originalId="ZH-CN_TOPIC_0206443479"/><file url="zh-cn_topic_0206443571.html" id="ZH-CN_TOPIC_0206443571" originalId="ZH-CN_TOPIC_0206443571"/><file url="zh-cn_topic_0206443872.html" id="ZH-CN_TOPIC_0206443872" originalId="ZH-CN_TOPIC_0206443872"/><file url="zh-cn_topic_0206443617.html" id="ZH-CN_TOPIC_0206443617" originalId="ZH-CN_TOPIC_0206443617"/><file url="zh-cn_topic_0206443612.html" id="ZH-CN_TOPIC_0206443612" originalId="ZH-CN_TOPIC_0206443612"/><file url="zh-cn_topic_0206443556.html" id="ZH-CN_TOPIC_0206443556" originalId="ZH-CN_TOPIC_0206443556"/><file url="zh-cn_topic_0206443827.html" id="ZH-CN_TOPIC_0206443827" originalId="ZH-CN_TOPIC_0206443827"/><file url="zh-cn_topic_0206443790.html" id="ZH-CN_TOPIC_0206443790" originalId="ZH-CN_TOPIC_0206443790"/><file url="zh-cn_topic_0149449370.html" id="ZH-CN_TOPIC_0149449370" originalId="ZH-CN_TOPIC_0149449370"/><file url="zh-cn_topic_0149450059.html" id="ZH-CN_TOPIC_0149450059" originalId="ZH-CN_TOPIC_0149450059"/></files>