<?xml version="1.0" encoding="UTF-8"?>
<root><item number="ZH-CN_TOPIC_0206715565" projectid="896642361" sourceprojectid="" version="A-1.3" baseline="" type="topic" sourcemapnum="ZH-CN_BOOKMAP_0206443636" sourcemapversion="A-1.17"/><item number="ZH-CN_TOPIC_0206715564" projectid="896642361" sourceprojectid="" version="A-1.3" baseline="" type="topic" sourcemapnum="ZH-CN_BOOKMAP_0206443636" sourcemapversion="A-1.17"/><item number="ZH-CN_TOPIC_0206647682" projectid="896642361" sourceprojectid="" version="A-1.2" baseline="" type="topic" sourcemapnum="ZH-CN_BOOKMAP_0206443636" sourcemapversion="A-1.17"/><item number="ZH-CN_TOPIC_0206647681" projectid="896642361" sourceprojectid="" version="A-1.2" baseline="" type="topic" sourcemapnum="ZH-CN_BOOKMAP_0206443636" sourcemapversion="A-1.17"/><item number="ZH-CN_TOPIC_0206647680" projectid="896642361" sourceprojectid="" version="A-1.3" baseline="" type="topic" sourcemapnum="ZH-CN_BOOKMAP_0206443636" sourcemapversion="A-1.17"/><item number="ZH-CN_TOPIC_0206642889" projectid="896642361" sourceprojectid="" version="A-1.3" baseline="" type="topic" sourcemapnum="ZH-CN_BOOKMAP_0206443636" sourcemapversion="A-1.17"/><item number="ZH-CN_TOPIC_0206443895" projectid="896642361" sourceprojectid="" version="A-1.1" baseline="" type="topic" sourcemapnum="ZH-CN_BOOKMAP_0206443636" sourcemapversion="A-1.17"/><item number="ZH-CN_TOPIC_0206443894" projectid="896642361" sourceprojectid="" version="A-1.2" baseline="" type="topic" sourcemapnum="ZH-CN_BOOKMAP_0206443636" sourcemapversion="A-1.17"/><item number="ZH-CN_TOPIC_0206443892" projectid="896642361" sourceprojectid="" version="A-1.1" baseline="" type="topic" sourcemapnum="ZH-CN_BOOKMAP_0206443636" sourcemapversion="A-1.17"/><item number="ZH-CN_TOPIC_0206443891" projectid="896642361" sourceprojectid="" version="A-1.1" baseline="" type="topic" sourcemapnum="ZH-CN_BOOKMAP_0206443636" sourcemapversion="A-1.17"/><item number="ZH-CN_TOPIC_0206443890" projectid="896642361" sourceprojectid="" version="A-1.1" baseline="" type="topic" sourcemapnum="ZH-CN_BOOKMAP_0206443636" sourcemapversion="A-1.17"/><item number="ZH-CN_TOPIC_0206443889" projectid="896642361" sourceprojectid="" version="A-1.1" baseline="" type="topic" sourcemapnum="ZH-CN_BOOKMAP_0206443636" sourcemapversion="A-1.17"/><item number="ZH-CN_TOPIC_0206443888" projectid="896642361" sourceprojectid="" version="A-1.2" baseline="" type="topic" sourcemapnum="ZH-CN_BOOKMAP_0206443636" sourcemapversion="A-1.17"/><item number="ZH-CN_TOPIC_0206443887" projectid="896642361" sourceprojectid="" version="A-1.1" baseline="" type="topic" sourcemapnum="ZH-CN_BOOKMAP_0206443636" sourcemapversion="A-1.17"/><item number="ZH-CN_TOPIC_0206443886" projectid="896642361" sourceprojectid="" version="A-1.1" baseline="" type="topic" sourcemapnum="ZH-CN_BOOKMAP_0206443636" sourcemapversion="A-1.17"/><item number="ZH-CN_TOPIC_0206443885" projectid="896642361" sourceprojectid="" version="A-1.1" baseline="" type="topic" sourcemapnum="ZH-CN_BOOKMAP_0206443636" sourcemapversion="A-1.17"/><item number="ZH-CN_TOPIC_0206443884" projectid="896642361" sourceprojectid="" version="A-1.1" baseline="" type="topic" sourcemapnum="ZH-CN_BOOKMAP_0206443636" sourcemapversion="A-1.17"/><item number="ZH-CN_TOPIC_0206443883" projectid="896642361" sourceprojectid="" version="A-1.1" baseline="" type="topic" sourcemapnum="ZH-CN_BOOKMAP_0206443636" sourcemapversion="A-1.17"/><item number="ZH-CN_TOPIC_0206443882" projectid="896642361" sourceprojectid="" version="A-1.1" baseline="" type="topic" sourcemapnum="ZH-CN_BOOKMAP_0206443636" sourcemapversion="A-1.17"/><item number="ZH-CN_TOPIC_0206443881" projectid="896642361" sourceprojectid="" version="A-1.1" baseline="" type="topic" sourcemapnum="ZH-CN_BOOKMAP_0206443636" sourcemapversion="A-1.17"/><item number="ZH-CN_TOPIC_0206443880" projectid="896642361" sourceprojectid="" version="A-1.1" baseline="" type="topic" sourcemapnum="ZH-CN_BOOKMAP_0206443636" sourcemapversion="A-1.17"/><item number="ZH-CN_TOPIC_0206443878" projectid="896642361" sourceprojectid="" version="A-1.1" baseline="" type="topic" sourcemapnum="ZH-CN_BOOKMAP_0206443636" sourcemapversion="A-1.17"/><item number="ZH-CN_TOPIC_0206443877" projectid="896642361" sourceprojectid="" version="A-1.1" baseline="" type="topic" sourcemapnum="ZH-CN_BOOKMAP_0206443636" sourcemapversion="A-1.17"/><item number="ZH-CN_TOPIC_0206443876" projectid="896642361" sourceprojectid="" version="A-1.1" baseline="" type="topic" sourcemapnum="ZH-CN_BOOKMAP_0206443636" sourcemapversion="A-1.17"/><item number="ZH-CN_TOPIC_0206443875" projectid="896642361" sourceprojectid="" version="A-1.1" baseline="" type="topic" sourcemapnum="ZH-CN_BOOKMAP_0206443636" sourcemapversion="A-1.17"/><item number="ZH-CN_TOPIC_0206443874" projectid="896642361" sourceprojectid="" version="A-1.2" baseline="" type="topic" sourcemapnum="ZH-CN_BOOKMAP_0206443636" sourcemapversion="A-1.17"/><item number="ZH-CN_TOPIC_0206443873" projectid="896642361" sourceprojectid="" version="A-1.1" baseline="" type="topic" sourcemapnum="ZH-CN_BOOKMAP_0206443636" sourcemapversion="A-1.17"/><item number="ZH-CN_TOPIC_0206443872" projectid="896642361" sourceprojectid="" version="A-1.1" baseline="" type="topic" sourcemapnum="ZH-CN_BOOKMAP_0206443636" sourcemapversion="A-1.17"/><item number="ZH-CN_TOPIC_0206443870" projectid="896642361" sourceprojectid="" version="A-1.1" baseline="" type="topic" sourcemapnum="ZH-CN_BOOKMAP_0206443636" sourcemapversion="A-1.17"/><item number="ZH-CN_TOPIC_0206443869" projectid="896642361" sourceprojectid="" version="A-1.1" baseline="" type="topic" sourcemapnum="ZH-CN_BOOKMAP_0206443636" sourcemapversion="A-1.17"/><item number="ZH-CN_TOPIC_0206443868" projectid="896642361" sourceprojectid="" version="A-1.1" baseline="" type="topic" sourcemapnum="ZH-CN_BOOKMAP_0206443636" sourcemapversion="A-1.17"/><item number="ZH-CN_TOPIC_0206443866" projectid="896642361" sourceprojectid="" version="A-1.1" baseline="" type="topic" sourcemapnum="ZH-CN_BOOKMAP_0206443636" sourcemapversion="A-1.17"/><item number="ZH-CN_TOPIC_0206443865" projectid="896642361" sourceprojectid="" version="A-1.2" baseline="" type="topic" sourcemapnum="ZH-CN_BOOKMAP_0206443636" sourcemapversion="A-1.17"/><item number="ZH-CN_TOPIC_0206443864" projectid="896642361" sourceprojectid="" version="A-1.1" baseline="" type="topic" sourcemapnum="ZH-CN_BOOKMAP_0206443636" sourcemapversion="A-1.17"/><item number="ZH-CN_TOPIC_0206443863" projectid="896642361" sourceprojectid="" version="A-1.1" baseline="" type="topic" sourcemapnum="ZH-CN_BOOKMAP_0206443636" sourcemapversion="A-1.17"/><item number="ZH-CN_TOPIC_0206443862" projectid="896642361" sourceprojectid="" version="A-1.1" baseline="" type="topic" sourcemapnum="ZH-CN_BOOKMAP_0206443636" sourcemapversion="A-1.17"/><item number="ZH-CN_TOPIC_0206443861" projectid="896642361" sourceprojectid="" version="A-1.1" baseline="" type="topic" sourcemapnum="ZH-CN_BOOKMAP_0206443636" sourcemapversion="A-1.17"/><item number="ZH-CN_TOPIC_0206443860" projectid="896642361" sourceprojectid="" version="A-1.1" baseline="" type="topic" sourcemapnum="ZH-CN_BOOKMAP_0206443636" sourcemapversion="A-1.17"/><item number="ZH-CN_TOPIC_0206443859" projectid="896642361" sourceprojectid="" version="A-1.2" baseline="" type="topic" sourcemapnum="ZH-CN_BOOKMAP_0206443636" sourcemapversion="A-1.17"/><item number="ZH-CN_TOPIC_0206443858" projectid="896642361" sourceprojectid="" version="A-1.2" baseline="" type="topic" sourcemapnum="ZH-CN_BOOKMAP_0206443636" sourcemapversion="A-1.17"/><item number="ZH-CN_TOPIC_0206443857" projectid="896642361" sourceprojectid="" version="A-1.1" baseline="" type="topic" sourcemapnum="ZH-CN_BOOKMAP_0206443636" sourcemapversion="A-1.17"/><item number="ZH-CN_TOPIC_0206443855" projectid="896642361" sourceprojectid="" version="A-1.1" baseline="" type="topic" sourcemapnum="ZH-CN_BOOKMAP_0206443636" sourcemapversion="A-1.17"/><item number="ZH-CN_TOPIC_0206443854" projectid="896642361" sourceprojectid="" version="A-1.1" baseline="" type="topic" sourcemapnum="ZH-CN_BOOKMAP_0206443636" sourcemapversion="A-1.17"/><item number="ZH-CN_TOPIC_0206443853" projectid="896642361" sourceprojectid="" version="A-1.1" baseline="" type="topic" sourcemapnum="ZH-CN_BOOKMAP_0206443636" sourcemapversion="A-1.17"/><item number="ZH-CN_TOPIC_0206443852" projectid="896642361" sourceprojectid="" version="A-1.1" baseline="" type="topic" sourcemapnum="ZH-CN_BOOKMAP_0206443636" sourcemapversion="A-1.17"/><item number="ZH-CN_TOPIC_0206443851" projectid="896642361" sourceprojectid="" version="A-1.1" baseline="" type="topic" sourcemapnum="ZH-CN_BOOKMAP_0206443636" sourcemapversion="A-1.17"/><item number="ZH-CN_TOPIC_0206443849" projectid="896642361" sourceprojectid="" version="A-1.1" baseline="" type="topic" sourcemapnum="ZH-CN_BOOKMAP_0206443636" sourcemapversion="A-1.17"/><item number="ZH-CN_TOPIC_0206443848" projectid="896642361" sourceprojectid="" version="A-1.1" baseline="" type="topic" sourcemapnum="ZH-CN_BOOKMAP_0206443636" sourcemapversion="A-1.17"/><item number="ZH-CN_TOPIC_0206443847" projectid="896642361" sourceprojectid="" version="A-1.1" baseline="" type="topic" sourcemapnum="ZH-CN_BOOKMAP_0206443636" sourcemapversion="A-1.17"/><item number="ZH-CN_TOPIC_0206443846" projectid="896642361" sourceprojectid="" version="A-1.1" baseline="" type="topic" sourcemapnum="ZH-CN_BOOKMAP_0206443636" sourcemapversion="A-1.17"/><item number="ZH-CN_TOPIC_0206443845" projectid="896642361" sourceprojectid="" version="A-1.1" baseline="" type="topic" sourcemapnum="ZH-CN_BOOKMAP_0206443636" sourcemapversion="A-1.17"/><item number="ZH-CN_TOPIC_0206443844" projectid="896642361" sourceprojectid="" version="A-1.2" baseline="" type="topic" sourcemapnum="ZH-CN_BOOKMAP_0206443636" sourcemapversion="A-1.17"/><item number="ZH-CN_TOPIC_0206443843" projectid="896642361" sourceprojectid="" version="A-1.1" baseline="" type="topic" sourcemapnum="ZH-CN_BOOKMAP_0206443636" sourcemapversion="A-1.17"/><item number="ZH-CN_TOPIC_0206443842" projectid="896642361" sourceprojectid="" version="A-1.1" baseline="" type="topic" sourcemapnum="ZH-CN_BOOKMAP_0206443636" sourcemapversion="A-1.17"/><item number="ZH-CN_TOPIC_0206443841" projectid="896642361" sourceprojectid="" version="A-1.1" baseline="" type="topic" sourcemapnum="ZH-CN_BOOKMAP_0206443636" sourcemapversion="A-1.17"/><item number="ZH-CN_TOPIC_0206443840" projectid="896642361" sourceprojectid="" version="A-1.1" baseline="" type="topic" sourcemapnum="ZH-CN_BOOKMAP_0206443636" sourcemapversion="A-1.17"/><item number="ZH-CN_TOPIC_0206443839" projectid="896642361" sourceprojectid="" version="A-1.1" baseline="" type="topic" sourcemapnum="ZH-CN_BOOKMAP_0206443636" sourcemapversion="A-1.17"/><item number="ZH-CN_TOPIC_0206443838" projectid="896642361" sourceprojectid="" version="A-1.1" baseline="" type="topic" sourcemapnum="ZH-CN_BOOKMAP_0206443636" sourcemapversion="A-1.17"/><item number="ZH-CN_TOPIC_0206443836" projectid="896642361" sourceprojectid="" version="A-1.1" baseline="" type="topic" sourcemapnum="ZH-CN_BOOKMAP_0206443636" sourcemapversion="A-1.17"/><item number="ZH-CN_TOPIC_0206443835" projectid="896642361" sourceprojectid="" version="A-1.1" baseline="" type="topic" sourcemapnum="ZH-CN_BOOKMAP_0206443636" sourcemapversion="A-1.17"/><item number="ZH-CN_TOPIC_0206443834" projectid="896642361" sourceprojectid="" version="A-1.1" baseline="" type="topic" sourcemapnum="ZH-CN_BOOKMAP_0206443636" sourcemapversion="A-1.17"/><item number="ZH-CN_TOPIC_0206443833" projectid="896642361" sourceprojectid="" version="A-1.1" baseline="" type="topic" sourcemapnum="ZH-CN_BOOKMAP_0206443636" sourcemapversion="A-1.17"/><item number="ZH-CN_TOPIC_0206443832" projectid="896642361" sourceprojectid="" version="A-1.1" baseline="" type="topic" sourcemapnum="ZH-CN_BOOKMAP_0206443636" sourcemapversion="A-1.17"/><item number="ZH-CN_TOPIC_0206443831" projectid="896642361" sourceprojectid="" version="A-1.1" baseline="" type="topic" sourcemapnum="ZH-CN_BOOKMAP_0206443636" sourcemapversion="A-1.17"/><item number="ZH-CN_TOPIC_0206443830" projectid="896642361" sourceprojectid="" version="A-1.1" baseline="" type="topic" sourcemapnum="ZH-CN_BOOKMAP_0206443636" sourcemapversion="A-1.17"/><item number="ZH-CN_TOPIC_0206443829" projectid="896642361" sourceprojectid="" version="A-1.1" baseline="" type="topic" sourcemapnum="ZH-CN_BOOKMAP_0206443636" sourcemapversion="A-1.17"/><item number="ZH-CN_TOPIC_0206443828" projectid="896642361" sourceprojectid="" version="A-1.1" baseline="" type="topic" sourcemapnum="ZH-CN_BOOKMAP_0206443636" sourcemapversion="A-1.17"/><item number="ZH-CN_TOPIC_0206443827" projectid="896642361" sourceprojectid="" version="A-1.1" baseline="" type="topic" sourcemapnum="ZH-CN_BOOKMAP_0206443636" sourcemapversion="A-1.17"/><item number="ZH-CN_TOPIC_0206443825" projectid="896642361" sourceprojectid="" version="A-1.2" baseline="" type="topic" sourcemapnum="ZH-CN_BOOKMAP_0206443636" sourcemapversion="A-1.17"/><item number="ZH-CN_TOPIC_0206443824" projectid="896642361" sourceprojectid="" version="A-1.1" baseline="" type="topic" sourcemapnum="ZH-CN_BOOKMAP_0206443636" sourcemapversion="A-1.17"/><item number="ZH-CN_TOPIC_0206443823" projectid="896642361" sourceprojectid="" version="A-1.1" baseline="" type="topic" sourcemapnum="ZH-CN_BOOKMAP_0206443636" sourcemapversion="A-1.17"/><item number="ZH-CN_TOPIC_0206443822" projectid="896642361" sourceprojectid="" version="A-1.1" baseline="" type="topic" sourcemapnum="ZH-CN_BOOKMAP_0206443636" sourcemapversion="A-1.17"/><item number="ZH-CN_TOPIC_0206443821" projectid="896642361" sourceprojectid="" version="A-1.1" baseline="" type="topic" sourcemapnum="ZH-CN_BOOKMAP_0206443636" sourcemapversion="A-1.17"/><item number="ZH-CN_TOPIC_0206443820" projectid="896642361" sourceprojectid="" version="A-1.2" baseline="" type="topic" sourcemapnum="ZH-CN_BOOKMAP_0206443636" sourcemapversion="A-1.17"/><item number="ZH-CN_TOPIC_0206443818" projectid="896642361" sourceprojectid="" version="A-1.2" baseline="" type="topic" sourcemapnum="ZH-CN_BOOKMAP_0206443636" sourcemapversion="A-1.17"/><item number="ZH-CN_TOPIC_0206443817" projectid="896642361" sourceprojectid="" version="A-1.2" baseline="" type="topic" sourcemapnum="ZH-CN_BOOKMAP_0206443636" sourcemapversion="A-1.17"/><item number="ZH-CN_TOPIC_0206443816" projectid="896642361" sourceprojectid="" version="A-1.1" baseline="" type="topic" sourcemapnum="ZH-CN_BOOKMAP_0206443636" sourcemapversion="A-1.17"/><item number="ZH-CN_TOPIC_0206443814" projectid="896642361" sourceprojectid="" version="A-1.1" baseline="" type="topic" sourcemapnum="ZH-CN_BOOKMAP_0206443636" sourcemapversion="A-1.17"/><item number="ZH-CN_TOPIC_0206443813" projectid="896642361" sourceprojectid="" version="A-1.1" baseline="" type="topic" sourcemapnum="ZH-CN_BOOKMAP_0206443636" sourcemapversion="A-1.17"/><item number="ZH-CN_TOPIC_0206443812" projectid="896642361" sourceprojectid="" version="A-1.1" baseline="" type="topic" sourcemapnum="ZH-CN_BOOKMAP_0206443636" sourcemapversion="A-1.17"/><item number="ZH-CN_TOPIC_0206443811" projectid="896642361" sourceprojectid="" version="A-1.1" baseline="" type="topic" sourcemapnum="ZH-CN_BOOKMAP_0206443636" sourcemapversion="A-1.17"/><item number="ZH-CN_TOPIC_0206443809" projectid="896642361" sourceprojectid="" version="A-1.1" baseline="" type="topic" sourcemapnum="ZH-CN_BOOKMAP_0206443636" sourcemapversion="A-1.17"/><item number="ZH-CN_TOPIC_0206443808" projectid="896642361" sourceprojectid="" version="A-1.1" baseline="" type="topic" sourcemapnum="ZH-CN_BOOKMAP_0206443636" sourcemapversion="A-1.17"/><item number="ZH-CN_TOPIC_0206443807" projectid="896642361" sourceprojectid="" version="A-1.1" baseline="" type="topic" sourcemapnum="ZH-CN_BOOKMAP_0206443636" sourcemapversion="A-1.17"/><item number="ZH-CN_TOPIC_0206443805" projectid="896642361" sourceprojectid="" version="A-1.1" baseline="" type="topic" sourcemapnum="ZH-CN_BOOKMAP_0206443636" sourcemapversion="A-1.17"/><item number="ZH-CN_TOPIC_0206443804" projectid="896642361" sourceprojectid="" version="A-1.1" baseline="" type="topic" sourcemapnum="ZH-CN_BOOKMAP_0206443636" sourcemapversion="A-1.17"/><item number="ZH-CN_TOPIC_0206443803" projectid="896642361" sourceprojectid="" version="A-1.1" baseline="" type="topic" sourcemapnum="ZH-CN_BOOKMAP_0206443636" sourcemapversion="A-1.17"/><item number="ZH-CN_TOPIC_0206443802" projectid="896642361" sourceprojectid="" version="A-1.1" baseline="" type="topic" sourcemapnum="ZH-CN_BOOKMAP_0206443636" sourcemapversion="A-1.17"/><item number="ZH-CN_TOPIC_0206443801" projectid="896642361" sourceprojectid="" version="A-1.2" baseline="" type="topic" sourcemapnum="ZH-CN_BOOKMAP_0206443636" sourcemapversion="A-1.17"/><item number="ZH-CN_TOPIC_0206443800" projectid="896642361" sourceprojectid="" version="A-1.1" baseline="" type="topic" sourcemapnum="ZH-CN_BOOKMAP_0206443636" sourcemapversion="A-1.17"/><item number="ZH-CN_TOPIC_0206443799" projectid="896642361" sourceprojectid="" version="A-1.2" baseline="" type="topic" sourcemapnum="ZH-CN_BOOKMAP_0206443636" sourcemapversion="A-1.17"/><item number="ZH-CN_TOPIC_0206443798" projectid="896642361" sourceprojectid="" version="A-1.1" baseline="" type="topic" sourcemapnum="ZH-CN_BOOKMAP_0206443636" sourcemapversion="A-1.17"/><item number="ZH-CN_TOPIC_0206443797" projectid="896642361" sourceprojectid="" version="A-1.1" baseline="" type="topic" sourcemapnum="ZH-CN_BOOKMAP_0206443636" sourcemapversion="A-1.17"/><item number="ZH-CN_TOPIC_0206443796" projectid="896642361" sourceprojectid="" version="A-1.1" baseline="" type="topic" sourcemapnum="ZH-CN_BOOKMAP_0206443636" sourcemapversion="A-1.17"/><item number="ZH-CN_TOPIC_0206443795" projectid="896642361" sourceprojectid="" version="A-1.2" baseline="" type="topic" sourcemapnum="ZH-CN_BOOKMAP_0206443636" sourcemapversion="A-1.17"/><item number="ZH-CN_TOPIC_0206443794" projectid="896642361" sourceprojectid="" version="A-1.1" baseline="" type="topic" sourcemapnum="ZH-CN_BOOKMAP_0206443636" sourcemapversion="A-1.17"/><item number="ZH-CN_TOPIC_0206443793" projectid="896642361" sourceprojectid="" version="A-1.1" baseline="" type="topic" sourcemapnum="ZH-CN_BOOKMAP_0206443636" sourcemapversion="A-1.17"/><item number="ZH-CN_TOPIC_0206443792" projectid="896642361" sourceprojectid="" version="A-1.1" baseline="" type="topic" sourcemapnum="ZH-CN_BOOKMAP_0206443636" sourcemapversion="A-1.17"/><item number="ZH-CN_TOPIC_0206443791" projectid="896642361" sourceprojectid="" version="A-1.1" baseline="" type="topic" sourcemapnum="ZH-CN_BOOKMAP_0206443636" sourcemapversion="A-1.17"/><item number="ZH-CN_TOPIC_0206443790" projectid="896642361" sourceprojectid="" version="A-1.1" baseline="" type="topic" sourcemapnum="ZH-CN_BOOKMAP_0206443636" sourcemapversion="A-1.17"/><item number="ZH-CN_TOPIC_0206443789" projectid="896642361" sourceprojectid="" version="A-1.1" baseline="" type="topic" sourcemapnum="ZH-CN_BOOKMAP_0206443636" sourcemapversion="A-1.17"/><item number="ZH-CN_TOPIC_0206443788" projectid="896642361" sourceprojectid="" version="A-1.1" baseline="" type="topic" sourcemapnum="ZH-CN_BOOKMAP_0206443636" sourcemapversion="A-1.17"/><item number="ZH-CN_TOPIC_0206443787" projectid="896642361" sourceprojectid="" version="A-1.1" baseline="" type="topic" sourcemapnum="ZH-CN_BOOKMAP_0206443636" sourcemapversion="A-1.17"/><item number="ZH-CN_TOPIC_0206443784" projectid="896642361" sourceprojectid="" version="A-1.1" baseline="" type="topic" sourcemapnum="ZH-CN_BOOKMAP_0206443636" sourcemapversion="A-1.17"/><item number="ZH-CN_TOPIC_0206443783" projectid="896642361" sourceprojectid="" version="A-1.1" baseline="" type="topic" sourcemapnum="ZH-CN_BOOKMAP_0206443636" sourcemapversion="A-1.17"/><item number="ZH-CN_TOPIC_0206443782" projectid="896642361" sourceprojectid="" version="A-1.2" baseline="" type="topic" sourcemapnum="ZH-CN_BOOKMAP_0206443636" sourcemapversion="A-1.17"/><item number="ZH-CN_TOPIC_0206443781" projectid="896642361" sourceprojectid="" version="A-1.1" baseline="" type="topic" sourcemapnum="ZH-CN_BOOKMAP_0206443636" sourcemapversion="A-1.17"/><item number="ZH-CN_TOPIC_0206443780" projectid="896642361" sourceprojectid="" version="A-1.1" baseline="" type="topic" sourcemapnum="ZH-CN_BOOKMAP_0206443636" sourcemapversion="A-1.17"/><item number="ZH-CN_TOPIC_0206443779" projectid="896642361" sourceprojectid="" version="A-1.1" baseline="" type="topic" sourcemapnum="ZH-CN_BOOKMAP_0206443636" sourcemapversion="A-1.17"/><item number="ZH-CN_TOPIC_0206443777" projectid="896642361" sourceprojectid="" version="A-1.1" baseline="" type="topic" sourcemapnum="ZH-CN_BOOKMAP_0206443636" sourcemapversion="A-1.17"/><item number="ZH-CN_TOPIC_0206443776" projectid="896642361" sourceprojectid="" version="A-1.2" baseline="" type="topic" sourcemapnum="ZH-CN_BOOKMAP_0206443636" sourcemapversion="A-1.17"/><item number="ZH-CN_TOPIC_0206443774" projectid="896642361" sourceprojectid="" version="A-1.1" baseline="" type="topic" sourcemapnum="ZH-CN_BOOKMAP_0206443636" sourcemapversion="A-1.17"/><item number="ZH-CN_TOPIC_0206443771" projectid="896642361" sourceprojectid="" version="A-1.1" baseline="" type="topic" sourcemapnum="ZH-CN_BOOKMAP_0206443636" sourcemapversion="A-1.17"/><item number="ZH-CN_TOPIC_0206443769" projectid="896642361" sourceprojectid="" version="A-1.1" baseline="" type="topic" sourcemapnum="ZH-CN_BOOKMAP_0206443636" sourcemapversion="A-1.17"/><item number="ZH-CN_TOPIC_0206443768" projectid="896642361" sourceprojectid="" version="A-1.1" baseline="" type="topic" sourcemapnum="ZH-CN_BOOKMAP_0206443636" sourcemapversion="A-1.17"/><item number="ZH-CN_TOPIC_0206443766" projectid="896642361" sourceprojectid="" version="A-1.1" baseline="" type="topic" sourcemapnum="ZH-CN_BOOKMAP_0206443636" sourcemapversion="A-1.17"/><item number="ZH-CN_TOPIC_0206443765" projectid="896642361" sourceprojectid="" version="A-1.1" baseline="" type="topic" sourcemapnum="ZH-CN_BOOKMAP_0206443636" sourcemapversion="A-1.17"/><item number="ZH-CN_TOPIC_0206443764" projectid="896642361" sourceprojectid="" version="A-1.1" baseline="" type="topic" sourcemapnum="ZH-CN_BOOKMAP_0206443636" sourcemapversion="A-1.17"/><item number="ZH-CN_TOPIC_0206443763" projectid="896642361" sourceprojectid="" version="A-1.1" baseline="" type="topic" sourcemapnum="ZH-CN_BOOKMAP_0206443636" sourcemapversion="A-1.17"/><item number="ZH-CN_TOPIC_0206443761" projectid="896642361" sourceprojectid="" version="A-1.1" baseline="" type="topic" sourcemapnum="ZH-CN_BOOKMAP_0206443636" sourcemapversion="A-1.17"/><item number="ZH-CN_TOPIC_0206443760" projectid="896642361" sourceprojectid="" version="A-1.2" baseline="" type="topic" sourcemapnum="ZH-CN_BOOKMAP_0206443636" sourcemapversion="A-1.17"/><item number="ZH-CN_TOPIC_0206443759" projectid="896642361" sourceprojectid="" version="A-1.2" baseline="" type="topic" sourcemapnum="ZH-CN_BOOKMAP_0206443636" sourcemapversion="A-1.17"/><item number="ZH-CN_TOPIC_0206443758" projectid="896642361" sourceprojectid="" version="A-1.2" baseline="" type="topic" sourcemapnum="ZH-CN_BOOKMAP_0206443636" sourcemapversion="A-1.17"/><item number="ZH-CN_TOPIC_0206443757" projectid="896642361" sourceprojectid="" version="A-1.1" baseline="" type="topic" sourcemapnum="ZH-CN_BOOKMAP_0206443636" sourcemapversion="A-1.17"/><item number="ZH-CN_TOPIC_0206443756" projectid="896642361" sourceprojectid="" version="A-1.1" baseline="" type="topic" sourcemapnum="ZH-CN_BOOKMAP_0206443636" sourcemapversion="A-1.17"/><item number="ZH-CN_TOPIC_0206443754" projectid="896642361" sourceprojectid="" version="A-1.1" baseline="" type="topic" sourcemapnum="ZH-CN_BOOKMAP_0206443636" sourcemapversion="A-1.17"/><item number="ZH-CN_TOPIC_0206443752" projectid="896642361" sourceprojectid="" version="A-1.1" baseline="" type="topic" sourcemapnum="ZH-CN_BOOKMAP_0206443636" sourcemapversion="A-1.17"/><item number="ZH-CN_TOPIC_0206443750" projectid="896642361" sourceprojectid="" version="A-1.1" baseline="" type="topic" sourcemapnum="ZH-CN_BOOKMAP_0206443636" sourcemapversion="A-1.17"/><item number="ZH-CN_TOPIC_0206443749" projectid="896642361" sourceprojectid="" version="A-1.1" baseline="" type="topic" sourcemapnum="ZH-CN_BOOKMAP_0206443636" sourcemapversion="A-1.17"/><item number="ZH-CN_TOPIC_0206443748" projectid="896642361" sourceprojectid="" version="A-1.1" baseline="" type="topic" sourcemapnum="ZH-CN_BOOKMAP_0206443636" sourcemapversion="A-1.17"/><item number="ZH-CN_TOPIC_0206443747" projectid="896642361" sourceprojectid="" version="A-1.1" baseline="" type="topic" sourcemapnum="ZH-CN_BOOKMAP_0206443636" sourcemapversion="A-1.17"/><item number="ZH-CN_TOPIC_0206443746" projectid="896642361" sourceprojectid="" version="A-1.1" baseline="" type="topic" sourcemapnum="ZH-CN_BOOKMAP_0206443636" sourcemapversion="A-1.17"/><item number="ZH-CN_TOPIC_0206443745" projectid="896642361" sourceprojectid="" version="A-1.1" baseline="" type="topic" sourcemapnum="ZH-CN_BOOKMAP_0206443636" sourcemapversion="A-1.17"/><item number="ZH-CN_TOPIC_0206443744" projectid="896642361" sourceprojectid="" version="A-1.2" baseline="" type="topic" sourcemapnum="ZH-CN_BOOKMAP_0206443636" sourcemapversion="A-1.17"/><item number="ZH-CN_TOPIC_0206443743" projectid="896642361" sourceprojectid="" version="A-1.2" baseline="" type="topic" sourcemapnum="ZH-CN_BOOKMAP_0206443636" sourcemapversion="A-1.17"/><item number="ZH-CN_TOPIC_0206443742" projectid="896642361" sourceprojectid="" version="A-1.1" baseline="" type="topic" sourcemapnum="ZH-CN_BOOKMAP_0206443636" sourcemapversion="A-1.17"/><item number="ZH-CN_TOPIC_0206443741" projectid="896642361" sourceprojectid="" version="A-1.1" baseline="" type="topic" sourcemapnum="ZH-CN_BOOKMAP_0206443636" sourcemapversion="A-1.17"/><item number="ZH-CN_TOPIC_0206443740" projectid="896642361" sourceprojectid="" version="A-1.1" baseline="" type="topic" sourcemapnum="ZH-CN_BOOKMAP_0206443636" sourcemapversion="A-1.17"/><item number="ZH-CN_TOPIC_0206443738" projectid="896642361" sourceprojectid="" version="A-1.2" baseline="" type="topic" sourcemapnum="ZH-CN_BOOKMAP_0206443636" sourcemapversion="A-1.17"/><item number="ZH-CN_TOPIC_0206443737" projectid="896642361" sourceprojectid="" version="A-1.1" baseline="" type="topic" sourcemapnum="ZH-CN_BOOKMAP_0206443636" sourcemapversion="A-1.17"/><item number="ZH-CN_TOPIC_0206443736" projectid="896642361" sourceprojectid="" version="A-1.1" baseline="" type="topic" sourcemapnum="ZH-CN_BOOKMAP_0206443636" sourcemapversion="A-1.17"/><item number="ZH-CN_TOPIC_0206443735" projectid="896642361" sourceprojectid="" version="A-1.1" baseline="" type="topic" sourcemapnum="ZH-CN_BOOKMAP_0206443636" sourcemapversion="A-1.17"/><item number="ZH-CN_TOPIC_0206443734" projectid="896642361" sourceprojectid="" version="A-1.1" baseline="" type="topic" sourcemapnum="ZH-CN_BOOKMAP_0206443636" sourcemapversion="A-1.17"/><item number="ZH-CN_TOPIC_0206443733" projectid="896642361" sourceprojectid="" version="A-1.1" baseline="" type="topic" sourcemapnum="ZH-CN_BOOKMAP_0206443636" sourcemapversion="A-1.17"/><item number="ZH-CN_TOPIC_0206443732" projectid="896642361" sourceprojectid="" version="A-1.1" baseline="" type="topic" sourcemapnum="ZH-CN_BOOKMAP_0206443636" sourcemapversion="A-1.17"/><item number="ZH-CN_TOPIC_0206443731" projectid="896642361" sourceprojectid="" version="A-1.1" baseline="" type="topic" sourcemapnum="ZH-CN_BOOKMAP_0206443636" sourcemapversion="A-1.17"/><item number="ZH-CN_TOPIC_0206443730" projectid="896642361" sourceprojectid="" version="A-1.1" baseline="" type="topic" sourcemapnum="ZH-CN_BOOKMAP_0206443636" sourcemapversion="A-1.17"/><item number="ZH-CN_TOPIC_0206443729" projectid="896642361" sourceprojectid="" version="A-1.1" baseline="" type="topic" sourcemapnum="ZH-CN_BOOKMAP_0206443636" sourcemapversion="A-1.17"/><item number="ZH-CN_TOPIC_0206443728" projectid="896642361" sourceprojectid="" version="A-1.2" baseline="" type="topic" sourcemapnum="ZH-CN_BOOKMAP_0206443636" sourcemapversion="A-1.17"/><item number="ZH-CN_TOPIC_0206443727" projectid="896642361" sourceprojectid="" version="A-1.1" baseline="" type="topic" sourcemapnum="ZH-CN_BOOKMAP_0206443636" sourcemapversion="A-1.17"/><item number="ZH-CN_TOPIC_0206443724" projectid="896642361" sourceprojectid="" version="A-1.1" baseline="" type="topic" sourcemapnum="ZH-CN_BOOKMAP_0206443636" sourcemapversion="A-1.17"/><item number="ZH-CN_TOPIC_0206443723" projectid="896642361" sourceprojectid="" version="A-1.2" baseline="" type="topic" sourcemapnum="ZH-CN_BOOKMAP_0206443636" sourcemapversion="A-1.17"/><item number="ZH-CN_TOPIC_0206443721" projectid="896642361" sourceprojectid="" version="A-1.2" baseline="" type="topic" sourcemapnum="ZH-CN_BOOKMAP_0206443636" sourcemapversion="A-1.17"/><item number="ZH-CN_TOPIC_0206443720" projectid="896642361" sourceprojectid="" version="A-1.1" baseline="" type="topic" sourcemapnum="ZH-CN_BOOKMAP_0206443636" sourcemapversion="A-1.17"/><item number="ZH-CN_TOPIC_0206443719" projectid="896642361" sourceprojectid="" version="A-1.1" baseline="" type="topic" sourcemapnum="ZH-CN_BOOKMAP_0206443636" sourcemapversion="A-1.17"/><item number="ZH-CN_TOPIC_0206443718" projectid="896642361" sourceprojectid="" version="A-1.1" baseline="" type="topic" sourcemapnum="ZH-CN_BOOKMAP_0206443636" sourcemapversion="A-1.17"/><item number="ZH-CN_TOPIC_0206443717" projectid="896642361" sourceprojectid="" version="A-1.1" baseline="" type="topic" sourcemapnum="ZH-CN_BOOKMAP_0206443636" sourcemapversion="A-1.17"/><item number="ZH-CN_TOPIC_0206443716" projectid="896642361" sourceprojectid="" version="A-1.2" baseline="" type="topic" sourcemapnum="ZH-CN_BOOKMAP_0206443636" sourcemapversion="A-1.17"/><item number="ZH-CN_TOPIC_0206443715" projectid="896642361" sourceprojectid="" version="A-1.1" baseline="" type="topic" sourcemapnum="ZH-CN_BOOKMAP_0206443636" sourcemapversion="A-1.17"/><item number="ZH-CN_TOPIC_0206443713" projectid="896642361" sourceprojectid="" version="A-1.1" baseline="" type="topic" sourcemapnum="ZH-CN_BOOKMAP_0206443636" sourcemapversion="A-1.17"/><item number="ZH-CN_TOPIC_0206443712" projectid="896642361" sourceprojectid="" version="A-1.1" baseline="" type="topic" sourcemapnum="ZH-CN_BOOKMAP_0206443636" sourcemapversion="A-1.17"/><item number="ZH-CN_TOPIC_0206443711" projectid="896642361" sourceprojectid="" version="A-1.1" baseline="" type="topic" sourcemapnum="ZH-CN_BOOKMAP_0206443636" sourcemapversion="A-1.17"/><item number="ZH-CN_TOPIC_0206443710" projectid="896642361" sourceprojectid="" version="A-1.1" baseline="" type="topic" sourcemapnum="ZH-CN_BOOKMAP_0206443636" sourcemapversion="A-1.17"/><item number="ZH-CN_TOPIC_0206443709" projectid="896642361" sourceprojectid="" version="A-1.2" baseline="" type="topic" sourcemapnum="ZH-CN_BOOKMAP_0206443636" sourcemapversion="A-1.17"/><item number="ZH-CN_TOPIC_0206443706" projectid="896642361" sourceprojectid="" version="A-1.1" baseline="" type="topic" sourcemapnum="ZH-CN_BOOKMAP_0206443636" sourcemapversion="A-1.17"/><item number="ZH-CN_TOPIC_0206443705" projectid="896642361" sourceprojectid="" version="A-1.1" baseline="" type="topic" sourcemapnum="ZH-CN_BOOKMAP_0206443636" sourcemapversion="A-1.17"/><item number="ZH-CN_TOPIC_0206443704" projectid="896642361" sourceprojectid="" version="A-1.1" baseline="" type="topic" sourcemapnum="ZH-CN_BOOKMAP_0206443636" sourcemapversion="A-1.17"/><item number="ZH-CN_TOPIC_0206443703" projectid="896642361" sourceprojectid="" version="A-1.1" baseline="" type="topic" sourcemapnum="ZH-CN_BOOKMAP_0206443636" sourcemapversion="A-1.17"/><item number="ZH-CN_TOPIC_0206443702" projectid="896642361" sourceprojectid="" version="A-1.1" baseline="" type="topic" sourcemapnum="ZH-CN_BOOKMAP_0206443636" sourcemapversion="A-1.17"/><item number="ZH-CN_TOPIC_0206443700" projectid="896642361" sourceprojectid="" version="A-1.1" baseline="" type="topic" sourcemapnum="ZH-CN_BOOKMAP_0206443636" sourcemapversion="A-1.17"/><item number="ZH-CN_TOPIC_0206443697" projectid="896642361" sourceprojectid="" version="A-1.1" baseline="" type="topic" sourcemapnum="ZH-CN_BOOKMAP_0206443636" sourcemapversion="A-1.17"/><item number="ZH-CN_TOPIC_0206443696" projectid="896642361" sourceprojectid="" version="A-1.1" baseline="" type="topic" sourcemapnum="ZH-CN_BOOKMAP_0206443636" sourcemapversion="A-1.17"/><item number="ZH-CN_TOPIC_0206443695" projectid="896642361" sourceprojectid="" version="A-1.1" baseline="" type="topic" sourcemapnum="ZH-CN_BOOKMAP_0206443636" sourcemapversion="A-1.17"/><item number="ZH-CN_TOPIC_0206443694" projectid="896642361" sourceprojectid="" version="A-1.1" baseline="" type="topic" sourcemapnum="ZH-CN_BOOKMAP_0206443636" sourcemapversion="A-1.17"/><item number="ZH-CN_TOPIC_0206443693" projectid="896642361" sourceprojectid="" version="A-1.1" baseline="" type="topic" sourcemapnum="ZH-CN_BOOKMAP_0206443636" sourcemapversion="A-1.17"/><item number="ZH-CN_TOPIC_0206443692" projectid="896642361" sourceprojectid="" version="A-1.1" baseline="" type="topic" sourcemapnum="ZH-CN_BOOKMAP_0206443636" sourcemapversion="A-1.17"/><item number="ZH-CN_TOPIC_0206443691" projectid="896642361" sourceprojectid="" version="A-1.3" baseline="" type="topic" sourcemapnum="ZH-CN_BOOKMAP_0206443636" sourcemapversion="A-1.17"/><item number="ZH-CN_TOPIC_0206443690" projectid="896642361" sourceprojectid="" version="A-1.1" baseline="" type="topic" sourcemapnum="ZH-CN_BOOKMAP_0206443636" sourcemapversion="A-1.17"/><item number="ZH-CN_TOPIC_0206443688" projectid="896642361" sourceprojectid="" version="A-1.1" baseline="" type="topic" sourcemapnum="ZH-CN_BOOKMAP_0206443636" sourcemapversion="A-1.17"/><item number="ZH-CN_TOPIC_0206443687" projectid="896642361" sourceprojectid="" version="A-1.1" baseline="" type="topic" sourcemapnum="ZH-CN_BOOKMAP_0206443636" sourcemapversion="A-1.17"/><item number="ZH-CN_TOPIC_0206443686" projectid="896642361" sourceprojectid="" version="A-1.1" baseline="" type="topic" sourcemapnum="ZH-CN_BOOKMAP_0206443636" sourcemapversion="A-1.17"/><item number="ZH-CN_TOPIC_0206443685" projectid="896642361" sourceprojectid="" version="A-1.1" baseline="" type="topic" sourcemapnum="ZH-CN_BOOKMAP_0206443636" sourcemapversion="A-1.17"/><item number="ZH-CN_TOPIC_0206443684" projectid="896642361" sourceprojectid="" version="A-1.1" baseline="" type="topic" sourcemapnum="ZH-CN_BOOKMAP_0206443636" sourcemapversion="A-1.17"/><item number="ZH-CN_TOPIC_0206443683" projectid="896642361" sourceprojectid="" version="A-1.1" baseline="" type="topic" sourcemapnum="ZH-CN_BOOKMAP_0206443636" sourcemapversion="A-1.17"/><item number="ZH-CN_TOPIC_0206443681" projectid="896642361" sourceprojectid="" version="A-1.1" baseline="" type="topic" sourcemapnum="ZH-CN_BOOKMAP_0206443636" sourcemapversion="A-1.17"/><item number="ZH-CN_TOPIC_0206443680" projectid="896642361" sourceprojectid="" version="A-1.2" baseline="" type="topic" sourcemapnum="ZH-CN_BOOKMAP_0206443636" sourcemapversion="A-1.17"/><item number="ZH-CN_TOPIC_0206443679" projectid="896642361" sourceprojectid="" version="A-1.2" baseline="" type="topic" sourcemapnum="ZH-CN_BOOKMAP_0206443636" sourcemapversion="A-1.17"/><item number="ZH-CN_TOPIC_0206443678" projectid="896642361" sourceprojectid="" version="A-1.2" baseline="" type="topic" sourcemapnum="ZH-CN_BOOKMAP_0206443636" sourcemapversion="A-1.17"/><item number="ZH-CN_TOPIC_0206443677" projectid="896642361" sourceprojectid="" version="A-1.1" baseline="" type="topic" sourcemapnum="ZH-CN_BOOKMAP_0206443636" sourcemapversion="A-1.17"/><item number="ZH-CN_TOPIC_0206443675" projectid="896642361" sourceprojectid="" version="A-1.1" baseline="" type="topic" sourcemapnum="ZH-CN_BOOKMAP_0206443636" sourcemapversion="A-1.17"/><item number="ZH-CN_TOPIC_0206443674" projectid="896642361" sourceprojectid="" version="A-1.1" baseline="" type="topic" sourcemapnum="ZH-CN_BOOKMAP_0206443636" sourcemapversion="A-1.17"/><item number="ZH-CN_TOPIC_0206443673" projectid="896642361" sourceprojectid="" version="A-1.1" baseline="" type="topic" sourcemapnum="ZH-CN_BOOKMAP_0206443636" sourcemapversion="A-1.17"/><item number="ZH-CN_TOPIC_0206443672" projectid="896642361" sourceprojectid="" version="A-1.1" baseline="" type="topic" sourcemapnum="ZH-CN_BOOKMAP_0206443636" sourcemapversion="A-1.17"/><item number="ZH-CN_TOPIC_0206443671" projectid="896642361" sourceprojectid="" version="A-1.1" baseline="" type="topic" sourcemapnum="ZH-CN_BOOKMAP_0206443636" sourcemapversion="A-1.17"/><item number="ZH-CN_TOPIC_0206443670" projectid="896642361" sourceprojectid="" version="A-1.2" baseline="" type="topic" sourcemapnum="ZH-CN_BOOKMAP_0206443636" sourcemapversion="A-1.17"/><item number="ZH-CN_TOPIC_0206443669" projectid="896642361" sourceprojectid="" version="A-1.1" baseline="" type="topic" sourcemapnum="ZH-CN_BOOKMAP_0206443636" sourcemapversion="A-1.17"/><item number="ZH-CN_TOPIC_0206443668" projectid="896642361" sourceprojectid="" version="A-1.1" baseline="" type="topic" sourcemapnum="ZH-CN_BOOKMAP_0206443636" sourcemapversion="A-1.17"/><item number="ZH-CN_TOPIC_0206443667" projectid="896642361" sourceprojectid="" version="A-1.1" baseline="" type="topic" sourcemapnum="ZH-CN_BOOKMAP_0206443636" sourcemapversion="A-1.17"/><item number="ZH-CN_TOPIC_0206443666" projectid="896642361" sourceprojectid="" version="A-1.1" baseline="" type="topic" sourcemapnum="ZH-CN_BOOKMAP_0206443636" sourcemapversion="A-1.17"/><item number="ZH-CN_TOPIC_0206443665" projectid="896642361" sourceprojectid="" version="A-1.1" baseline="" type="topic" sourcemapnum="ZH-CN_BOOKMAP_0206443636" sourcemapversion="A-1.17"/><item number="ZH-CN_TOPIC_0206443664" projectid="896642361" sourceprojectid="" version="A-1.1" baseline="" type="topic" sourcemapnum="ZH-CN_BOOKMAP_0206443636" sourcemapversion="A-1.17"/><item number="ZH-CN_TOPIC_0206443663" projectid="896642361" sourceprojectid="" version="A-1.1" baseline="" type="topic" sourcemapnum="ZH-CN_BOOKMAP_0206443636" sourcemapversion="A-1.17"/><item number="ZH-CN_TOPIC_0206443662" projectid="896642361" sourceprojectid="" version="A-1.1" baseline="" type="topic" sourcemapnum="ZH-CN_BOOKMAP_0206443636" sourcemapversion="A-1.17"/><item number="ZH-CN_TOPIC_0206443661" projectid="896642361" sourceprojectid="" version="A-1.1" baseline="" type="topic" sourcemapnum="ZH-CN_BOOKMAP_0206443636" sourcemapversion="A-1.17"/><item number="ZH-CN_TOPIC_0206443660" projectid="896642361" sourceprojectid="" version="A-1.1" baseline="" type="topic" sourcemapnum="ZH-CN_BOOKMAP_0206443636" sourcemapversion="A-1.17"/><item number="ZH-CN_TOPIC_0206443659" projectid="896642361" sourceprojectid="" version="A-1.1" baseline="" type="topic" sourcemapnum="ZH-CN_BOOKMAP_0206443636" sourcemapversion="A-1.17"/><item number="ZH-CN_TOPIC_0206443657" projectid="896642361" sourceprojectid="" version="A-1.1" baseline="" type="topic" sourcemapnum="ZH-CN_BOOKMAP_0206443636" sourcemapversion="A-1.17"/><item number="ZH-CN_TOPIC_0206443654" projectid="896642361" sourceprojectid="" version="A-1.1" baseline="" type="topic" sourcemapnum="ZH-CN_BOOKMAP_0206443636" sourcemapversion="A-1.17"/><item number="ZH-CN_TOPIC_0206443651" projectid="896642361" sourceprojectid="" version="A-1.1" baseline="" type="topic" sourcemapnum="ZH-CN_BOOKMAP_0206443636" sourcemapversion="A-1.17"/><item number="ZH-CN_TOPIC_0206443650" projectid="896642361" sourceprojectid="" version="A-1.1" baseline="" type="topic" sourcemapnum="ZH-CN_BOOKMAP_0206443636" sourcemapversion="A-1.17"/><item number="ZH-CN_TOPIC_0206443649" projectid="896642361" sourceprojectid="" version="A-1.1" baseline="" type="topic" sourcemapnum="ZH-CN_BOOKMAP_0206443636" sourcemapversion="A-1.17"/><item number="ZH-CN_TOPIC_0206443648" projectid="896642361" sourceprojectid="" version="A-1.1" baseline="" type="topic" sourcemapnum="ZH-CN_BOOKMAP_0206443636" sourcemapversion="A-1.17"/><item number="ZH-CN_TOPIC_0206443647" projectid="896642361" sourceprojectid="" version="A-1.1" baseline="" type="topic" sourcemapnum="ZH-CN_BOOKMAP_0206443636" sourcemapversion="A-1.17"/><item number="ZH-CN_TOPIC_0206443646" projectid="896642361" sourceprojectid="" version="A-1.2" baseline="" type="topic" sourcemapnum="ZH-CN_BOOKMAP_0206443636" sourcemapversion="A-1.17"/><item number="ZH-CN_TOPIC_0206443645" projectid="896642361" sourceprojectid="" version="A-1.1" baseline="" type="topic" sourcemapnum="ZH-CN_BOOKMAP_0206443636" sourcemapversion="A-1.17"/><item number="ZH-CN_TOPIC_0206443644" projectid="896642361" sourceprojectid="" version="A-1.1" baseline="" type="topic" sourcemapnum="ZH-CN_BOOKMAP_0206443636" sourcemapversion="A-1.17"/><item number="ZH-CN_TOPIC_0206443643" projectid="896642361" sourceprojectid="" version="A-1.1" baseline="" type="topic" sourcemapnum="ZH-CN_BOOKMAP_0206443636" sourcemapversion="A-1.17"/><item number="ZH-CN_TOPIC_0206443641" projectid="896642361" sourceprojectid="" version="A-1.1" baseline="" type="topic" sourcemapnum="ZH-CN_BOOKMAP_0206443636" sourcemapversion="A-1.17"/><item number="ZH-CN_TOPIC_0206443640" projectid="896642361" sourceprojectid="" version="A-1.1" baseline="" type="topic" sourcemapnum="ZH-CN_BOOKMAP_0206443636" sourcemapversion="A-1.17"/><item number="ZH-CN_TOPIC_0206443639" projectid="896642361" sourceprojectid="" version="A-1.1" baseline="" type="topic" sourcemapnum="ZH-CN_BOOKMAP_0206443636" sourcemapversion="A-1.17"/><item number="ZH-CN_TOPIC_0206443638" projectid="896642361" sourceprojectid="" version="A-1.1" baseline="" type="topic" sourcemapnum="ZH-CN_BOOKMAP_0206443636" sourcemapversion="A-1.17"/><item number="ZH-CN_TOPIC_0206443637" projectid="896642361" sourceprojectid="" version="A-1.1" baseline="" type="topic" sourcemapnum="ZH-CN_BOOKMAP_0206443636" sourcemapversion="A-1.17"/><item number="ZH-CN_TOPIC_0206443635" projectid="896642361" sourceprojectid="" version="A-1.3" baseline="" type="topic" sourcemapnum="ZH-CN_BOOKMAP_0206443636" sourcemapversion="A-1.17"/><item number="ZH-CN_TOPIC_0206443634" projectid="896642361" sourceprojectid="" version="A-1.1" baseline="" type="topic" sourcemapnum="ZH-CN_BOOKMAP_0206443636" sourcemapversion="A-1.17"/><item number="ZH-CN_TOPIC_0206443632" projectid="896642361" sourceprojectid="" version="A-1.1" baseline="" type="topic" sourcemapnum="ZH-CN_BOOKMAP_0206443636" sourcemapversion="A-1.17"/><item number="ZH-CN_TOPIC_0206443631" projectid="896642361" sourceprojectid="" version="A-1.1" baseline="" type="topic" sourcemapnum="ZH-CN_BOOKMAP_0206443636" sourcemapversion="A-1.17"/><item number="ZH-CN_TOPIC_0206443630" projectid="896642361" sourceprojectid="" version="A-1.1" baseline="" type="topic" sourcemapnum="ZH-CN_BOOKMAP_0206443636" sourcemapversion="A-1.17"/><item number="ZH-CN_TOPIC_0206443629" projectid="896642361" sourceprojectid="" version="A-1.1" baseline="" type="topic" sourcemapnum="ZH-CN_BOOKMAP_0206443636" sourcemapversion="A-1.17"/><item number="ZH-CN_TOPIC_0206443627" projectid="896642361" sourceprojectid="" version="A-1.1" baseline="" type="topic" sourcemapnum="ZH-CN_BOOKMAP_0206443636" sourcemapversion="A-1.17"/><item number="ZH-CN_TOPIC_0206443626" projectid="896642361" sourceprojectid="" version="A-1.1" baseline="" type="topic" sourcemapnum="ZH-CN_BOOKMAP_0206443636" sourcemapversion="A-1.17"/><item number="ZH-CN_TOPIC_0206443624" projectid="896642361" sourceprojectid="" version="A-1.1" baseline="" type="topic" sourcemapnum="ZH-CN_BOOKMAP_0206443636" sourcemapversion="A-1.17"/><item number="ZH-CN_TOPIC_0206443623" projectid="896642361" sourceprojectid="" version="A-1.2" baseline="" type="topic" sourcemapnum="ZH-CN_BOOKMAP_0206443636" sourcemapversion="A-1.17"/><item number="ZH-CN_TOPIC_0206443622" projectid="896642361" sourceprojectid="" version="A-1.1" baseline="" type="topic" sourcemapnum="ZH-CN_BOOKMAP_0206443636" sourcemapversion="A-1.17"/><item number="ZH-CN_TOPIC_0206443620" projectid="896642361" sourceprojectid="" version="A-1.1" baseline="" type="topic" sourcemapnum="ZH-CN_BOOKMAP_0206443636" sourcemapversion="A-1.17"/><item number="ZH-CN_TOPIC_0206443618" projectid="896642361" sourceprojectid="" version="A-1.1" baseline="" type="topic" sourcemapnum="ZH-CN_BOOKMAP_0206443636" sourcemapversion="A-1.17"/><item number="ZH-CN_TOPIC_0206443617" projectid="896642361" sourceprojectid="" version="A-1.1" baseline="" type="topic" sourcemapnum="ZH-CN_BOOKMAP_0206443636" sourcemapversion="A-1.17"/><item number="ZH-CN_TOPIC_0206443616" projectid="896642361" sourceprojectid="" version="A-1.1" baseline="" type="topic" sourcemapnum="ZH-CN_BOOKMAP_0206443636" sourcemapversion="A-1.17"/><item number="ZH-CN_TOPIC_0206443615" projectid="896642361" sourceprojectid="" version="A-1.1" baseline="" type="topic" sourcemapnum="ZH-CN_BOOKMAP_0206443636" sourcemapversion="A-1.17"/><item number="ZH-CN_TOPIC_0206443614" projectid="896642361" sourceprojectid="" version="A-1.1" baseline="" type="topic" sourcemapnum="ZH-CN_BOOKMAP_0206443636" sourcemapversion="A-1.17"/><item number="ZH-CN_TOPIC_0206443613" projectid="896642361" sourceprojectid="" version="A-1.1" baseline="" type="topic" sourcemapnum="ZH-CN_BOOKMAP_0206443636" sourcemapversion="A-1.17"/><item number="ZH-CN_TOPIC_0206443612" projectid="896642361" sourceprojectid="" version="A-1.1" baseline="" type="topic" sourcemapnum="ZH-CN_BOOKMAP_0206443636" sourcemapversion="A-1.17"/><item number="ZH-CN_TOPIC_0206443611" projectid="896642361" sourceprojectid="" version="A-1.1" baseline="" type="topic" sourcemapnum="ZH-CN_BOOKMAP_0206443636" sourcemapversion="A-1.17"/><item number="ZH-CN_TOPIC_0206443609" projectid="896642361" sourceprojectid="" version="A-1.2" baseline="" type="topic" sourcemapnum="ZH-CN_BOOKMAP_0206443636" sourcemapversion="A-1.17"/><item number="ZH-CN_TOPIC_0206443607" projectid="896642361" sourceprojectid="" version="A-1.1" baseline="" type="topic" sourcemapnum="ZH-CN_BOOKMAP_0206443636" sourcemapversion="A-1.17"/><item number="ZH-CN_TOPIC_0206443606" projectid="896642361" sourceprojectid="" version="A-1.1" baseline="" type="topic" sourcemapnum="ZH-CN_BOOKMAP_0206443636" sourcemapversion="A-1.17"/><item number="ZH-CN_TOPIC_0206443605" projectid="896642361" sourceprojectid="" version="A-1.1" baseline="" type="topic" sourcemapnum="ZH-CN_BOOKMAP_0206443636" sourcemapversion="A-1.17"/><item number="ZH-CN_TOPIC_0206443604" projectid="896642361" sourceprojectid="" version="A-1.1" baseline="" type="topic" sourcemapnum="ZH-CN_BOOKMAP_0206443636" sourcemapversion="A-1.17"/><item number="ZH-CN_TOPIC_0206443602" projectid="896642361" sourceprojectid="" version="A-1.1" baseline="" type="topic" sourcemapnum="ZH-CN_BOOKMAP_0206443636" sourcemapversion="A-1.17"/><item number="ZH-CN_TOPIC_0206443601" projectid="896642361" sourceprojectid="" version="A-1.1" baseline="" type="topic" sourcemapnum="ZH-CN_BOOKMAP_0206443636" sourcemapversion="A-1.17"/><item number="ZH-CN_TOPIC_0206443600" projectid="896642361" sourceprojectid="" version="A-1.2" baseline="" type="topic" sourcemapnum="ZH-CN_BOOKMAP_0206443636" sourcemapversion="A-1.17"/><item number="ZH-CN_TOPIC_0206443599" projectid="896642361" sourceprojectid="" version="A-1.1" baseline="" type="topic" sourcemapnum="ZH-CN_BOOKMAP_0206443636" sourcemapversion="A-1.17"/><item number="ZH-CN_TOPIC_0206443598" projectid="896642361" sourceprojectid="" version="A-1.2" baseline="" type="topic" sourcemapnum="ZH-CN_BOOKMAP_0206443636" sourcemapversion="A-1.17"/><item number="ZH-CN_TOPIC_0206443597" projectid="896642361" sourceprojectid="" version="A-1.1" baseline="" type="topic" sourcemapnum="ZH-CN_BOOKMAP_0206443636" sourcemapversion="A-1.17"/><item number="ZH-CN_TOPIC_0206443594" projectid="896642361" sourceprojectid="" version="A-1.1" baseline="" type="topic" sourcemapnum="ZH-CN_BOOKMAP_0206443636" sourcemapversion="A-1.17"/><item number="ZH-CN_TOPIC_0206443593" projectid="896642361" sourceprojectid="" version="A-1.2" baseline="" type="topic" sourcemapnum="ZH-CN_BOOKMAP_0206443636" sourcemapversion="A-1.17"/><item number="ZH-CN_TOPIC_0206443592" projectid="896642361" sourceprojectid="" version="A-1.1" baseline="" type="topic" sourcemapnum="ZH-CN_BOOKMAP_0206443636" sourcemapversion="A-1.17"/><item number="ZH-CN_TOPIC_0206443591" projectid="896642361" sourceprojectid="" version="A-1.1" baseline="" type="topic" sourcemapnum="ZH-CN_BOOKMAP_0206443636" sourcemapversion="A-1.17"/><item number="ZH-CN_TOPIC_0206443590" projectid="896642361" sourceprojectid="" version="A-1.1" baseline="" type="topic" sourcemapnum="ZH-CN_BOOKMAP_0206443636" sourcemapversion="A-1.17"/><item number="ZH-CN_TOPIC_0206443589" projectid="896642361" sourceprojectid="" version="A-1.1" baseline="" type="topic" sourcemapnum="ZH-CN_BOOKMAP_0206443636" sourcemapversion="A-1.17"/><item number="ZH-CN_TOPIC_0206443588" projectid="896642361" sourceprojectid="" version="A-1.1" baseline="" type="topic" sourcemapnum="ZH-CN_BOOKMAP_0206443636" sourcemapversion="A-1.17"/><item number="ZH-CN_TOPIC_0206443587" projectid="896642361" sourceprojectid="" version="A-1.1" baseline="" type="topic" sourcemapnum="ZH-CN_BOOKMAP_0206443636" sourcemapversion="A-1.17"/><item number="ZH-CN_TOPIC_0206443586" projectid="896642361" sourceprojectid="" version="A-1.1" baseline="" type="topic" sourcemapnum="ZH-CN_BOOKMAP_0206443636" sourcemapversion="A-1.17"/><item number="ZH-CN_TOPIC_0206443582" projectid="896642361" sourceprojectid="" version="A-1.1" baseline="" type="topic" sourcemapnum="ZH-CN_BOOKMAP_0206443636" sourcemapversion="A-1.17"/><item number="ZH-CN_TOPIC_0206443581" projectid="896642361" sourceprojectid="" version="A-1.2" baseline="" type="topic" sourcemapnum="ZH-CN_BOOKMAP_0206443636" sourcemapversion="A-1.17"/><item number="ZH-CN_TOPIC_0206443580" projectid="896642361" sourceprojectid="" version="A-1.1" baseline="" type="topic" sourcemapnum="ZH-CN_BOOKMAP_0206443636" sourcemapversion="A-1.17"/><item number="ZH-CN_TOPIC_0206443579" projectid="896642361" sourceprojectid="" version="A-1.1" baseline="" type="topic" sourcemapnum="ZH-CN_BOOKMAP_0206443636" sourcemapversion="A-1.17"/><item number="ZH-CN_TOPIC_0206443578" projectid="896642361" sourceprojectid="" version="A-1.1" baseline="" type="topic" sourcemapnum="ZH-CN_BOOKMAP_0206443636" sourcemapversion="A-1.17"/><item number="ZH-CN_TOPIC_0206443577" projectid="896642361" sourceprojectid="" version="A-1.1" baseline="" type="topic" sourcemapnum="ZH-CN_BOOKMAP_0206443636" sourcemapversion="A-1.17"/><item number="ZH-CN_TOPIC_0206443576" projectid="896642361" sourceprojectid="" version="A-1.1" baseline="" type="topic" sourcemapnum="ZH-CN_BOOKMAP_0206443636" sourcemapversion="A-1.17"/><item number="ZH-CN_TOPIC_0206443575" projectid="896642361" sourceprojectid="" version="A-1.1" baseline="" type="topic" sourcemapnum="ZH-CN_BOOKMAP_0206443636" sourcemapversion="A-1.17"/><item number="ZH-CN_TOPIC_0206443574" projectid="896642361" sourceprojectid="" version="A-1.2" baseline="" type="topic" sourcemapnum="ZH-CN_BOOKMAP_0206443636" sourcemapversion="A-1.17"/><item number="ZH-CN_TOPIC_0206443573" projectid="896642361" sourceprojectid="" version="A-1.1" baseline="" type="topic" sourcemapnum="ZH-CN_BOOKMAP_0206443636" sourcemapversion="A-1.17"/><item number="ZH-CN_TOPIC_0206443571" projectid="896642361" sourceprojectid="" version="A-1.1" baseline="" type="topic" sourcemapnum="ZH-CN_BOOKMAP_0206443636" sourcemapversion="A-1.17"/><item number="ZH-CN_TOPIC_0206443569" projectid="896642361" sourceprojectid="" version="A-1.2" baseline="" type="topic" sourcemapnum="ZH-CN_BOOKMAP_0206443636" sourcemapversion="A-1.17"/><item number="ZH-CN_TOPIC_0206443568" projectid="896642361" sourceprojectid="" version="A-1.1" baseline="" type="topic" sourcemapnum="ZH-CN_BOOKMAP_0206443636" sourcemapversion="A-1.17"/><item number="ZH-CN_TOPIC_0206443567" projectid="896642361" sourceprojectid="" version="A-1.1" baseline="" type="topic" sourcemapnum="ZH-CN_BOOKMAP_0206443636" sourcemapversion="A-1.17"/><item number="ZH-CN_TOPIC_0206443566" projectid="896642361" sourceprojectid="" version="A-1.2" baseline="" type="topic" sourcemapnum="ZH-CN_BOOKMAP_0206443636" sourcemapversion="A-1.17"/><item number="ZH-CN_TOPIC_0206443565" projectid="896642361" sourceprojectid="" version="A-1.1" baseline="" type="topic" sourcemapnum="ZH-CN_BOOKMAP_0206443636" sourcemapversion="A-1.17"/><item number="ZH-CN_TOPIC_0206443564" projectid="896642361" sourceprojectid="" version="A-1.1" baseline="" type="topic" sourcemapnum="ZH-CN_BOOKMAP_0206443636" sourcemapversion="A-1.17"/><item number="ZH-CN_TOPIC_0206443563" projectid="896642361" sourceprojectid="" version="A-1.1" baseline="" type="topic" sourcemapnum="ZH-CN_BOOKMAP_0206443636" sourcemapversion="A-1.17"/><item number="ZH-CN_TOPIC_0206443562" projectid="896642361" sourceprojectid="" version="A-1.1" baseline="" type="topic" sourcemapnum="ZH-CN_BOOKMAP_0206443636" sourcemapversion="A-1.17"/><item number="ZH-CN_TOPIC_0206443561" projectid="896642361" sourceprojectid="" version="A-1.1" baseline="" type="topic" sourcemapnum="ZH-CN_BOOKMAP_0206443636" sourcemapversion="A-1.17"/><item number="ZH-CN_TOPIC_0206443560" projectid="896642361" sourceprojectid="" version="A-1.1" baseline="" type="topic" sourcemapnum="ZH-CN_BOOKMAP_0206443636" sourcemapversion="A-1.17"/><item number="ZH-CN_TOPIC_0206443559" projectid="896642361" sourceprojectid="" version="A-1.1" baseline="" type="topic" sourcemapnum="ZH-CN_BOOKMAP_0206443636" sourcemapversion="A-1.17"/><item number="ZH-CN_TOPIC_0206443558" projectid="896642361" sourceprojectid="" version="A-1.1" baseline="" type="topic" sourcemapnum="ZH-CN_BOOKMAP_0206443636" sourcemapversion="A-1.17"/><item number="ZH-CN_TOPIC_0206443557" projectid="896642361" sourceprojectid="" version="A-1.1" baseline="" type="topic" sourcemapnum="ZH-CN_BOOKMAP_0206443636" sourcemapversion="A-1.17"/><item number="ZH-CN_TOPIC_0206443556" projectid="896642361" sourceprojectid="" version="A-1.1" baseline="" type="topic" sourcemapnum="ZH-CN_BOOKMAP_0206443636" sourcemapversion="A-1.17"/><item number="ZH-CN_TOPIC_0206443555" projectid="896642361" sourceprojectid="" version="A-1.1" baseline="" type="topic" sourcemapnum="ZH-CN_BOOKMAP_0206443636" sourcemapversion="A-1.17"/><item number="ZH-CN_TOPIC_0206443554" projectid="896642361" sourceprojectid="" version="A-1.2" baseline="" type="topic" sourcemapnum="ZH-CN_BOOKMAP_0206443636" sourcemapversion="A-1.17"/><item number="ZH-CN_TOPIC_0206443553" projectid="896642361" sourceprojectid="" version="A-1.2" baseline="" type="topic" sourcemapnum="ZH-CN_BOOKMAP_0206443636" sourcemapversion="A-1.17"/><item number="ZH-CN_TOPIC_0206443552" projectid="896642361" sourceprojectid="" version="A-1.2" baseline="" type="topic" sourcemapnum="ZH-CN_BOOKMAP_0206443636" sourcemapversion="A-1.17"/><item number="ZH-CN_TOPIC_0206443551" projectid="896642361" sourceprojectid="" version="A-1.1" baseline="" type="topic" sourcemapnum="ZH-CN_BOOKMAP_0206443636" sourcemapversion="A-1.17"/><item number="ZH-CN_TOPIC_0206443550" projectid="896642361" sourceprojectid="" version="A-1.1" baseline="" type="topic" sourcemapnum="ZH-CN_BOOKMAP_0206443636" sourcemapversion="A-1.17"/><item number="ZH-CN_TOPIC_0206443549" projectid="896642361" sourceprojectid="" version="A-1.2" baseline="" type="topic" sourcemapnum="ZH-CN_BOOKMAP_0206443636" sourcemapversion="A-1.17"/><item number="ZH-CN_TOPIC_0206443548" projectid="896642361" sourceprojectid="" version="A-1.1" baseline="" type="topic" sourcemapnum="ZH-CN_BOOKMAP_0206443636" sourcemapversion="A-1.17"/><item number="ZH-CN_TOPIC_0206443547" projectid="896642361" sourceprojectid="" version="A-1.1" baseline="" type="topic" sourcemapnum="ZH-CN_BOOKMAP_0206443636" sourcemapversion="A-1.17"/><item number="ZH-CN_TOPIC_0206443546" projectid="896642361" sourceprojectid="" version="A-1.1" baseline="" type="topic" sourcemapnum="ZH-CN_BOOKMAP_0206443636" sourcemapversion="A-1.17"/><item number="ZH-CN_TOPIC_0206443545" projectid="896642361" sourceprojectid="" version="A-1.1" baseline="" type="topic" sourcemapnum="ZH-CN_BOOKMAP_0206443636" sourcemapversion="A-1.17"/><item number="ZH-CN_TOPIC_0206443544" projectid="896642361" sourceprojectid="" version="A-1.1" baseline="" type="topic" sourcemapnum="ZH-CN_BOOKMAP_0206443636" sourcemapversion="A-1.17"/><item number="ZH-CN_TOPIC_0206443543" projectid="896642361" sourceprojectid="" version="A-1.2" baseline="" type="topic" sourcemapnum="ZH-CN_BOOKMAP_0206443636" sourcemapversion="A-1.17"/><item number="ZH-CN_TOPIC_0206443542" projectid="896642361" sourceprojectid="" version="A-1.1" baseline="" type="topic" sourcemapnum="ZH-CN_BOOKMAP_0206443636" sourcemapversion="A-1.17"/><item number="ZH-CN_TOPIC_0206443541" projectid="896642361" sourceprojectid="" version="A-1.1" baseline="" type="topic" sourcemapnum="ZH-CN_BOOKMAP_0206443636" sourcemapversion="A-1.17"/><item number="ZH-CN_TOPIC_0206443540" projectid="896642361" sourceprojectid="" version="A-1.1" baseline="" type="topic" sourcemapnum="ZH-CN_BOOKMAP_0206443636" sourcemapversion="A-1.17"/><item number="ZH-CN_TOPIC_0206443539" projectid="896642361" sourceprojectid="" version="A-1.1" baseline="" type="topic" sourcemapnum="ZH-CN_BOOKMAP_0206443636" sourcemapversion="A-1.17"/><item number="ZH-CN_TOPIC_0206443538" projectid="896642361" sourceprojectid="" version="A-1.1" baseline="" type="topic" sourcemapnum="ZH-CN_BOOKMAP_0206443636" sourcemapversion="A-1.17"/><item number="ZH-CN_TOPIC_0206443537" projectid="896642361" sourceprojectid="" version="A-1.1" baseline="" type="topic" sourcemapnum="ZH-CN_BOOKMAP_0206443636" sourcemapversion="A-1.17"/><item number="ZH-CN_TOPIC_0206443536" projectid="896642361" sourceprojectid="" version="A-1.1" baseline="" type="topic" sourcemapnum="ZH-CN_BOOKMAP_0206443636" sourcemapversion="A-1.17"/><item number="ZH-CN_TOPIC_0206443534" projectid="896642361" sourceprojectid="" version="A-1.1" baseline="" type="topic" sourcemapnum="ZH-CN_BOOKMAP_0206443636" sourcemapversion="A-1.17"/><item number="ZH-CN_TOPIC_0206443532" projectid="896642361" sourceprojectid="" version="A-1.1" baseline="" type="topic" sourcemapnum="ZH-CN_BOOKMAP_0206443636" sourcemapversion="A-1.17"/><item number="ZH-CN_TOPIC_0206443531" projectid="896642361" sourceprojectid="" version="A-1.1" baseline="" type="topic" sourcemapnum="ZH-CN_BOOKMAP_0206443636" sourcemapversion="A-1.17"/><item number="ZH-CN_TOPIC_0206443530" projectid="896642361" sourceprojectid="" version="A-1.2" baseline="" type="topic" sourcemapnum="ZH-CN_BOOKMAP_0206443636" sourcemapversion="A-1.17"/><item number="ZH-CN_TOPIC_0206443529" projectid="896642361" sourceprojectid="" version="A-1.1" baseline="" type="topic" sourcemapnum="ZH-CN_BOOKMAP_0206443636" sourcemapversion="A-1.17"/><item number="ZH-CN_TOPIC_0206443527" projectid="896642361" sourceprojectid="" version="A-1.1" baseline="" type="topic" sourcemapnum="ZH-CN_BOOKMAP_0206443636" sourcemapversion="A-1.17"/><item number="ZH-CN_TOPIC_0206443526" projectid="896642361" sourceprojectid="" version="A-1.1" baseline="" type="topic" sourcemapnum="ZH-CN_BOOKMAP_0206443636" sourcemapversion="A-1.17"/><item number="ZH-CN_TOPIC_0206443525" projectid="896642361" sourceprojectid="" version="A-1.1" baseline="" type="topic" sourcemapnum="ZH-CN_BOOKMAP_0206443636" sourcemapversion="A-1.17"/><item number="ZH-CN_TOPIC_0206443523" projectid="896642361" sourceprojectid="" version="A-1.1" baseline="" type="topic" sourcemapnum="ZH-CN_BOOKMAP_0206443636" sourcemapversion="A-1.17"/><item number="ZH-CN_TOPIC_0206443522" projectid="896642361" sourceprojectid="" version="A-1.1" baseline="" type="topic" sourcemapnum="ZH-CN_BOOKMAP_0206443636" sourcemapversion="A-1.17"/><item number="ZH-CN_TOPIC_0206443521" projectid="896642361" sourceprojectid="" version="A-1.1" baseline="" type="topic" sourcemapnum="ZH-CN_BOOKMAP_0206443636" sourcemapversion="A-1.17"/><item number="ZH-CN_TOPIC_0206443520" projectid="896642361" sourceprojectid="" version="A-1.2" baseline="" type="topic" sourcemapnum="ZH-CN_BOOKMAP_0206443636" sourcemapversion="A-1.17"/><item number="ZH-CN_TOPIC_0206443519" projectid="896642361" sourceprojectid="" version="A-1.1" baseline="" type="topic" sourcemapnum="ZH-CN_BOOKMAP_0206443636" sourcemapversion="A-1.17"/><item number="ZH-CN_TOPIC_0206443518" projectid="896642361" sourceprojectid="" version="A-1.1" baseline="" type="topic" sourcemapnum="ZH-CN_BOOKMAP_0206443636" sourcemapversion="A-1.17"/><item number="ZH-CN_TOPIC_0206443517" projectid="896642361" sourceprojectid="" version="A-1.1" baseline="" type="topic" sourcemapnum="ZH-CN_BOOKMAP_0206443636" sourcemapversion="A-1.17"/><item number="ZH-CN_TOPIC_0206443516" projectid="896642361" sourceprojectid="" version="A-1.1" baseline="" type="topic" sourcemapnum="ZH-CN_BOOKMAP_0206443636" sourcemapversion="A-1.17"/><item number="ZH-CN_TOPIC_0206443515" projectid="896642361" sourceprojectid="" version="A-1.2" baseline="" type="topic" sourcemapnum="ZH-CN_BOOKMAP_0206443636" sourcemapversion="A-1.17"/><item number="ZH-CN_TOPIC_0206443514" projectid="896642361" sourceprojectid="" version="A-1.1" baseline="" type="topic" sourcemapnum="ZH-CN_BOOKMAP_0206443636" sourcemapversion="A-1.17"/><item number="ZH-CN_TOPIC_0206443513" projectid="896642361" sourceprojectid="" version="A-1.1" baseline="" type="topic" sourcemapnum="ZH-CN_BOOKMAP_0206443636" sourcemapversion="A-1.17"/><item number="ZH-CN_TOPIC_0206443512" projectid="896642361" sourceprojectid="" version="A-1.1" baseline="" type="topic" sourcemapnum="ZH-CN_BOOKMAP_0206443636" sourcemapversion="A-1.17"/><item number="ZH-CN_TOPIC_0206443511" projectid="896642361" sourceprojectid="" version="A-1.2" baseline="" type="topic" sourcemapnum="ZH-CN_BOOKMAP_0206443636" sourcemapversion="A-1.17"/><item number="ZH-CN_TOPIC_0206443510" projectid="896642361" sourceprojectid="" version="A-1.1" baseline="" type="topic" sourcemapnum="ZH-CN_BOOKMAP_0206443636" sourcemapversion="A-1.17"/><item number="ZH-CN_TOPIC_0206443489" projectid="896642361" sourceprojectid="" version="A-1.1" baseline="" type="topic" sourcemapnum="ZH-CN_BOOKMAP_0206443636" sourcemapversion="A-1.17"/><item number="ZH-CN_TOPIC_0206443488" projectid="896642361" sourceprojectid="" version="A-1.2" baseline="" type="topic" sourcemapnum="ZH-CN_BOOKMAP_0206443636" sourcemapversion="A-1.17"/><item number="ZH-CN_TOPIC_0206443487" projectid="896642361" sourceprojectid="" version="A-1.1" baseline="" type="topic" sourcemapnum="ZH-CN_BOOKMAP_0206443636" sourcemapversion="A-1.17"/><item number="ZH-CN_TOPIC_0206443485" projectid="896642361" sourceprojectid="" version="A-1.1" baseline="" type="topic" sourcemapnum="ZH-CN_BOOKMAP_0206443636" sourcemapversion="A-1.17"/><item number="ZH-CN_TOPIC_0206443484" projectid="896642361" sourceprojectid="" version="A-1.1" baseline="" type="topic" sourcemapnum="ZH-CN_BOOKMAP_0206443636" sourcemapversion="A-1.17"/><item number="ZH-CN_TOPIC_0206443483" projectid="896642361" sourceprojectid="" version="A-1.1" baseline="" type="topic" sourcemapnum="ZH-CN_BOOKMAP_0206443636" sourcemapversion="A-1.17"/><item number="ZH-CN_TOPIC_0206443482" projectid="896642361" sourceprojectid="" version="A-1.2" baseline="" type="topic" sourcemapnum="ZH-CN_BOOKMAP_0206443636" sourcemapversion="A-1.17"/><item number="ZH-CN_TOPIC_0206443481" projectid="896642361" sourceprojectid="" version="A-1.1" baseline="" type="topic" sourcemapnum="ZH-CN_BOOKMAP_0206443636" sourcemapversion="A-1.17"/><item number="ZH-CN_TOPIC_0206443480" projectid="896642361" sourceprojectid="" version="A-1.1" baseline="" type="topic" sourcemapnum="ZH-CN_BOOKMAP_0206443636" sourcemapversion="A-1.17"/><item number="ZH-CN_TOPIC_0206443479" projectid="896642361" sourceprojectid="" version="A-1.1" baseline="" type="topic" sourcemapnum="ZH-CN_BOOKMAP_0206443636" sourcemapversion="A-1.17"/><item number="ZH-CN_TOPIC_0206443478" projectid="896642361" sourceprojectid="" version="A-1.1" baseline="" type="topic" sourcemapnum="ZH-CN_BOOKMAP_0206443636" sourcemapversion="A-1.17"/><item number="ZH-CN_TOPIC_0206443477" projectid="896642361" sourceprojectid="" version="A-1.1" baseline="" type="topic" sourcemapnum="ZH-CN_BOOKMAP_0206443636" sourcemapversion="A-1.17"/><item number="ZH-CN_TOPIC_0206443476" projectid="896642361" sourceprojectid="" version="A-1.1" baseline="" type="topic" sourcemapnum="ZH-CN_BOOKMAP_0206443636" sourcemapversion="A-1.17"/><item number="ZH-CN_TOPIC_0206443475" projectid="896642361" sourceprojectid="" version="A-1.1" baseline="" type="topic" sourcemapnum="ZH-CN_BOOKMAP_0206443636" sourcemapversion="A-1.17"/><item number="ZH-CN_TOPIC_0172225626" projectid="896642361" sourceprojectid="" version="A-1.4" baseline="" type="topic" sourcemapnum="ZH-CN_BOOKMAP_0096850861" sourcemapversion="A-1.539"/><item number="ZH-CN_TOPIC_0170797013" projectid="896642361" sourceprojectid="" version="A-1.25" baseline="" type="topic" sourcemapnum="ZH-CN_BOOKMAP_0170590743" sourcemapversion="A-1.83"/><item number="ZH-CN_TOPIC_0170590903" projectid="896642361" sourceprojectid="" version="A-1.1" baseline="" type="topic" sourcemapnum="ZH-CN_BOOKMAP_0170590743" sourcemapversion="A-1.83"/><item number="ZH-CN_TOPIC_0170590734" projectid="896642361" sourceprojectid="" version="A-1.1" baseline="" type="topic" sourcemapnum="ZH-CN_BOOKMAP_0170590743" sourcemapversion="A-1.83"/><item number="ZH-CN_TOPIC_0170590660" projectid="896642361" sourceprojectid="" version="A-1.1" baseline="" type="topic" sourcemapnum="ZH-CN_BOOKMAP_0170590743" sourcemapversion="A-1.83"/><item number="ZH-CN_TOPIC_0170590572" projectid="896642361" sourceprojectid="" version="A-1.1" baseline="" type="topic" sourcemapnum="ZH-CN_BOOKMAP_0170590743" sourcemapversion="A-1.83"/><item number="ZH-CN_TOPIC_0170590472" projectid="896642361" sourceprojectid="" version="A-1.2" baseline="" type="topic" sourcemapnum="ZH-CN_BOOKMAP_0170590743" sourcemapversion="A-1.83"/><item number="ZH-CN_TOPIC_0149450059" projectid="896642361" sourceprojectid="" version="A-1.4" baseline="" type="topic" sourcemapnum="ZH-CN_BOOKMAP_0096850861" sourcemapversion="A-1.539"/><item number="ZH-CN_TOPIC_0149449370" projectid="896642361" sourceprojectid="" version="A-1.5" baseline="" type="topic" sourcemapnum="ZH-CN_BOOKMAP_0096850861" sourcemapversion="A-1.539"/><item number="ZH-CN_TOPIC_0149448361" projectid="896642361" sourceprojectid="" version="A-1.3" baseline="" type="topic" sourcemapnum="ZH-CN_BOOKMAP_0096850861" sourcemapversion="A-1.539"/><item number="ZH-CN_TOPIC_0145145466" projectid="896642361" sourceprojectid="" version="A-1.2" baseline="" type="topic" sourcemapnum="ZH-CN_BOOKMAP_0096850861" sourcemapversion="A-1.539"/><item number="ZH-CN_TOPIC_0145138849" projectid="896642361" sourceprojectid="" version="A-1.3" baseline="" type="topic" sourcemapnum="ZH-CN_BOOKMAP_0096850861" sourcemapversion="A-1.539"/><item number="ZH-CN_TOPIC_0140642993" projectid="896642361" sourceprojectid="" version="A-1.7" baseline="" type="topic" sourcemapnum="ZH-CN_BOOKMAP_0096850861" sourcemapversion="A-1.539"/><item number="ZH-CN_TOPIC_0127439392" projectid="896642361" sourceprojectid="" version="A-1.4" baseline="" type="topic" sourcemapnum="ZH-CN_BOOKMAP_0096850861" sourcemapversion="A-1.539"/><item number="ZH-CN_TOPIC_0127439391" projectid="896642361" sourceprojectid="" version="A-1.3" baseline="" type="topic" sourcemapnum="ZH-CN_BOOKMAP_0096850861" sourcemapversion="A-1.539"/><item number="ZH-CN_TOPIC_0127382538" projectid="896642361" sourceprojectid="" version="A-1.5" baseline="" type="topic" sourcemapnum="ZH-CN_BOOKMAP_0096850861" sourcemapversion="A-1.539"/><item number="ZH-CN_TOPIC_0127382537" projectid="896642361" sourceprojectid="" version="A-1.4" baseline="" type="topic" sourcemapnum="ZH-CN_BOOKMAP_0096850861" sourcemapversion="A-1.539"/><item number="ZH-CN_TOPIC_0127382536" projectid="896642361" sourceprojectid="" version="A-1.4" baseline="" type="topic" sourcemapnum="ZH-CN_BOOKMAP_0096850861" sourcemapversion="A-1.539"/><item number="ZH-CN_TOPIC_0127380945" projectid="896642361" sourceprojectid="" version="A-1.7" baseline="" type="topic" sourcemapnum="ZH-CN_BOOKMAP_0096850861" sourcemapversion="A-1.539"/><item number="ZH-CN_TOPIC_0127380944" projectid="896642361" sourceprojectid="" version="A-1.8" baseline="" type="topic" sourcemapnum="ZH-CN_BOOKMAP_0096850861" sourcemapversion="A-1.539"/><item number="ZH-CN_TOPIC_0127358137" projectid="896642361" sourceprojectid="" version="A-1.5" baseline="" type="topic" sourcemapnum="ZH-CN_BOOKMAP_0096850861" sourcemapversion="A-1.539"/><item number="ZH-CN_TOPIC_0127356084" projectid="896642361" sourceprojectid="" version="A-1.11" baseline="" type="topic" sourcemapnum="ZH-CN_BOOKMAP_0096850861" sourcemapversion="A-1.539"/><item number="ZH-CN_TOPIC_0118377335" projectid="896642361" sourceprojectid="" version="A-1.2" baseline="" type="topic" sourcemapnum="ZH-CN_BOOKMAP_0096850861" sourcemapversion="A-1.539"/><item number="ZH-CN_TOPIC_0115671485" projectid="896642361" sourceprojectid="" version="A-1.3" baseline="" type="topic" sourcemapnum="ZH-CN_BOOKMAP_0096850861" sourcemapversion="A-1.539"/><item number="ZH-CN_TOPIC_0112790166" projectid="896642361" sourceprojectid="" version="A-1.4" baseline="" type="topic" sourcemapnum="ZH-CN_BOOKMAP_0096850861" sourcemapversion="A-1.539"/><item number="ZH-CN_TOPIC_0110495981" projectid="896642361" sourceprojectid="" version="A-1.5" baseline="" type="topic" sourcemapnum="ZH-CN_BOOKMAP_0096850861" sourcemapversion="A-1.539"/><item number="ZH-CN_TOPIC_0110485505" projectid="896642361" sourceprojectid="" version="A-1.2" baseline="" type="topic" sourcemapnum="ZH-CN_BOOKMAP_0096850861" sourcemapversion="A-1.539"/><item number="ZH-CN_TOPIC_0109953231" projectid="896642361" sourceprojectid="" version="A-1.4" baseline="" type="topic" sourcemapnum="ZH-CN_BOOKMAP_0096850861" sourcemapversion="A-1.539"/><item number="ZH-CN_TOPIC_0109949630" projectid="896642361" sourceprojectid="" version="A-1.4" baseline="" type="topic" sourcemapnum="ZH-CN_BOOKMAP_0096850861" sourcemapversion="A-1.539"/><item number="ZH-CN_TOPIC_0109949089" projectid="896642361" sourceprojectid="" version="A-1.3" baseline="" type="topic" sourcemapnum="ZH-CN_BOOKMAP_0096850861" sourcemapversion="A-1.539"/><item number="ZH-CN_TOPIC_0107200467" projectid="896642361" sourceprojectid="" version="A-1.3" baseline="" type="topic" sourcemapnum="ZH-CN_BOOKMAP_0096850861" sourcemapversion="A-1.539"/><item number="ZH-CN_TOPIC_0107199528" projectid="896642361" sourceprojectid="" version="A-1.2" baseline="" type="topic" sourcemapnum="ZH-CN_BOOKMAP_0096850861" sourcemapversion="A-1.539"/><item number="ZH-CN_TOPIC_0107187750" projectid="896642361" sourceprojectid="" version="A-1.3" baseline="" type="topic" sourcemapnum="ZH-CN_BOOKMAP_0096850861" sourcemapversion="A-1.539"/><item number="ZH-CN_TOPIC_0107183442" projectid="896642361" sourceprojectid="" version="A-1.3" baseline="" type="topic" sourcemapnum="ZH-CN_BOOKMAP_0096850861" sourcemapversion="A-1.539"/><item number="ZH-CN_TOPIC_0107179891" projectid="896642361" sourceprojectid="" version="A-1.2" baseline="" type="topic" sourcemapnum="ZH-CN_BOOKMAP_0096850861" sourcemapversion="A-1.539"/><item number="ZH-CN_TOPIC_0107177936" projectid="896642361" sourceprojectid="" version="A-1.3" baseline="" type="topic" sourcemapnum="ZH-CN_BOOKMAP_0096850861" sourcemapversion="A-1.539"/><item number="ZH-CN_TOPIC_0107174478" projectid="896642361" sourceprojectid="" version="A-1.3" baseline="" type="topic" sourcemapnum="ZH-CN_BOOKMAP_0096850861" sourcemapversion="A-1.539"/><item number="ZH-CN_TOPIC_0107174477" projectid="896642361" sourceprojectid="" version="A-1.4" baseline="" type="topic" sourcemapnum="ZH-CN_BOOKMAP_0096850861" sourcemapversion="A-1.539"/><item number="ZH-CN_TOPIC_0107164291" projectid="896642361" sourceprojectid="" version="A-1.2" baseline="" type="topic" sourcemapnum="ZH-CN_BOOKMAP_0096850861" sourcemapversion="A-1.539"/><item number="ZH-CN_TOPIC_0107159903" projectid="896642361" sourceprojectid="" version="A-1.4" baseline="" type="topic" sourcemapnum="ZH-CN_BOOKMAP_0096850861" sourcemapversion="A-1.539"/><item number="ZH-CN_TOPIC_0107033778" projectid="896642361" sourceprojectid="" version="A-1.2" baseline="" type="topic" sourcemapnum="ZH-CN_BOOKMAP_0096850861" sourcemapversion="A-1.539"/><item number="ZH-CN_TOPIC_0103264172" projectid="896642361" sourceprojectid="" version="A-1.5" baseline="" type="topic" sourcemapnum="ZH-CN_BOOKMAP_0096850861" sourcemapversion="A-1.539"/><item number="ZH-CN_TOPIC_0103264171" projectid="896642361" sourceprojectid="" version="A-1.4" baseline="" type="topic" sourcemapnum="ZH-CN_BOOKMAP_0096850861" sourcemapversion="A-1.539"/><item number="ZH-CN_TOPIC_0103212686" projectid="896642361" sourceprojectid="" version="A-1.10" baseline="" type="topic" sourcemapnum="ZH-CN_BOOKMAP_0096850861" sourcemapversion="A-1.539"/><item number="ZH-CN_TOPIC_0103212671" projectid="896642361" sourceprojectid="" version="A-1.12" baseline="" type="topic" sourcemapnum="ZH-CN_BOOKMAP_0096850861" sourcemapversion="A-1.539"/><item number="ZH-CN_TOPIC_0103212658" projectid="896642361" sourceprojectid="" version="A-1.3" baseline="" type="topic" sourcemapnum="ZH-CN_BOOKMAP_0096850861" sourcemapversion="A-1.539"/><item number="ZH-CN_TOPIC_0103212611" projectid="896642361" sourceprojectid="" version="A-1.4" baseline="" type="topic" sourcemapnum="ZH-CN_BOOKMAP_0096850861" sourcemapversion="A-1.539"/><item number="ZH-CN_TOPIC_0103212610" projectid="896642361" sourceprojectid="" version="A-1.3" baseline="" type="topic" sourcemapnum="ZH-CN_BOOKMAP_0096850861" sourcemapversion="A-1.539"/><item number="ZH-CN_TOPIC_0103212609" projectid="896642361" sourceprojectid="" version="A-1.4" baseline="" type="topic" sourcemapnum="ZH-CN_BOOKMAP_0096850861" sourcemapversion="A-1.539"/><item number="ZH-CN_TOPIC_0103212608" projectid="896642361" sourceprojectid="" version="A-1.5" baseline="" type="topic" sourcemapnum="ZH-CN_BOOKMAP_0096850861" sourcemapversion="A-1.539"/><item number="ZH-CN_TOPIC_0103203662" projectid="896642361" sourceprojectid="" version="A-1.3" baseline="" type="topic" sourcemapnum="ZH-CN_BOOKMAP_0096850861" sourcemapversion="A-1.539"/><item number="ZH-CN_TOPIC_0103142887" projectid="896642361" sourceprojectid="" version="A-1.4" baseline="" type="topic" sourcemapnum="ZH-CN_BOOKMAP_0096850861" sourcemapversion="A-1.539"/><item number="ZH-CN_TOPIC_0097042253" projectid="896642361" sourceprojectid="" version="A-1.5" baseline="" type="topic" sourcemapnum="ZH-CN_BOOKMAP_0096850861" sourcemapversion="A-1.539"/><item number="ZH-CN_TOPIC_0097042252" projectid="896642361" sourceprojectid="" version="A-1.5" baseline="" type="topic" sourcemapnum="ZH-CN_BOOKMAP_0096850861" sourcemapversion="A-1.539"/><item number="ZH-CN_TOPIC_0097042251" projectid="896642361" sourceprojectid="" version="A-1.6" baseline="" type="topic" sourcemapnum="ZH-CN_BOOKMAP_0096850861" sourcemapversion="A-1.539"/><item number="ZH-CN_TOPIC_0097042250" projectid="896642361" sourceprojectid="" version="A-1.7" baseline="" type="topic" sourcemapnum="ZH-CN_BOOKMAP_0096850861" sourcemapversion="A-1.539"/><item number="ZH-CN_TOPIC_0096973786" projectid="896642361" sourceprojectid="" version="A-1.2" baseline="" type="topic" sourcemapnum="ZH-CN_BOOKMAP_0096850861" sourcemapversion="A-1.539"/><item number="ZH-CN_TOPIC_0096973785" projectid="896642361" sourceprojectid="" version="A-1.2" baseline="" type="topic" sourcemapnum="ZH-CN_BOOKMAP_0096850861" sourcemapversion="A-1.539"/><item number="ZH-CN_TOPIC_0096973784" projectid="896642361" sourceprojectid="" version="A-1.7" baseline="" type="topic" sourcemapnum="ZH-CN_BOOKMAP_0096850861" sourcemapversion="A-1.539"/><item number="ZH-CN_TOPIC_0096973779" projectid="896642361" sourceprojectid="" version="A-1.5" baseline="" type="topic" sourcemapnum="ZH-CN_BOOKMAP_0096850861" sourcemapversion="A-1.539"/><item number="ZH-CN_TOPIC_0096973778" projectid="896642361" sourceprojectid="" version="A-1.5" baseline="" type="topic" sourcemapnum="ZH-CN_BOOKMAP_0096850861" sourcemapversion="A-1.539"/><item number="ZH-CN_TOPIC_0096973777" projectid="896642361" sourceprojectid="" version="A-1.4" baseline="" type="topic" sourcemapnum="ZH-CN_BOOKMAP_0096850861" sourcemapversion="A-1.539"/><item number="ZH-CN_TOPIC_0096973776" projectid="896642361" sourceprojectid="" version="A-1.4" baseline="" type="topic" sourcemapnum="ZH-CN_BOOKMAP_0096850861" sourcemapversion="A-1.539"/><item number="ZH-CN_TOPIC_0096973775" projectid="896642361" sourceprojectid="" version="A-1.3" baseline="" type="topic" sourcemapnum="ZH-CN_BOOKMAP_0096850861" sourcemapversion="A-1.539"/><item number="ZH-CN_TOPIC_0096973753" projectid="896642361" sourceprojectid="" version="A-1.3" baseline="" type="topic" sourcemapnum="ZH-CN_BOOKMAP_0096850861" sourcemapversion="A-1.539"/><item number="ZH-CN_TOPIC_0096972681" projectid="896642361" sourceprojectid="" version="A-1.4" baseline="" type="topic" sourcemapnum="ZH-CN_BOOKMAP_0096850861" sourcemapversion="A-1.539"/><item number="ZH-CN_TOPIC_0096972680" projectid="896642361" sourceprojectid="" version="A-1.6" baseline="" type="topic" sourcemapnum="ZH-CN_BOOKMAP_0096850861" sourcemapversion="A-1.539"/><item number="ZH-CN_TOPIC_0096972679" projectid="896642361" sourceprojectid="" version="A-1.5" baseline="" type="topic" sourcemapnum="ZH-CN_BOOKMAP_0096850861" sourcemapversion="A-1.539"/><item number="ZH-CN_TOPIC_0096972678" projectid="896642361" sourceprojectid="" version="A-1.5" baseline="" type="topic" sourcemapnum="ZH-CN_BOOKMAP_0096850861" sourcemapversion="A-1.539"/><item number="ZH-CN_TOPIC_0096972677" projectid="896642361" sourceprojectid="" version="A-1.5" baseline="" type="topic" sourcemapnum="ZH-CN_BOOKMAP_0096850861" sourcemapversion="A-1.539"/><item number="ZH-CN_TOPIC_0096972676" projectid="896642361" sourceprojectid="" version="A-1.4" baseline="" type="topic" sourcemapnum="ZH-CN_BOOKMAP_0096850861" sourcemapversion="A-1.539"/><item number="ZH-CN_TOPIC_0096851466" projectid="896642361" sourceprojectid="" version="A-1.9" baseline="" type="topic" sourcemapnum="ZH-CN_BOOKMAP_0096850861" sourcemapversion="A-1.539"/><item number="ZH-CN_TOPIC_0096851426" projectid="896642361" sourceprojectid="" version="A-1.7" baseline="" type="topic" sourcemapnum="ZH-CN_BOOKMAP_0096850861" sourcemapversion="A-1.539"/><item number="ZH-CN_TOPIC_0096851362" projectid="896642361" sourceprojectid="" version="A-1.4" baseline="" type="topic" sourcemapnum="ZH-CN_BOOKMAP_0096850861" sourcemapversion="A-1.539"/><item number="ZH-CN_TOPIC_0096851333" projectid="896642361" sourceprojectid="" version="A-1.4" baseline="" type="topic" sourcemapnum="ZH-CN_BOOKMAP_0096850861" sourcemapversion="A-1.539"/><item number="ZH-CN_TOPIC_0096851320" projectid="896642361" sourceprojectid="" version="A-1.4" baseline="" type="topic" sourcemapnum="ZH-CN_BOOKMAP_0096850861" sourcemapversion="A-1.539"/><item number="ZH-CN_TOPIC_0096851315" projectid="896642361" sourceprojectid="" version="A-1.3" baseline="" type="topic" sourcemapnum="ZH-CN_BOOKMAP_0096850861" sourcemapversion="A-1.539"/><item number="ZH-CN_TOPIC_0096851284" projectid="896642361" sourceprojectid="" version="A-1.10" baseline="" type="topic" sourcemapnum="ZH-CN_BOOKMAP_0096850861" sourcemapversion="A-1.539"/><item number="ZH-CN_TOPIC_0096851270" projectid="896642361" sourceprojectid="" version="A-1.6" baseline="" type="topic" sourcemapnum="ZH-CN_BOOKMAP_0096850861" sourcemapversion="A-1.539"/><item number="ZH-CN_TOPIC_0096851086" projectid="896642361" sourceprojectid="" version="A-1.3" baseline="" type="topic" sourcemapnum="ZH-CN_BOOKMAP_0096850861" sourcemapversion="A-1.539"/><item number="ZH-CN_TOPIC_0096851071" projectid="896642361" sourceprojectid="" version="A-1.3" baseline="" type="topic" sourcemapnum="ZH-CN_BOOKMAP_0096850861" sourcemapversion="A-1.539"/><item number="ZH-CN_TOPIC_0096851056" projectid="896642361" sourceprojectid="" version="A-1.5" baseline="" type="topic" sourcemapnum="ZH-CN_BOOKMAP_0096850861" sourcemapversion="A-1.539"/><item number="ZH-CN_TOPIC_0096851046" projectid="896642361" sourceprojectid="" version="A-1.12" baseline="" type="topic" sourcemapnum="ZH-CN_BOOKMAP_0096850861" sourcemapversion="A-1.539"/><item number="ZH-CN_TOPIC_0096851037" projectid="896642361" sourceprojectid="" version="A-1.7" baseline="" type="topic" sourcemapnum="ZH-CN_BOOKMAP_0096850861" sourcemapversion="A-1.539"/><item number="ZH-CN_TOPIC_0096850996" projectid="896642361" sourceprojectid="" version="A-1.10" baseline="" type="topic" sourcemapnum="ZH-CN_BOOKMAP_0096850861" sourcemapversion="A-1.539"/><item number="ZH-CN_TOPIC_0096850903" projectid="896642361" sourceprojectid="" version="A-1.6" baseline="" type="topic" sourcemapnum="ZH-CN_BOOKMAP_0096850861" sourcemapversion="A-1.539"/><item number="ZH-CN_TOPIC_0096850899" projectid="896642361" sourceprojectid="" version="A-1.9" baseline="" type="topic" sourcemapnum="ZH-CN_BOOKMAP_0096850861" sourcemapversion="A-1.539"/><item number="ZH-CN_TOPIC_0096850872" projectid="896642361" sourceprojectid="" version="A-1.4" baseline="" type="topic" sourcemapnum="ZH-CN_BOOKMAP_0096850861" sourcemapversion="A-1.539"/><item number="ZH-CN_TOPIC_0096850867" projectid="896642361" sourceprojectid="" version="A-1.8" baseline="" type="topic" sourcemapnum="ZH-CN_BOOKMAP_0096850861" sourcemapversion="A-1.539"/><item number="ZH-CN_TOPIC_0096850786" projectid="896642361" sourceprojectid="" version="A-1.4" baseline="" type="topic" sourcemapnum="ZH-CN_BOOKMAP_0096850861" sourcemapversion="A-1.539"/><item number="ZH-CN_TOPIC_0096850777" projectid="896642361" sourceprojectid="" version="A-1.3" baseline="" type="topic" sourcemapnum="ZH-CN_BOOKMAP_0096850861" sourcemapversion="A-1.539"/><item number="ZH-CN_TOPIC_0096850711" projectid="896642361" sourceprojectid="" version="A-1.3" baseline="" type="topic" sourcemapnum="ZH-CN_BOOKMAP_0096850861" sourcemapversion="A-1.539"/><item number="ZH-CN_TOPIC_0096850697" projectid="896642361" sourceprojectid="" version="A-1.4" baseline="" type="topic" sourcemapnum="ZH-CN_BOOKMAP_0096850861" sourcemapversion="A-1.539"/><item number="ZH-CN_TOPIC_0096850661" projectid="896642361" sourceprojectid="" version="A-1.3" baseline="" type="topic" sourcemapnum="ZH-CN_BOOKMAP_0096850861" sourcemapversion="A-1.539"/><item number="ZH-CN_TOPIC_0096850594" projectid="896642361" sourceprojectid="" version="A-1.6" baseline="" type="topic" sourcemapnum="ZH-CN_BOOKMAP_0096850861" sourcemapversion="A-1.539"/><item number="ZH-CN_TOPIC_0096850523" projectid="896642361" sourceprojectid="" version="A-1.13" baseline="" type="topic" sourcemapnum="ZH-CN_BOOKMAP_0096850861" sourcemapversion="A-1.539"/><item number="ZH-CN_TOPIC_0096850480" projectid="896642361" sourceprojectid="" version="A-1.4" baseline="" type="topic" sourcemapnum="ZH-CN_BOOKMAP_0096850861" sourcemapversion="A-1.539"/><item number="ZH-CN_TOPIC_0096850471" projectid="896642361" sourceprojectid="" version="A-1.9" baseline="" type="topic" sourcemapnum="ZH-CN_BOOKMAP_0096850861" sourcemapversion="A-1.539"/><item number="ZH-CN_TOPIC_0096850463" projectid="896642361" sourceprojectid="" version="A-1.5" baseline="" type="topic" sourcemapnum="ZH-CN_BOOKMAP_0096850861" sourcemapversion="A-1.539"/><item number="ZH-CN_BOOKMAP_0206443636" projectid="896642361" sourceprojectid="" version="A-1.17" baseline="" type="startmap" sourcemapnum="" sourcemapversion=""/></root>