<?xml version="1.0" encoding="utf-8"?><files><file url="en-us_topic_0206491328.html" id="EN-US_TOPIC_0206491328" originalId="EN-US_TOPIC_0206491328"/><file url="en-us_topic_0206491393.html" id="EN-US_TOPIC_0206491393" originalId="EN-US_TOPIC_0206491393"/><file url="en-us_topic_0206491468.html" id="EN-US_TOPIC_0206491468" originalId="EN-US_TOPIC_0206491468"/><file url="en-us_topic_0206491560.html" id="EN-US_TOPIC_0206491560" originalId="EN-US_TOPIC_0206491560"/><file url="en-us_topic_0206491378.html" id="EN-US_TOPIC_0206491378" originalId="EN-US_TOPIC_0206491378"/><file url="en-us_topic_0206491584.html" id="EN-US_TOPIC_0206491584" originalId="EN-US_TOPIC_0206491584"/><file url="en-us_topic_0206491342.html" id="EN-US_TOPIC_0206491342" originalId="EN-US_TOPIC_0206491342"/><file url="en-us_topic_0206491503.html" id="EN-US_TOPIC_0206491503" originalId="EN-US_TOPIC_0206491503"/><file url="en-us_topic_0206491586.html" id="EN-US_TOPIC_0206491586" originalId="EN-US_TOPIC_0206491586"/><file url="en-us_topic_0206491489.html" id="EN-US_TOPIC_0206491489" originalId="EN-US_TOPIC_0206491489"/><file url="en-us_topic_0206491467.html" id="EN-US_TOPIC_0206491467" originalId="EN-US_TOPIC_0206491467"/><file url="en-us_topic_0206491217.html" id="EN-US_TOPIC_0206491217" originalId="EN-US_TOPIC_0206491217"/><file url="en-us_topic_0206491455.html" id="EN-US_TOPIC_0206491455" originalId="EN-US_TOPIC_0206491455"/><file url="en-us_topic_0206491488.html" id="EN-US_TOPIC_0206491488" originalId="EN-US_TOPIC_0206491488"/><file url="en-us_topic_0206491272.html" id="EN-US_TOPIC_0206491272" originalId="EN-US_TOPIC_0206491272"/><file url="en-us_topic_0206710977.html" id="EN-US_TOPIC_0206710977" originalId="EN-US_TOPIC_0206710977"/><file url="en-us_topic_0206710978.html" id="EN-US_TOPIC_0206710978" originalId="EN-US_TOPIC_0206710978"/><file url="en-us_topic_0206491592.html" id="EN-US_TOPIC_0206491592" originalId="EN-US_TOPIC_0206491592"/><file url="en-us_topic_0206491534.html" id="EN-US_TOPIC_0206491534" originalId="EN-US_TOPIC_0206491534"/><file url="en-us_topic_0206491303.html" id="EN-US_TOPIC_0206491303" originalId="EN-US_TOPIC_0206491303"/><file url="en-us_topic_0206491325.html" id="EN-US_TOPIC_0206491325" originalId="EN-US_TOPIC_0206491325"/><file url="en-us_topic_0206491520.html" id="EN-US_TOPIC_0206491520" originalId="EN-US_TOPIC_0206491520"/><file url="en-us_topic_0206491364.html" id="EN-US_TOPIC_0206491364" originalId="EN-US_TOPIC_0206491364"/><file url="en-us_topic_0206491469.html" id="EN-US_TOPIC_0206491469" originalId="EN-US_TOPIC_0206491469"/><file url="en-us_topic_0206491297.html" id="EN-US_TOPIC_0206491297" originalId="EN-US_TOPIC_0206491297"/><file url="en-us_topic_0206491482.html" id="EN-US_TOPIC_0206491482" originalId="EN-US_TOPIC_0206491482"/><file url="en-us_topic_0206491316.html" id="EN-US_TOPIC_0206491316" originalId="EN-US_TOPIC_0206491316"/><file url="en-us_topic_0206491476.html" id="EN-US_TOPIC_0206491476" originalId="EN-US_TOPIC_0206491476"/><file url="en-us_topic_0206491408.html" id="EN-US_TOPIC_0206491408" originalId="EN-US_TOPIC_0206491408"/><file url="en-us_topic_0206491306.html" id="EN-US_TOPIC_0206491306" originalId="EN-US_TOPIC_0206491306"/><file url="en-us_topic_0206491555.html" id="EN-US_TOPIC_0206491555" originalId="EN-US_TOPIC_0206491555"/><file url="en-us_topic_0206491336.html" id="EN-US_TOPIC_0206491336" originalId="EN-US_TOPIC_0206491336"/><file url="en-us_topic_0206491582.html" id="EN-US_TOPIC_0206491582" originalId="EN-US_TOPIC_0206491582"/><file url="en-us_topic_0206491334.html" id="EN-US_TOPIC_0206491334" originalId="EN-US_TOPIC_0206491334"/><file url="en-us_topic_0206491285.html" id="EN-US_TOPIC_0206491285" originalId="EN-US_TOPIC_0206491285"/><file url="en-us_topic_0206491480.html" id="EN-US_TOPIC_0206491480" originalId="EN-US_TOPIC_0206491480"/><file url="en-us_topic_0206491309.html" id="EN-US_TOPIC_0206491309" originalId="EN-US_TOPIC_0206491309"/><file url="en-us_topic_0206491410.html" id="EN-US_TOPIC_0206491410" originalId="EN-US_TOPIC_0206491410"/><file url="en-us_topic_0206491609.html" id="EN-US_TOPIC_0206491609" originalId="EN-US_TOPIC_0206491609"/><file url="en-us_topic_0206491479.html" id="EN-US_TOPIC_0206491479" originalId="EN-US_TOPIC_0206491479"/><file url="en-us_topic_0206491404.html" id="EN-US_TOPIC_0206491404" originalId="EN-US_TOPIC_0206491404"/><file url="en-us_topic_0206491273.html" id="EN-US_TOPIC_0206491273" originalId="EN-US_TOPIC_0206491273"/><file url="en-us_topic_0206491447.html" id="EN-US_TOPIC_0206491447" originalId="EN-US_TOPIC_0206491447"/><file url="en-us_topic_0206491298.html" id="EN-US_TOPIC_0206491298" originalId="EN-US_TOPIC_0206491298"/><file url="en-us_topic_0206491431.html" id="EN-US_TOPIC_0206491431" originalId="EN-US_TOPIC_0206491431"/><file url="en-us_topic_0206491554.html" id="EN-US_TOPIC_0206491554" originalId="EN-US_TOPIC_0206491554"/><file url="en-us_topic_0206491294.html" id="EN-US_TOPIC_0206491294" originalId="EN-US_TOPIC_0206491294"/><file url="en-us_topic_0206491470.html" id="EN-US_TOPIC_0206491470" originalId="EN-US_TOPIC_0206491470"/><file url="en-us_topic_0206491260.html" id="EN-US_TOPIC_0206491260" originalId="EN-US_TOPIC_0206491260"/><file url="en-us_topic_0206491422.html" id="EN-US_TOPIC_0206491422" originalId="EN-US_TOPIC_0206491422"/><file url="en-us_topic_0206491324.html" id="EN-US_TOPIC_0206491324" originalId="EN-US_TOPIC_0206491324"/><file url="en-us_topic_0206491349.html" id="EN-US_TOPIC_0206491349" originalId="EN-US_TOPIC_0206491349"/><file url="en-us_topic_0206491282.html" id="EN-US_TOPIC_0206491282" originalId="EN-US_TOPIC_0206491282"/><file url="en-us_topic_0206491242.html" id="EN-US_TOPIC_0206491242" originalId="EN-US_TOPIC_0206491242"/><file url="en-us_topic_0206491402.html" id="EN-US_TOPIC_0206491402" originalId="EN-US_TOPIC_0206491402"/><file url="en-us_topic_0206491286.html" id="EN-US_TOPIC_0206491286" originalId="EN-US_TOPIC_0206491286"/><file url="en-us_topic_0206491405.html" id="EN-US_TOPIC_0206491405" originalId="EN-US_TOPIC_0206491405"/><file url="en-us_topic_0206491423.html" id="EN-US_TOPIC_0206491423" originalId="EN-US_TOPIC_0206491423"/><file url="en-us_topic_0206491583.html" id="EN-US_TOPIC_0206491583" originalId="EN-US_TOPIC_0206491583"/><file url="en-us_topic_0206491442.html" id="EN-US_TOPIC_0206491442" originalId="EN-US_TOPIC_0206491442"/><file url="en-us_topic_0206491256.html" id="EN-US_TOPIC_0206491256" originalId="EN-US_TOPIC_0206491256"/><file url="en-us_topic_0206491446.html" id="EN-US_TOPIC_0206491446" originalId="EN-US_TOPIC_0206491446"/><file url="en-us_topic_0206491280.html" id="EN-US_TOPIC_0206491280" originalId="EN-US_TOPIC_0206491280"/><file url="en-us_topic_0206491292.html" id="EN-US_TOPIC_0206491292" originalId="EN-US_TOPIC_0206491292"/><file url="en-us_topic_0206491302.html" id="EN-US_TOPIC_0206491302" originalId="EN-US_TOPIC_0206491302"/><file url="en-us_topic_0206491465.html" id="EN-US_TOPIC_0206491465" originalId="EN-US_TOPIC_0206491465"/><file url="en-us_topic_0206491244.html" id="EN-US_TOPIC_0206491244" originalId="EN-US_TOPIC_0206491244"/><file url="en-us_topic_0206491374.html" id="EN-US_TOPIC_0206491374" originalId="EN-US_TOPIC_0206491374"/><file url="en-us_topic_0206491387.html" id="EN-US_TOPIC_0206491387" originalId="EN-US_TOPIC_0206491387"/><file url="en-us_topic_0170797013.html" id="EN-US_TOPIC_0170797013" originalId="EN-US_TOPIC_0170797013"/><file url="en-us_topic_0170590734.html" id="EN-US_TOPIC_0170590734" originalId="EN-US_TOPIC_0170590734"/><file url="en-us_topic_0170590572.html" id="EN-US_TOPIC_0170590572" originalId="EN-US_TOPIC_0170590572"/><file url="en-us_topic_0170590660.html" id="EN-US_TOPIC_0170590660" originalId="EN-US_TOPIC_0170590660"/><file url="en-us_topic_0109901857.html" id="EN-US_TOPIC_0109901857" originalId="EN-US_TOPIC_0109901857"/><file url="en-us_topic_0170590472.html" id="EN-US_TOPIC_0170590472" originalId="EN-US_TOPIC_0170590472"/><file url="en-us_topic_0170590903.html" id="EN-US_TOPIC_0170590903" originalId="EN-US_TOPIC_0170590903"/><file url="en-us_topic_0109901856.html" id="EN-US_TOPIC_0109901856" originalId="EN-US_TOPIC_0109901856"/><file url="en-us_topic_0206491224.html" id="EN-US_TOPIC_0206491224" originalId="EN-US_TOPIC_0206491224"/><file url="en-us_topic_0206491257.html" id="EN-US_TOPIC_0206491257" originalId="EN-US_TOPIC_0206491257"/><file url="en-us_topic_0206491525.html" id="EN-US_TOPIC_0206491525" originalId="EN-US_TOPIC_0206491525"/><file url="en-us_topic_0206491354.html" id="EN-US_TOPIC_0206491354" originalId="EN-US_TOPIC_0206491354"/><file url="en-us_topic_0206491376.html" id="EN-US_TOPIC_0206491376" originalId="EN-US_TOPIC_0206491376"/><file url="en-us_topic_0206491588.html" id="EN-US_TOPIC_0206491588" originalId="EN-US_TOPIC_0206491588"/><file url="en-us_topic_0206491279.html" id="EN-US_TOPIC_0206491279" originalId="EN-US_TOPIC_0206491279"/><file url="en-us_topic_0206491319.html" id="EN-US_TOPIC_0206491319" originalId="EN-US_TOPIC_0206491319"/><file url="en-us_topic_0206491509.html" id="EN-US_TOPIC_0206491509" originalId="EN-US_TOPIC_0206491509"/><file url="en-us_topic_0206491368.html" id="EN-US_TOPIC_0206491368" originalId="EN-US_TOPIC_0206491368"/><file url="en-us_topic_0206491304.html" id="EN-US_TOPIC_0206491304" originalId="EN-US_TOPIC_0206491304"/><file url="en-us_topic_0206491350.html" id="EN-US_TOPIC_0206491350" originalId="EN-US_TOPIC_0206491350"/><file url="en-us_topic_0206491610.html" id="EN-US_TOPIC_0206491610" originalId="EN-US_TOPIC_0206491610"/><file url="en-us_topic_0206491579.html" id="EN-US_TOPIC_0206491579" originalId="EN-US_TOPIC_0206491579"/><file url="en-us_topic_0206491400.html" id="EN-US_TOPIC_0206491400" originalId="EN-US_TOPIC_0206491400"/><file url="en-us_topic_0206491508.html" id="EN-US_TOPIC_0206491508" originalId="EN-US_TOPIC_0206491508"/><file url="en-us_topic_0206491380.html" id="EN-US_TOPIC_0206491380" originalId="EN-US_TOPIC_0206491380"/><file url="en-us_topic_0206491300.html" id="EN-US_TOPIC_0206491300" originalId="EN-US_TOPIC_0206491300"/><file url="en-us_topic_0206491507.html" id="EN-US_TOPIC_0206491507" originalId="EN-US_TOPIC_0206491507"/><file url="en-us_topic_0206491382.html" id="EN-US_TOPIC_0206491382" originalId="EN-US_TOPIC_0206491382"/><file url="en-us_topic_0206491421.html" id="EN-US_TOPIC_0206491421" originalId="EN-US_TOPIC_0206491421"/><file url="en-us_topic_0206491411.html" id="EN-US_TOPIC_0206491411" originalId="EN-US_TOPIC_0206491411"/><file url="en-us_topic_0206491516.html" id="EN-US_TOPIC_0206491516" originalId="EN-US_TOPIC_0206491516"/><file url="en-us_topic_0206491529.html" id="EN-US_TOPIC_0206491529" originalId="EN-US_TOPIC_0206491529"/><file url="en-us_topic_0206491474.html" id="EN-US_TOPIC_0206491474" originalId="EN-US_TOPIC_0206491474"/><file url="en-us_topic_0206491313.html" id="EN-US_TOPIC_0206491313" originalId="EN-US_TOPIC_0206491313"/><file url="en-us_topic_0206491409.html" id="EN-US_TOPIC_0206491409" originalId="EN-US_TOPIC_0206491409"/><file url="en-us_topic_0206491570.html" id="EN-US_TOPIC_0206491570" originalId="EN-US_TOPIC_0206491570"/><file url="en-us_topic_0206491386.html" id="EN-US_TOPIC_0206491386" originalId="EN-US_TOPIC_0206491386"/><file url="en-us_topic_0206491568.html" id="EN-US_TOPIC_0206491568" originalId="EN-US_TOPIC_0206491568"/><file url="en-us_topic_0206491517.html" id="EN-US_TOPIC_0206491517" originalId="EN-US_TOPIC_0206491517"/><file url="en-us_topic_0206491460.html" id="EN-US_TOPIC_0206491460" originalId="EN-US_TOPIC_0206491460"/><file url="en-us_topic_0206491231.html" id="EN-US_TOPIC_0206491231" originalId="EN-US_TOPIC_0206491231"/><file url="en-us_topic_0206491268.html" id="EN-US_TOPIC_0206491268" originalId="EN-US_TOPIC_0206491268"/><file url="en-us_topic_0206491549.html" id="EN-US_TOPIC_0206491549" originalId="EN-US_TOPIC_0206491549"/><file url="en-us_topic_0206491438.html" id="EN-US_TOPIC_0206491438" originalId="EN-US_TOPIC_0206491438"/><file url="zh-cn_topic_0112790166.html" id="ZH-CN_TOPIC_0112790166" originalId="ZH-CN_TOPIC_0112790166"/><file url="en-us_topic_0206491552.html" id="EN-US_TOPIC_0206491552" originalId="EN-US_TOPIC_0206491552"/><file url="en-us_topic_0206491370.html" id="EN-US_TOPIC_0206491370" originalId="EN-US_TOPIC_0206491370"/><file url="en-us_topic_0206491373.html" id="EN-US_TOPIC_0206491373" originalId="EN-US_TOPIC_0206491373"/><file url="en-us_topic_0206491433.html" id="EN-US_TOPIC_0206491433" originalId="EN-US_TOPIC_0206491433"/><file url="en-us_topic_0206491417.html" id="EN-US_TOPIC_0206491417" originalId="EN-US_TOPIC_0206491417"/><file url="en-us_topic_0206491499.html" id="EN-US_TOPIC_0206491499" originalId="EN-US_TOPIC_0206491499"/><file url="en-us_topic_0206491439.html" id="EN-US_TOPIC_0206491439" originalId="EN-US_TOPIC_0206491439"/><file url="en-us_topic_0206491215.html" id="EN-US_TOPIC_0206491215" originalId="EN-US_TOPIC_0206491215"/><file url="en-us_topic_0206491278.html" id="EN-US_TOPIC_0206491278" originalId="EN-US_TOPIC_0206491278"/><file url="en-us_topic_0206491220.html" id="EN-US_TOPIC_0206491220" originalId="EN-US_TOPIC_0206491220"/><file url="en-us_topic_0206491287.html" id="EN-US_TOPIC_0206491287" originalId="EN-US_TOPIC_0206491287"/><file url="en-us_topic_0206491320.html" id="EN-US_TOPIC_0206491320" originalId="EN-US_TOPIC_0206491320"/><file url="en-us_topic_0206491213.html" id="EN-US_TOPIC_0206491213" originalId="EN-US_TOPIC_0206491213"/><file url="en-us_topic_0206491456.html" id="EN-US_TOPIC_0206491456" originalId="EN-US_TOPIC_0206491456"/><file url="en-us_topic_0206491457.html" id="EN-US_TOPIC_0206491457" originalId="EN-US_TOPIC_0206491457"/><file url="en-us_topic_0206491396.html" id="EN-US_TOPIC_0206491396" originalId="EN-US_TOPIC_0206491396"/><file url="en-us_topic_0206491271.html" id="EN-US_TOPIC_0206491271" originalId="EN-US_TOPIC_0206491271"/><file url="en-us_topic_0206491353.html" id="EN-US_TOPIC_0206491353" originalId="EN-US_TOPIC_0206491353"/><file url="en-us_topic_0206491293.html" id="EN-US_TOPIC_0206491293" originalId="EN-US_TOPIC_0206491293"/><file url="en-us_topic_0206491590.html" id="EN-US_TOPIC_0206491590" originalId="EN-US_TOPIC_0206491590"/><file url="en-us_topic_0206491550.html" id="EN-US_TOPIC_0206491550" originalId="EN-US_TOPIC_0206491550"/><file url="en-us_topic_0206491383.html" id="EN-US_TOPIC_0206491383" originalId="EN-US_TOPIC_0206491383"/><file url="en-us_topic_0206491566.html" id="EN-US_TOPIC_0206491566" originalId="EN-US_TOPIC_0206491566"/><file url="en-us_topic_0206491247.html" id="EN-US_TOPIC_0206491247" originalId="EN-US_TOPIC_0206491247"/><file url="en-us_topic_0206491459.html" id="EN-US_TOPIC_0206491459" originalId="EN-US_TOPIC_0206491459"/><file url="en-us_topic_0206491490.html" id="EN-US_TOPIC_0206491490" originalId="EN-US_TOPIC_0206491490"/><file url="en-us_topic_0206491243.html" id="EN-US_TOPIC_0206491243" originalId="EN-US_TOPIC_0206491243"/><file url="en-us_topic_0206491452.html" id="EN-US_TOPIC_0206491452" originalId="EN-US_TOPIC_0206491452"/><file url="en-us_topic_0206491258.html" id="EN-US_TOPIC_0206491258" originalId="EN-US_TOPIC_0206491258"/><file url="en-us_topic_0206491544.html" id="EN-US_TOPIC_0206491544" originalId="EN-US_TOPIC_0206491544"/><file url="en-us_topic_0206491228.html" id="EN-US_TOPIC_0206491228" originalId="EN-US_TOPIC_0206491228"/><file url="en-us_topic_0206491321.html" id="EN-US_TOPIC_0206491321" originalId="EN-US_TOPIC_0206491321"/><file url="en-us_topic_0206491416.html" id="EN-US_TOPIC_0206491416" originalId="EN-US_TOPIC_0206491416"/><file url="en-us_topic_0206491533.html" id="EN-US_TOPIC_0206491533" originalId="EN-US_TOPIC_0206491533"/><file url="en-us_topic_0206491398.html" id="EN-US_TOPIC_0206491398" originalId="EN-US_TOPIC_0206491398"/><file url="en-us_topic_0206491575.html" id="EN-US_TOPIC_0206491575" originalId="EN-US_TOPIC_0206491575"/><file url="en-us_topic_0206491216.html" id="EN-US_TOPIC_0206491216" originalId="EN-US_TOPIC_0206491216"/><file url="en-us_topic_0206491372.html" id="EN-US_TOPIC_0206491372" originalId="EN-US_TOPIC_0206491372"/><file url="en-us_topic_0206491603.html" id="EN-US_TOPIC_0206491603" originalId="EN-US_TOPIC_0206491603"/><file url="en-us_topic_0206491541.html" id="EN-US_TOPIC_0206491541" originalId="EN-US_TOPIC_0206491541"/><file url="en-us_topic_0206491553.html" id="EN-US_TOPIC_0206491553" originalId="EN-US_TOPIC_0206491553"/><file url="en-us_topic_0206491360.html" id="EN-US_TOPIC_0206491360" originalId="EN-US_TOPIC_0206491360"/><file url="en-us_topic_0206491249.html" id="EN-US_TOPIC_0206491249" originalId="EN-US_TOPIC_0206491249"/><file url="en-us_topic_0206491611.html" id="EN-US_TOPIC_0206491611" originalId="EN-US_TOPIC_0206491611"/><file url="en-us_topic_0206491407.html" id="EN-US_TOPIC_0206491407" originalId="EN-US_TOPIC_0206491407"/><file url="en-us_topic_0206491606.html" id="EN-US_TOPIC_0206491606" originalId="EN-US_TOPIC_0206491606"/><file url="en-us_topic_0206491505.html" id="EN-US_TOPIC_0206491505" originalId="EN-US_TOPIC_0206491505"/><file url="en-us_topic_0206491254.html" id="EN-US_TOPIC_0206491254" originalId="EN-US_TOPIC_0206491254"/><file url="en-us_topic_0206491572.html" id="EN-US_TOPIC_0206491572" originalId="EN-US_TOPIC_0206491572"/><file url="en-us_topic_0206491295.html" id="EN-US_TOPIC_0206491295" originalId="EN-US_TOPIC_0206491295"/><file url="en-us_topic_0206491491.html" id="EN-US_TOPIC_0206491491" originalId="EN-US_TOPIC_0206491491"/><file url="en-us_topic_0206491369.html" id="EN-US_TOPIC_0206491369" originalId="EN-US_TOPIC_0206491369"/><file url="en-us_topic_0206491458.html" id="EN-US_TOPIC_0206491458" originalId="EN-US_TOPIC_0206491458"/><file url="en-us_topic_0206491318.html" id="EN-US_TOPIC_0206491318" originalId="EN-US_TOPIC_0206491318"/><file url="en-us_topic_0206491355.html" id="EN-US_TOPIC_0206491355" originalId="EN-US_TOPIC_0206491355"/><file url="en-us_topic_0206491359.html" id="EN-US_TOPIC_0206491359" originalId="EN-US_TOPIC_0206491359"/><file url="en-us_topic_0206491240.html" id="EN-US_TOPIC_0206491240" originalId="EN-US_TOPIC_0206491240"/><file url="en-us_topic_0206491577.html" id="EN-US_TOPIC_0206491577" originalId="EN-US_TOPIC_0206491577"/><file url="en-us_topic_0206491281.html" id="EN-US_TOPIC_0206491281" originalId="EN-US_TOPIC_0206491281"/><file url="en-us_topic_0206491420.html" id="EN-US_TOPIC_0206491420" originalId="EN-US_TOPIC_0206491420"/><file url="en-us_topic_0206491352.html" id="EN-US_TOPIC_0206491352" originalId="EN-US_TOPIC_0206491352"/><file url="en-us_topic_0206491495.html" id="EN-US_TOPIC_0206491495" originalId="EN-US_TOPIC_0206491495"/><file url="en-us_topic_0206491227.html" id="EN-US_TOPIC_0206491227" originalId="EN-US_TOPIC_0206491227"/><file url="en-us_topic_0206491330.html" id="EN-US_TOPIC_0206491330" originalId="EN-US_TOPIC_0206491330"/><file url="en-us_topic_0206491226.html" id="EN-US_TOPIC_0206491226" originalId="EN-US_TOPIC_0206491226"/><file url="en-us_topic_0206491565.html" id="EN-US_TOPIC_0206491565" originalId="EN-US_TOPIC_0206491565"/><file url="en-us_topic_0206491506.html" id="EN-US_TOPIC_0206491506" originalId="EN-US_TOPIC_0206491506"/><file url="en-us_topic_0206491548.html" id="EN-US_TOPIC_0206491548" originalId="EN-US_TOPIC_0206491548"/><file url="en-us_topic_0206491412.html" id="EN-US_TOPIC_0206491412" originalId="EN-US_TOPIC_0206491412"/><file url="en-us_topic_0206491546.html" id="EN-US_TOPIC_0206491546" originalId="EN-US_TOPIC_0206491546"/><file url="en-us_topic_0206491569.html" id="EN-US_TOPIC_0206491569" originalId="EN-US_TOPIC_0206491569"/><file url="en-us_topic_0206491604.html" id="EN-US_TOPIC_0206491604" originalId="EN-US_TOPIC_0206491604"/><file url="en-us_topic_0206491394.html" id="EN-US_TOPIC_0206491394" originalId="EN-US_TOPIC_0206491394"/><file url="en-us_topic_0206491585.html" id="EN-US_TOPIC_0206491585" originalId="EN-US_TOPIC_0206491585"/><file url="en-us_topic_0206491564.html" id="EN-US_TOPIC_0206491564" originalId="EN-US_TOPIC_0206491564"/><file url="en-us_topic_0206491526.html" id="EN-US_TOPIC_0206491526" originalId="EN-US_TOPIC_0206491526"/><file url="en-us_topic_0206491432.html" id="EN-US_TOPIC_0206491432" originalId="EN-US_TOPIC_0206491432"/><file url="en-us_topic_0206491530.html" id="EN-US_TOPIC_0206491530" originalId="EN-US_TOPIC_0206491530"/><file url="en-us_topic_0206491523.html" id="EN-US_TOPIC_0206491523" originalId="EN-US_TOPIC_0206491523"/><file url="en-us_topic_0206491485.html" id="EN-US_TOPIC_0206491485" originalId="EN-US_TOPIC_0206491485"/><file url="en-us_topic_0206491589.html" id="EN-US_TOPIC_0206491589" originalId="EN-US_TOPIC_0206491589"/><file url="en-us_topic_0206491501.html" id="EN-US_TOPIC_0206491501" originalId="EN-US_TOPIC_0206491501"/><file url="en-us_topic_0206491537.html" id="EN-US_TOPIC_0206491537" originalId="EN-US_TOPIC_0206491537"/><file url="en-us_topic_0206491514.html" id="EN-US_TOPIC_0206491514" originalId="EN-US_TOPIC_0206491514"/><file url="en-us_topic_0206491366.html" id="EN-US_TOPIC_0206491366" originalId="EN-US_TOPIC_0206491366"/><file url="en-us_topic_0206491406.html" id="EN-US_TOPIC_0206491406" originalId="EN-US_TOPIC_0206491406"/><file url="en-us_topic_0206491426.html" id="EN-US_TOPIC_0206491426" originalId="EN-US_TOPIC_0206491426"/><file url="en-us_topic_0206491510.html" id="EN-US_TOPIC_0206491510" originalId="EN-US_TOPIC_0206491510"/><file url="en-us_topic_0206491351.html" id="EN-US_TOPIC_0206491351" originalId="EN-US_TOPIC_0206491351"/><file url="en-us_topic_0206491317.html" id="EN-US_TOPIC_0206491317" originalId="EN-US_TOPIC_0206491317"/><file url="en-us_topic_0206491462.html" id="EN-US_TOPIC_0206491462" originalId="EN-US_TOPIC_0206491462"/><file url="en-us_topic_0206491596.html" id="EN-US_TOPIC_0206491596" originalId="EN-US_TOPIC_0206491596"/><file url="en-us_topic_0206491269.html" id="EN-US_TOPIC_0206491269" originalId="EN-US_TOPIC_0206491269"/><file url="en-us_topic_0206491502.html" id="EN-US_TOPIC_0206491502" originalId="EN-US_TOPIC_0206491502"/><file url="en-us_topic_0206491288.html" id="EN-US_TOPIC_0206491288" originalId="EN-US_TOPIC_0206491288"/><file url="en-us_topic_0206491415.html" id="EN-US_TOPIC_0206491415" originalId="EN-US_TOPIC_0206491415"/><file url="en-us_topic_0206491598.html" id="EN-US_TOPIC_0206491598" originalId="EN-US_TOPIC_0206491598"/><file url="en-us_topic_0206491305.html" id="EN-US_TOPIC_0206491305" originalId="EN-US_TOPIC_0206491305"/><file url="en-us_topic_0206491229.html" id="EN-US_TOPIC_0206491229" originalId="EN-US_TOPIC_0206491229"/><file url="en-us_topic_0206491315.html" id="EN-US_TOPIC_0206491315" originalId="EN-US_TOPIC_0206491315"/><file url="en-us_topic_0206491500.html" id="EN-US_TOPIC_0206491500" originalId="EN-US_TOPIC_0206491500"/><file url="en-us_topic_0206491327.html" id="EN-US_TOPIC_0206491327" originalId="EN-US_TOPIC_0206491327"/><file url="en-us_topic_0206491591.html" id="EN-US_TOPIC_0206491591" originalId="EN-US_TOPIC_0206491591"/><file url="en-us_topic_0206491497.html" id="EN-US_TOPIC_0206491497" originalId="EN-US_TOPIC_0206491497"/><file url="en-us_topic_0206491230.html" id="EN-US_TOPIC_0206491230" originalId="EN-US_TOPIC_0206491230"/><file url="en-us_topic_0206491536.html" id="EN-US_TOPIC_0206491536" originalId="EN-US_TOPIC_0206491536"/><file url="en-us_topic_0206491445.html" id="EN-US_TOPIC_0206491445" originalId="EN-US_TOPIC_0206491445"/><file url="en-us_topic_0206491605.html" id="EN-US_TOPIC_0206491605" originalId="EN-US_TOPIC_0206491605"/><file url="en-us_topic_0206491307.html" id="EN-US_TOPIC_0206491307" originalId="EN-US_TOPIC_0206491307"/><file url="en-us_topic_0206491266.html" id="EN-US_TOPIC_0206491266" originalId="EN-US_TOPIC_0206491266"/><file url="en-us_topic_0206491223.html" id="EN-US_TOPIC_0206491223" originalId="EN-US_TOPIC_0206491223"/><file url="en-us_topic_0206491545.html" id="EN-US_TOPIC_0206491545" originalId="EN-US_TOPIC_0206491545"/><file url="en-us_topic_0206491253.html" id="EN-US_TOPIC_0206491253" originalId="EN-US_TOPIC_0206491253"/><file url="en-us_topic_0206491521.html" id="EN-US_TOPIC_0206491521" originalId="EN-US_TOPIC_0206491521"/><file url="en-us_topic_0206491232.html" id="EN-US_TOPIC_0206491232" originalId="EN-US_TOPIC_0206491232"/><file url="en-us_topic_0206491283.html" id="EN-US_TOPIC_0206491283" originalId="EN-US_TOPIC_0206491283"/><file url="en-us_topic_0206491385.html" id="EN-US_TOPIC_0206491385" originalId="EN-US_TOPIC_0206491385"/><file url="en-us_topic_0206491344.html" id="EN-US_TOPIC_0206491344" originalId="EN-US_TOPIC_0206491344"/><file url="en-us_topic_0206491515.html" id="EN-US_TOPIC_0206491515" originalId="EN-US_TOPIC_0206491515"/><file url="en-us_topic_0206491532.html" id="EN-US_TOPIC_0206491532" originalId="EN-US_TOPIC_0206491532"/><file url="en-us_topic_0206491270.html" id="EN-US_TOPIC_0206491270" originalId="EN-US_TOPIC_0206491270"/><file url="en-us_topic_0206491450.html" id="EN-US_TOPIC_0206491450" originalId="EN-US_TOPIC_0206491450"/><file url="en-us_topic_0206491558.html" id="EN-US_TOPIC_0206491558" originalId="EN-US_TOPIC_0206491558"/><file url="en-us_topic_0206491449.html" id="EN-US_TOPIC_0206491449" originalId="EN-US_TOPIC_0206491449"/><file url="en-us_topic_0206491401.html" id="EN-US_TOPIC_0206491401" originalId="EN-US_TOPIC_0206491401"/><file url="en-us_topic_0206491578.html" id="EN-US_TOPIC_0206491578" originalId="EN-US_TOPIC_0206491578"/><file url="en-us_topic_0206491466.html" id="EN-US_TOPIC_0206491466" originalId="EN-US_TOPIC_0206491466"/><file url="en-us_topic_0206491486.html" id="EN-US_TOPIC_0206491486" originalId="EN-US_TOPIC_0206491486"/><file url="en-us_topic_0206491551.html" id="EN-US_TOPIC_0206491551" originalId="EN-US_TOPIC_0206491551"/><file url="en-us_topic_0206491329.html" id="EN-US_TOPIC_0206491329" originalId="EN-US_TOPIC_0206491329"/><file url="en-us_topic_0206491331.html" id="EN-US_TOPIC_0206491331" originalId="EN-US_TOPIC_0206491331"/><file url="en-us_topic_0206491358.html" id="EN-US_TOPIC_0206491358" originalId="EN-US_TOPIC_0206491358"/><file url="en-us_topic_0206491241.html" id="EN-US_TOPIC_0206491241" originalId="EN-US_TOPIC_0206491241"/><file url="en-us_topic_0206491274.html" id="EN-US_TOPIC_0206491274" originalId="EN-US_TOPIC_0206491274"/><file url="en-us_topic_0206491371.html" id="EN-US_TOPIC_0206491371" originalId="EN-US_TOPIC_0206491371"/><file url="en-us_topic_0206491487.html" id="EN-US_TOPIC_0206491487" originalId="EN-US_TOPIC_0206491487"/><file url="en-us_topic_0206491356.html" id="EN-US_TOPIC_0206491356" originalId="EN-US_TOPIC_0206491356"/><file url="en-us_topic_0206491518.html" id="EN-US_TOPIC_0206491518" originalId="EN-US_TOPIC_0206491518"/><file url="en-us_topic_0206491345.html" id="EN-US_TOPIC_0206491345" originalId="EN-US_TOPIC_0206491345"/><file url="en-us_topic_0206491339.html" id="EN-US_TOPIC_0206491339" originalId="EN-US_TOPIC_0206491339"/><file url="en-us_topic_0206491379.html" id="EN-US_TOPIC_0206491379" originalId="EN-US_TOPIC_0206491379"/><file url="en-us_topic_0206491212.html" id="EN-US_TOPIC_0206491212" originalId="EN-US_TOPIC_0206491212"/><file url="en-us_topic_0206491437.html" id="EN-US_TOPIC_0206491437" originalId="EN-US_TOPIC_0206491437"/><file url="en-us_topic_0206491429.html" id="EN-US_TOPIC_0206491429" originalId="EN-US_TOPIC_0206491429"/><file url="en-us_topic_0206491542.html" id="EN-US_TOPIC_0206491542" originalId="EN-US_TOPIC_0206491542"/><file url="en-us_topic_0206491357.html" id="EN-US_TOPIC_0206491357" originalId="EN-US_TOPIC_0206491357"/><file url="en-us_topic_0206491362.html" id="EN-US_TOPIC_0206491362" originalId="EN-US_TOPIC_0206491362"/><file url="en-us_topic_0206491214.html" id="EN-US_TOPIC_0206491214" originalId="EN-US_TOPIC_0206491214"/><file url="en-us_topic_0206491600.html" id="EN-US_TOPIC_0206491600" originalId="EN-US_TOPIC_0206491600"/><file url="en-us_topic_0206491391.html" id="EN-US_TOPIC_0206491391" originalId="EN-US_TOPIC_0206491391"/><file url="en-us_topic_0206491275.html" id="EN-US_TOPIC_0206491275" originalId="EN-US_TOPIC_0206491275"/><file url="en-us_topic_0206491443.html" id="EN-US_TOPIC_0206491443" originalId="EN-US_TOPIC_0206491443"/><file url="en-us_topic_0206491492.html" id="EN-US_TOPIC_0206491492" originalId="EN-US_TOPIC_0206491492"/><file url="en-us_topic_0206491511.html" id="EN-US_TOPIC_0206491511" originalId="EN-US_TOPIC_0206491511"/><file url="en-us_topic_0206491311.html" id="EN-US_TOPIC_0206491311" originalId="EN-US_TOPIC_0206491311"/><file url="en-us_topic_0206710979.html" id="EN-US_TOPIC_0206710979" originalId="EN-US_TOPIC_0206710979"/><file url="en-us_topic_0206491448.html" id="EN-US_TOPIC_0206491448" originalId="EN-US_TOPIC_0206491448"/><file url="en-us_topic_0206491381.html" id="EN-US_TOPIC_0206491381" originalId="EN-US_TOPIC_0206491381"/><file url="en-us_topic_0206491262.html" id="EN-US_TOPIC_0206491262" originalId="EN-US_TOPIC_0206491262"/><file url="en-us_topic_0206491539.html" id="EN-US_TOPIC_0206491539" originalId="EN-US_TOPIC_0206491539"/><file url="en-us_topic_0206491264.html" id="EN-US_TOPIC_0206491264" originalId="EN-US_TOPIC_0206491264"/><file url="en-us_topic_0206491504.html" id="EN-US_TOPIC_0206491504" originalId="EN-US_TOPIC_0206491504"/><file url="en-us_topic_0206491276.html" id="EN-US_TOPIC_0206491276" originalId="EN-US_TOPIC_0206491276"/><file url="en-us_topic_0206491430.html" id="EN-US_TOPIC_0206491430" originalId="EN-US_TOPIC_0206491430"/><file url="en-us_topic_0206491571.html" id="EN-US_TOPIC_0206491571" originalId="EN-US_TOPIC_0206491571"/><file url="en-us_topic_0206491361.html" id="EN-US_TOPIC_0206491361" originalId="EN-US_TOPIC_0206491361"/><file url="en-us_topic_0206491337.html" id="EN-US_TOPIC_0206491337" originalId="EN-US_TOPIC_0206491337"/><file url="en-us_topic_0206491238.html" id="EN-US_TOPIC_0206491238" originalId="EN-US_TOPIC_0206491238"/><file url="en-us_topic_0206491413.html" id="EN-US_TOPIC_0206491413" originalId="EN-US_TOPIC_0206491413"/><file url="en-us_topic_0206491535.html" id="EN-US_TOPIC_0206491535" originalId="EN-US_TOPIC_0206491535"/><file url="en-us_topic_0206491574.html" id="EN-US_TOPIC_0206491574" originalId="EN-US_TOPIC_0206491574"/><file url="en-us_topic_0206491602.html" id="EN-US_TOPIC_0206491602" originalId="EN-US_TOPIC_0206491602"/><file url="en-us_topic_0206491235.html" id="EN-US_TOPIC_0206491235" originalId="EN-US_TOPIC_0206491235"/><file url="en-us_topic_0206491312.html" id="EN-US_TOPIC_0206491312" originalId="EN-US_TOPIC_0206491312"/><file url="en-us_topic_0206491299.html" id="EN-US_TOPIC_0206491299" originalId="EN-US_TOPIC_0206491299"/><file url="en-us_topic_0206491427.html" id="EN-US_TOPIC_0206491427" originalId="EN-US_TOPIC_0206491427"/><file url="en-us_topic_0206491531.html" id="EN-US_TOPIC_0206491531" originalId="EN-US_TOPIC_0206491531"/><file url="en-us_topic_0206491233.html" id="EN-US_TOPIC_0206491233" originalId="EN-US_TOPIC_0206491233"/><file url="en-us_topic_0206491284.html" id="EN-US_TOPIC_0206491284" originalId="EN-US_TOPIC_0206491284"/><file url="en-us_topic_0206491543.html" id="EN-US_TOPIC_0206491543" originalId="EN-US_TOPIC_0206491543"/><file url="en-us_topic_0206491343.html" id="EN-US_TOPIC_0206491343" originalId="EN-US_TOPIC_0206491343"/><file url="en-us_topic_0206491425.html" id="EN-US_TOPIC_0206491425" originalId="EN-US_TOPIC_0206491425"/><file url="en-us_topic_0206491484.html" id="EN-US_TOPIC_0206491484" originalId="EN-US_TOPIC_0206491484"/><file url="en-us_topic_0206491375.html" id="EN-US_TOPIC_0206491375" originalId="EN-US_TOPIC_0206491375"/><file url="en-us_topic_0206491451.html" id="EN-US_TOPIC_0206491451" originalId="EN-US_TOPIC_0206491451"/><file url="en-us_topic_0206491252.html" id="EN-US_TOPIC_0206491252" originalId="EN-US_TOPIC_0206491252"/><file url="en-us_topic_0206491524.html" id="EN-US_TOPIC_0206491524" originalId="EN-US_TOPIC_0206491524"/><file url="en-us_topic_0206491424.html" id="EN-US_TOPIC_0206491424" originalId="EN-US_TOPIC_0206491424"/><file url="en-us_topic_0206491267.html" id="EN-US_TOPIC_0206491267" originalId="EN-US_TOPIC_0206491267"/><file url="en-us_topic_0206491522.html" id="EN-US_TOPIC_0206491522" originalId="EN-US_TOPIC_0206491522"/><file url="en-us_topic_0206491563.html" id="EN-US_TOPIC_0206491563" originalId="EN-US_TOPIC_0206491563"/><file url="en-us_topic_0206491496.html" id="EN-US_TOPIC_0206491496" originalId="EN-US_TOPIC_0206491496"/><file url="en-us_topic_0206491436.html" id="EN-US_TOPIC_0206491436" originalId="EN-US_TOPIC_0206491436"/><file url="en-us_topic_0206491308.html" id="EN-US_TOPIC_0206491308" originalId="EN-US_TOPIC_0206491308"/><file url="en-us_topic_0206491265.html" id="EN-US_TOPIC_0206491265" originalId="EN-US_TOPIC_0206491265"/><file url="en-us_topic_0206491418.html" id="EN-US_TOPIC_0206491418" originalId="EN-US_TOPIC_0206491418"/><file url="en-us_topic_0206491397.html" id="EN-US_TOPIC_0206491397" originalId="EN-US_TOPIC_0206491397"/><file url="en-us_topic_0206491399.html" id="EN-US_TOPIC_0206491399" originalId="EN-US_TOPIC_0206491399"/><file url="en-us_topic_0206491384.html" id="EN-US_TOPIC_0206491384" originalId="EN-US_TOPIC_0206491384"/><file url="en-us_topic_0206491419.html" id="EN-US_TOPIC_0206491419" originalId="EN-US_TOPIC_0206491419"/><file url="en-us_topic_0206491512.html" id="EN-US_TOPIC_0206491512" originalId="EN-US_TOPIC_0206491512"/><file url="en-us_topic_0206491562.html" id="EN-US_TOPIC_0206491562" originalId="EN-US_TOPIC_0206491562"/><file url="en-us_topic_0206491290.html" id="EN-US_TOPIC_0206491290" originalId="EN-US_TOPIC_0206491290"/><file url="en-us_topic_0206491323.html" id="EN-US_TOPIC_0206491323" originalId="EN-US_TOPIC_0206491323"/><file url="en-us_topic_0206491594.html" id="EN-US_TOPIC_0206491594" originalId="EN-US_TOPIC_0206491594"/><file url="en-us_topic_0206491478.html" id="EN-US_TOPIC_0206491478" originalId="EN-US_TOPIC_0206491478"/><file url="en-us_topic_0206491434.html" id="EN-US_TOPIC_0206491434" originalId="EN-US_TOPIC_0206491434"/><file url="en-us_topic_0206491403.html" id="EN-US_TOPIC_0206491403" originalId="EN-US_TOPIC_0206491403"/><file url="en-us_topic_0206491310.html" id="EN-US_TOPIC_0206491310" originalId="EN-US_TOPIC_0206491310"/><file url="en-us_topic_0206491556.html" id="EN-US_TOPIC_0206491556" originalId="EN-US_TOPIC_0206491556"/><file url="en-us_topic_0206491498.html" id="EN-US_TOPIC_0206491498" originalId="EN-US_TOPIC_0206491498"/><file url="en-us_topic_0206491477.html" id="EN-US_TOPIC_0206491477" originalId="EN-US_TOPIC_0206491477"/><file url="en-us_topic_0206491277.html" id="EN-US_TOPIC_0206491277" originalId="EN-US_TOPIC_0206491277"/><file url="en-us_topic_0206491219.html" id="EN-US_TOPIC_0206491219" originalId="EN-US_TOPIC_0206491219"/><file url="en-us_topic_0206491441.html" id="EN-US_TOPIC_0206491441" originalId="EN-US_TOPIC_0206491441"/><file url="en-us_topic_0206491581.html" id="EN-US_TOPIC_0206491581" originalId="EN-US_TOPIC_0206491581"/><file url="en-us_topic_0206491296.html" id="EN-US_TOPIC_0206491296" originalId="EN-US_TOPIC_0206491296"/><file url="en-us_topic_0206491547.html" id="EN-US_TOPIC_0206491547" originalId="EN-US_TOPIC_0206491547"/><file url="en-us_topic_0206491237.html" id="EN-US_TOPIC_0206491237" originalId="EN-US_TOPIC_0206491237"/><file url="en-us_topic_0206491561.html" id="EN-US_TOPIC_0206491561" originalId="EN-US_TOPIC_0206491561"/><file url="en-us_topic_0206491494.html" id="EN-US_TOPIC_0206491494" originalId="EN-US_TOPIC_0206491494"/><file url="en-us_topic_0206491263.html" id="EN-US_TOPIC_0206491263" originalId="EN-US_TOPIC_0206491263"/><file url="en-us_topic_0206491567.html" id="EN-US_TOPIC_0206491567" originalId="EN-US_TOPIC_0206491567"/><file url="en-us_topic_0206491440.html" id="EN-US_TOPIC_0206491440" originalId="EN-US_TOPIC_0206491440"/><file url="en-us_topic_0206491454.html" id="EN-US_TOPIC_0206491454" originalId="EN-US_TOPIC_0206491454"/><file url="en-us_topic_0206491245.html" id="EN-US_TOPIC_0206491245" originalId="EN-US_TOPIC_0206491245"/><file url="en-us_topic_0206491559.html" id="EN-US_TOPIC_0206491559" originalId="EN-US_TOPIC_0206491559"/><file url="en-us_topic_0206491471.html" id="EN-US_TOPIC_0206491471" originalId="EN-US_TOPIC_0206491471"/><file url="en-us_topic_0206491597.html" id="EN-US_TOPIC_0206491597" originalId="EN-US_TOPIC_0206491597"/><file url="en-us_topic_0206491326.html" id="EN-US_TOPIC_0206491326" originalId="EN-US_TOPIC_0206491326"/><file url="en-us_topic_0206491332.html" id="EN-US_TOPIC_0206491332" originalId="EN-US_TOPIC_0206491332"/><file url="en-us_topic_0206491340.html" id="EN-US_TOPIC_0206491340" originalId="EN-US_TOPIC_0206491340"/><file url="en-us_topic_0206491601.html" id="EN-US_TOPIC_0206491601" originalId="EN-US_TOPIC_0206491601"/><file url="en-us_topic_0206491483.html" id="EN-US_TOPIC_0206491483" originalId="EN-US_TOPIC_0206491483"/><file url="en-us_topic_0206491595.html" id="EN-US_TOPIC_0206491595" originalId="EN-US_TOPIC_0206491595"/><file url="en-us_topic_0206491246.html" id="EN-US_TOPIC_0206491246" originalId="EN-US_TOPIC_0206491246"/><file url="en-us_topic_0206491314.html" id="EN-US_TOPIC_0206491314" originalId="EN-US_TOPIC_0206491314"/><file url="en-us_topic_0206491250.html" id="EN-US_TOPIC_0206491250" originalId="EN-US_TOPIC_0206491250"/><file url="en-us_topic_0109901799.html" id="EN-US_TOPIC_0109901799" originalId="EN-US_TOPIC_0109901799"/><file url="en-us_topic_0109901943.html" id="EN-US_TOPIC_0109901943" originalId="EN-US_TOPIC_0109901943"/><file url="en-us_topic_0109901875.html" id="EN-US_TOPIC_0109901875" originalId="EN-US_TOPIC_0109901875"/></files>