<?xml version="1.0" encoding="UTF-8"?>
<root><item number="ZH-CN_TOPIC_0112790166" projectid="896642361" sourceprojectid="" version="A-1.4" baseline="" type="topic" sourcemapnum="ZH-CN_BOOKMAP_0096850861" sourcemapversion="A-1.539"/><item number="EN-US_TOPIC_0206710979" projectid="896642361" sourceprojectid="" version="A-1.2" baseline="" type="topic" sourcemapnum="EN-US_BOOKMAP_0206491222" sourcemapversion="A-1.14"/><item number="EN-US_TOPIC_0206710978" projectid="896642361" sourceprojectid="" version="A-1.2" baseline="" type="topic" sourcemapnum="EN-US_BOOKMAP_0206491222" sourcemapversion="A-1.14"/><item number="EN-US_TOPIC_0206710977" projectid="896642361" sourceprojectid="" version="A-1.3" baseline="" type="topic" sourcemapnum="EN-US_BOOKMAP_0206491222" sourcemapversion="A-1.14"/><item number="EN-US_TOPIC_0206491611" projectid="896642361" sourceprojectid="" version="A-1.1" baseline="" type="topic" sourcemapnum="EN-US_BOOKMAP_0206491222" sourcemapversion="A-1.14"/><item number="EN-US_TOPIC_0206491610" projectid="896642361" sourceprojectid="" version="A-1.1" baseline="" type="topic" sourcemapnum="EN-US_BOOKMAP_0206491222" sourcemapversion="A-1.14"/><item number="EN-US_TOPIC_0206491609" projectid="896642361" sourceprojectid="" version="A-1.1" baseline="" type="topic" sourcemapnum="EN-US_BOOKMAP_0206491222" sourcemapversion="A-1.14"/><item number="EN-US_TOPIC_0206491606" projectid="896642361" sourceprojectid="" version="A-1.1" baseline="" type="topic" sourcemapnum="EN-US_BOOKMAP_0206491222" sourcemapversion="A-1.14"/><item number="EN-US_TOPIC_0206491605" projectid="896642361" sourceprojectid="" version="A-1.1" baseline="" type="topic" sourcemapnum="EN-US_BOOKMAP_0206491222" sourcemapversion="A-1.14"/><item number="EN-US_TOPIC_0206491604" projectid="896642361" sourceprojectid="" version="A-1.1" baseline="" type="topic" sourcemapnum="EN-US_BOOKMAP_0206491222" sourcemapversion="A-1.14"/><item number="EN-US_TOPIC_0206491603" projectid="896642361" sourceprojectid="" version="A-1.1" baseline="" type="topic" sourcemapnum="EN-US_BOOKMAP_0206491222" sourcemapversion="A-1.14"/><item number="EN-US_TOPIC_0206491602" projectid="896642361" sourceprojectid="" version="A-1.1" baseline="" type="topic" sourcemapnum="EN-US_BOOKMAP_0206491222" sourcemapversion="A-1.14"/><item number="EN-US_TOPIC_0206491601" projectid="896642361" sourceprojectid="" version="A-1.1" baseline="" type="topic" sourcemapnum="EN-US_BOOKMAP_0206491222" sourcemapversion="A-1.14"/><item number="EN-US_TOPIC_0206491600" projectid="896642361" sourceprojectid="" version="A-1.1" baseline="" type="topic" sourcemapnum="EN-US_BOOKMAP_0206491222" sourcemapversion="A-1.14"/><item number="EN-US_TOPIC_0206491598" projectid="896642361" sourceprojectid="" version="A-1.1" baseline="" type="topic" sourcemapnum="EN-US_BOOKMAP_0206491222" sourcemapversion="A-1.14"/><item number="EN-US_TOPIC_0206491597" projectid="896642361" sourceprojectid="" version="A-1.1" baseline="" type="topic" sourcemapnum="EN-US_BOOKMAP_0206491222" sourcemapversion="A-1.14"/><item number="EN-US_TOPIC_0206491596" projectid="896642361" sourceprojectid="" version="A-1.1" baseline="" type="topic" sourcemapnum="EN-US_BOOKMAP_0206491222" sourcemapversion="A-1.14"/><item number="EN-US_TOPIC_0206491595" projectid="896642361" sourceprojectid="" version="A-1.1" baseline="" type="topic" sourcemapnum="EN-US_BOOKMAP_0206491222" sourcemapversion="A-1.14"/><item number="EN-US_TOPIC_0206491594" projectid="896642361" sourceprojectid="" version="A-1.1" baseline="" type="topic" sourcemapnum="EN-US_BOOKMAP_0206491222" sourcemapversion="A-1.14"/><item number="EN-US_TOPIC_0206491592" projectid="896642361" sourceprojectid="" version="A-1.1" baseline="" type="topic" sourcemapnum="EN-US_BOOKMAP_0206491222" sourcemapversion="A-1.14"/><item number="EN-US_TOPIC_0206491591" projectid="896642361" sourceprojectid="" version="A-1.1" baseline="" type="topic" sourcemapnum="EN-US_BOOKMAP_0206491222" sourcemapversion="A-1.14"/><item number="EN-US_TOPIC_0206491590" projectid="896642361" sourceprojectid="" version="A-1.1" baseline="" type="topic" sourcemapnum="EN-US_BOOKMAP_0206491222" sourcemapversion="A-1.14"/><item number="EN-US_TOPIC_0206491589" projectid="896642361" sourceprojectid="" version="A-1.1" baseline="" type="topic" sourcemapnum="EN-US_BOOKMAP_0206491222" sourcemapversion="A-1.14"/><item number="EN-US_TOPIC_0206491588" projectid="896642361" sourceprojectid="" version="A-1.1" baseline="" type="topic" sourcemapnum="EN-US_BOOKMAP_0206491222" sourcemapversion="A-1.14"/><item number="EN-US_TOPIC_0206491586" projectid="896642361" sourceprojectid="" version="A-1.1" baseline="" type="topic" sourcemapnum="EN-US_BOOKMAP_0206491222" sourcemapversion="A-1.14"/><item number="EN-US_TOPIC_0206491585" projectid="896642361" sourceprojectid="" version="A-1.1" baseline="" type="topic" sourcemapnum="EN-US_BOOKMAP_0206491222" sourcemapversion="A-1.14"/><item number="EN-US_TOPIC_0206491584" projectid="896642361" sourceprojectid="" version="A-1.1" baseline="" type="topic" sourcemapnum="EN-US_BOOKMAP_0206491222" sourcemapversion="A-1.14"/><item number="EN-US_TOPIC_0206491583" projectid="896642361" sourceprojectid="" version="A-1.2" baseline="" type="topic" sourcemapnum="EN-US_BOOKMAP_0206491222" sourcemapversion="A-1.14"/><item number="EN-US_TOPIC_0206491582" projectid="896642361" sourceprojectid="" version="A-1.2" baseline="" type="topic" sourcemapnum="EN-US_BOOKMAP_0206491222" sourcemapversion="A-1.14"/><item number="EN-US_TOPIC_0206491581" projectid="896642361" sourceprojectid="" version="A-1.1" baseline="" type="topic" sourcemapnum="EN-US_BOOKMAP_0206491222" sourcemapversion="A-1.14"/><item number="EN-US_TOPIC_0206491579" projectid="896642361" sourceprojectid="" version="A-1.1" baseline="" type="topic" sourcemapnum="EN-US_BOOKMAP_0206491222" sourcemapversion="A-1.14"/><item number="EN-US_TOPIC_0206491578" projectid="896642361" sourceprojectid="" version="A-1.1" baseline="" type="topic" sourcemapnum="EN-US_BOOKMAP_0206491222" sourcemapversion="A-1.14"/><item number="EN-US_TOPIC_0206491577" projectid="896642361" sourceprojectid="" version="A-1.1" baseline="" type="topic" sourcemapnum="EN-US_BOOKMAP_0206491222" sourcemapversion="A-1.14"/><item number="EN-US_TOPIC_0206491575" projectid="896642361" sourceprojectid="" version="A-1.1" baseline="" type="topic" sourcemapnum="EN-US_BOOKMAP_0206491222" sourcemapversion="A-1.14"/><item number="EN-US_TOPIC_0206491574" projectid="896642361" sourceprojectid="" version="A-1.1" baseline="" type="topic" sourcemapnum="EN-US_BOOKMAP_0206491222" sourcemapversion="A-1.14"/><item number="EN-US_TOPIC_0206491572" projectid="896642361" sourceprojectid="" version="A-1.1" baseline="" type="topic" sourcemapnum="EN-US_BOOKMAP_0206491222" sourcemapversion="A-1.14"/><item number="EN-US_TOPIC_0206491571" projectid="896642361" sourceprojectid="" version="A-1.1" baseline="" type="topic" sourcemapnum="EN-US_BOOKMAP_0206491222" sourcemapversion="A-1.14"/><item number="EN-US_TOPIC_0206491570" projectid="896642361" sourceprojectid="" version="A-1.1" baseline="" type="topic" sourcemapnum="EN-US_BOOKMAP_0206491222" sourcemapversion="A-1.14"/><item number="EN-US_TOPIC_0206491569" projectid="896642361" sourceprojectid="" version="A-1.1" baseline="" type="topic" sourcemapnum="EN-US_BOOKMAP_0206491222" sourcemapversion="A-1.14"/><item number="EN-US_TOPIC_0206491568" projectid="896642361" sourceprojectid="" version="A-1.1" baseline="" type="topic" sourcemapnum="EN-US_BOOKMAP_0206491222" sourcemapversion="A-1.14"/><item number="EN-US_TOPIC_0206491567" projectid="896642361" sourceprojectid="" version="A-1.1" baseline="" type="topic" sourcemapnum="EN-US_BOOKMAP_0206491222" sourcemapversion="A-1.14"/><item number="EN-US_TOPIC_0206491566" projectid="896642361" sourceprojectid="" version="A-1.1" baseline="" type="topic" sourcemapnum="EN-US_BOOKMAP_0206491222" sourcemapversion="A-1.14"/><item number="EN-US_TOPIC_0206491565" projectid="896642361" sourceprojectid="" version="A-1.1" baseline="" type="topic" sourcemapnum="EN-US_BOOKMAP_0206491222" sourcemapversion="A-1.14"/><item number="EN-US_TOPIC_0206491564" projectid="896642361" sourceprojectid="" version="A-1.1" baseline="" type="topic" sourcemapnum="EN-US_BOOKMAP_0206491222" sourcemapversion="A-1.14"/><item number="EN-US_TOPIC_0206491563" projectid="896642361" sourceprojectid="" version="A-1.1" baseline="" type="topic" sourcemapnum="EN-US_BOOKMAP_0206491222" sourcemapversion="A-1.14"/><item number="EN-US_TOPIC_0206491562" projectid="896642361" sourceprojectid="" version="A-1.1" baseline="" type="topic" sourcemapnum="EN-US_BOOKMAP_0206491222" sourcemapversion="A-1.14"/><item number="EN-US_TOPIC_0206491561" projectid="896642361" sourceprojectid="" version="A-1.1" baseline="" type="topic" sourcemapnum="EN-US_BOOKMAP_0206491222" sourcemapversion="A-1.14"/><item number="EN-US_TOPIC_0206491560" projectid="896642361" sourceprojectid="" version="A-1.2" baseline="" type="topic" sourcemapnum="EN-US_BOOKMAP_0206491222" sourcemapversion="A-1.14"/><item number="EN-US_TOPIC_0206491559" projectid="896642361" sourceprojectid="" version="A-1.1" baseline="" type="topic" sourcemapnum="EN-US_BOOKMAP_0206491222" sourcemapversion="A-1.14"/><item number="EN-US_TOPIC_0206491558" projectid="896642361" sourceprojectid="" version="A-1.1" baseline="" type="topic" sourcemapnum="EN-US_BOOKMAP_0206491222" sourcemapversion="A-1.14"/><item number="EN-US_TOPIC_0206491556" projectid="896642361" sourceprojectid="" version="A-1.1" baseline="" type="topic" sourcemapnum="EN-US_BOOKMAP_0206491222" sourcemapversion="A-1.14"/><item number="EN-US_TOPIC_0206491555" projectid="896642361" sourceprojectid="" version="A-1.2" baseline="" type="topic" sourcemapnum="EN-US_BOOKMAP_0206491222" sourcemapversion="A-1.14"/><item number="EN-US_TOPIC_0206491554" projectid="896642361" sourceprojectid="" version="A-1.2" baseline="" type="topic" sourcemapnum="EN-US_BOOKMAP_0206491222" sourcemapversion="A-1.14"/><item number="EN-US_TOPIC_0206491553" projectid="896642361" sourceprojectid="" version="A-1.1" baseline="" type="topic" sourcemapnum="EN-US_BOOKMAP_0206491222" sourcemapversion="A-1.14"/><item number="EN-US_TOPIC_0206491552" projectid="896642361" sourceprojectid="" version="A-1.1" baseline="" type="topic" sourcemapnum="EN-US_BOOKMAP_0206491222" sourcemapversion="A-1.14"/><item number="EN-US_TOPIC_0206491551" projectid="896642361" sourceprojectid="" version="A-1.1" baseline="" type="topic" sourcemapnum="EN-US_BOOKMAP_0206491222" sourcemapversion="A-1.14"/><item number="EN-US_TOPIC_0206491550" projectid="896642361" sourceprojectid="" version="A-1.1" baseline="" type="topic" sourcemapnum="EN-US_BOOKMAP_0206491222" sourcemapversion="A-1.14"/><item number="EN-US_TOPIC_0206491549" projectid="896642361" sourceprojectid="" version="A-1.1" baseline="" type="topic" sourcemapnum="EN-US_BOOKMAP_0206491222" sourcemapversion="A-1.14"/><item number="EN-US_TOPIC_0206491548" projectid="896642361" sourceprojectid="" version="A-1.1" baseline="" type="topic" sourcemapnum="EN-US_BOOKMAP_0206491222" sourcemapversion="A-1.14"/><item number="EN-US_TOPIC_0206491547" projectid="896642361" sourceprojectid="" version="A-1.1" baseline="" type="topic" sourcemapnum="EN-US_BOOKMAP_0206491222" sourcemapversion="A-1.14"/><item number="EN-US_TOPIC_0206491546" projectid="896642361" sourceprojectid="" version="A-1.1" baseline="" type="topic" sourcemapnum="EN-US_BOOKMAP_0206491222" sourcemapversion="A-1.14"/><item number="EN-US_TOPIC_0206491545" projectid="896642361" sourceprojectid="" version="A-1.1" baseline="" type="topic" sourcemapnum="EN-US_BOOKMAP_0206491222" sourcemapversion="A-1.14"/><item number="EN-US_TOPIC_0206491544" projectid="896642361" sourceprojectid="" version="A-1.1" baseline="" type="topic" sourcemapnum="EN-US_BOOKMAP_0206491222" sourcemapversion="A-1.14"/><item number="EN-US_TOPIC_0206491543" projectid="896642361" sourceprojectid="" version="A-1.1" baseline="" type="topic" sourcemapnum="EN-US_BOOKMAP_0206491222" sourcemapversion="A-1.14"/><item number="EN-US_TOPIC_0206491542" projectid="896642361" sourceprojectid="" version="A-1.1" baseline="" type="topic" sourcemapnum="EN-US_BOOKMAP_0206491222" sourcemapversion="A-1.14"/><item number="EN-US_TOPIC_0206491541" projectid="896642361" sourceprojectid="" version="A-1.1" baseline="" type="topic" sourcemapnum="EN-US_BOOKMAP_0206491222" sourcemapversion="A-1.14"/><item number="EN-US_TOPIC_0206491539" projectid="896642361" sourceprojectid="" version="A-1.1" baseline="" type="topic" sourcemapnum="EN-US_BOOKMAP_0206491222" sourcemapversion="A-1.14"/><item number="EN-US_TOPIC_0206491537" projectid="896642361" sourceprojectid="" version="A-1.1" baseline="" type="topic" sourcemapnum="EN-US_BOOKMAP_0206491222" sourcemapversion="A-1.14"/><item number="EN-US_TOPIC_0206491536" projectid="896642361" sourceprojectid="" version="A-1.1" baseline="" type="topic" sourcemapnum="EN-US_BOOKMAP_0206491222" sourcemapversion="A-1.14"/><item number="EN-US_TOPIC_0206491535" projectid="896642361" sourceprojectid="" version="A-1.1" baseline="" type="topic" sourcemapnum="EN-US_BOOKMAP_0206491222" sourcemapversion="A-1.14"/><item number="EN-US_TOPIC_0206491534" projectid="896642361" sourceprojectid="" version="A-1.2" baseline="" type="topic" sourcemapnum="EN-US_BOOKMAP_0206491222" sourcemapversion="A-1.14"/><item number="EN-US_TOPIC_0206491533" projectid="896642361" sourceprojectid="" version="A-1.1" baseline="" type="topic" sourcemapnum="EN-US_BOOKMAP_0206491222" sourcemapversion="A-1.14"/><item number="EN-US_TOPIC_0206491532" projectid="896642361" sourceprojectid="" version="A-1.1" baseline="" type="topic" sourcemapnum="EN-US_BOOKMAP_0206491222" sourcemapversion="A-1.14"/><item number="EN-US_TOPIC_0206491531" projectid="896642361" sourceprojectid="" version="A-1.1" baseline="" type="topic" sourcemapnum="EN-US_BOOKMAP_0206491222" sourcemapversion="A-1.14"/><item number="EN-US_TOPIC_0206491530" projectid="896642361" sourceprojectid="" version="A-1.1" baseline="" type="topic" sourcemapnum="EN-US_BOOKMAP_0206491222" sourcemapversion="A-1.14"/><item number="EN-US_TOPIC_0206491529" projectid="896642361" sourceprojectid="" version="A-1.1" baseline="" type="topic" sourcemapnum="EN-US_BOOKMAP_0206491222" sourcemapversion="A-1.14"/><item number="EN-US_TOPIC_0206491526" projectid="896642361" sourceprojectid="" version="A-1.1" baseline="" type="topic" sourcemapnum="EN-US_BOOKMAP_0206491222" sourcemapversion="A-1.14"/><item number="EN-US_TOPIC_0206491525" projectid="896642361" sourceprojectid="" version="A-1.1" baseline="" type="topic" sourcemapnum="EN-US_BOOKMAP_0206491222" sourcemapversion="A-1.14"/><item number="EN-US_TOPIC_0206491524" projectid="896642361" sourceprojectid="" version="A-1.1" baseline="" type="topic" sourcemapnum="EN-US_BOOKMAP_0206491222" sourcemapversion="A-1.14"/><item number="EN-US_TOPIC_0206491523" projectid="896642361" sourceprojectid="" version="A-1.1" baseline="" type="topic" sourcemapnum="EN-US_BOOKMAP_0206491222" sourcemapversion="A-1.14"/><item number="EN-US_TOPIC_0206491522" projectid="896642361" sourceprojectid="" version="A-1.1" baseline="" type="topic" sourcemapnum="EN-US_BOOKMAP_0206491222" sourcemapversion="A-1.14"/><item number="EN-US_TOPIC_0206491521" projectid="896642361" sourceprojectid="" version="A-1.1" baseline="" type="topic" sourcemapnum="EN-US_BOOKMAP_0206491222" sourcemapversion="A-1.14"/><item number="EN-US_TOPIC_0206491520" projectid="896642361" sourceprojectid="" version="A-1.2" baseline="" type="topic" sourcemapnum="EN-US_BOOKMAP_0206491222" sourcemapversion="A-1.14"/><item number="EN-US_TOPIC_0206491518" projectid="896642361" sourceprojectid="" version="A-1.1" baseline="" type="topic" sourcemapnum="EN-US_BOOKMAP_0206491222" sourcemapversion="A-1.14"/><item number="EN-US_TOPIC_0206491517" projectid="896642361" sourceprojectid="" version="A-1.1" baseline="" type="topic" sourcemapnum="EN-US_BOOKMAP_0206491222" sourcemapversion="A-1.14"/><item number="EN-US_TOPIC_0206491516" projectid="896642361" sourceprojectid="" version="A-1.1" baseline="" type="topic" sourcemapnum="EN-US_BOOKMAP_0206491222" sourcemapversion="A-1.14"/><item number="EN-US_TOPIC_0206491515" projectid="896642361" sourceprojectid="" version="A-1.1" baseline="" type="topic" sourcemapnum="EN-US_BOOKMAP_0206491222" sourcemapversion="A-1.14"/><item number="EN-US_TOPIC_0206491514" projectid="896642361" sourceprojectid="" version="A-1.1" baseline="" type="topic" sourcemapnum="EN-US_BOOKMAP_0206491222" sourcemapversion="A-1.14"/><item number="EN-US_TOPIC_0206491512" projectid="896642361" sourceprojectid="" version="A-1.1" baseline="" type="topic" sourcemapnum="EN-US_BOOKMAP_0206491222" sourcemapversion="A-1.14"/><item number="EN-US_TOPIC_0206491511" projectid="896642361" sourceprojectid="" version="A-1.1" baseline="" type="topic" sourcemapnum="EN-US_BOOKMAP_0206491222" sourcemapversion="A-1.14"/><item number="EN-US_TOPIC_0206491510" projectid="896642361" sourceprojectid="" version="A-1.1" baseline="" type="topic" sourcemapnum="EN-US_BOOKMAP_0206491222" sourcemapversion="A-1.14"/><item number="EN-US_TOPIC_0206491509" projectid="896642361" sourceprojectid="" version="A-1.1" baseline="" type="topic" sourcemapnum="EN-US_BOOKMAP_0206491222" sourcemapversion="A-1.14"/><item number="EN-US_TOPIC_0206491508" projectid="896642361" sourceprojectid="" version="A-1.1" baseline="" type="topic" sourcemapnum="EN-US_BOOKMAP_0206491222" sourcemapversion="A-1.14"/><item number="EN-US_TOPIC_0206491507" projectid="896642361" sourceprojectid="" version="A-1.1" baseline="" type="topic" sourcemapnum="EN-US_BOOKMAP_0206491222" sourcemapversion="A-1.14"/><item number="EN-US_TOPIC_0206491506" projectid="896642361" sourceprojectid="" version="A-1.1" baseline="" type="topic" sourcemapnum="EN-US_BOOKMAP_0206491222" sourcemapversion="A-1.14"/><item number="EN-US_TOPIC_0206491505" projectid="896642361" sourceprojectid="" version="A-1.1" baseline="" type="topic" sourcemapnum="EN-US_BOOKMAP_0206491222" sourcemapversion="A-1.14"/><item number="EN-US_TOPIC_0206491504" projectid="896642361" sourceprojectid="" version="A-1.1" baseline="" type="topic" sourcemapnum="EN-US_BOOKMAP_0206491222" sourcemapversion="A-1.14"/><item number="EN-US_TOPIC_0206491503" projectid="896642361" sourceprojectid="" version="A-1.2" baseline="" type="topic" sourcemapnum="EN-US_BOOKMAP_0206491222" sourcemapversion="A-1.14"/><item number="EN-US_TOPIC_0206491502" projectid="896642361" sourceprojectid="" version="A-1.1" baseline="" type="topic" sourcemapnum="EN-US_BOOKMAP_0206491222" sourcemapversion="A-1.14"/><item number="EN-US_TOPIC_0206491501" projectid="896642361" sourceprojectid="" version="A-1.1" baseline="" type="topic" sourcemapnum="EN-US_BOOKMAP_0206491222" sourcemapversion="A-1.14"/><item number="EN-US_TOPIC_0206491500" projectid="896642361" sourceprojectid="" version="A-1.1" baseline="" type="topic" sourcemapnum="EN-US_BOOKMAP_0206491222" sourcemapversion="A-1.14"/><item number="EN-US_TOPIC_0206491499" projectid="896642361" sourceprojectid="" version="A-1.1" baseline="" type="topic" sourcemapnum="EN-US_BOOKMAP_0206491222" sourcemapversion="A-1.14"/><item number="EN-US_TOPIC_0206491498" projectid="896642361" sourceprojectid="" version="A-1.1" baseline="" type="topic" sourcemapnum="EN-US_BOOKMAP_0206491222" sourcemapversion="A-1.14"/><item number="EN-US_TOPIC_0206491497" projectid="896642361" sourceprojectid="" version="A-1.1" baseline="" type="topic" sourcemapnum="EN-US_BOOKMAP_0206491222" sourcemapversion="A-1.14"/><item number="EN-US_TOPIC_0206491496" projectid="896642361" sourceprojectid="" version="A-1.1" baseline="" type="topic" sourcemapnum="EN-US_BOOKMAP_0206491222" sourcemapversion="A-1.14"/><item number="EN-US_TOPIC_0206491495" projectid="896642361" sourceprojectid="" version="A-1.1" baseline="" type="topic" sourcemapnum="EN-US_BOOKMAP_0206491222" sourcemapversion="A-1.14"/><item number="EN-US_TOPIC_0206491494" projectid="896642361" sourceprojectid="" version="A-1.1" baseline="" type="topic" sourcemapnum="EN-US_BOOKMAP_0206491222" sourcemapversion="A-1.14"/><item number="EN-US_TOPIC_0206491492" projectid="896642361" sourceprojectid="" version="A-1.1" baseline="" type="topic" sourcemapnum="EN-US_BOOKMAP_0206491222" sourcemapversion="A-1.14"/><item number="EN-US_TOPIC_0206491491" projectid="896642361" sourceprojectid="" version="A-1.1" baseline="" type="topic" sourcemapnum="EN-US_BOOKMAP_0206491222" sourcemapversion="A-1.14"/><item number="EN-US_TOPIC_0206491490" projectid="896642361" sourceprojectid="" version="A-1.1" baseline="" type="topic" sourcemapnum="EN-US_BOOKMAP_0206491222" sourcemapversion="A-1.14"/><item number="EN-US_TOPIC_0206491489" projectid="896642361" sourceprojectid="" version="A-1.1" baseline="" type="topic" sourcemapnum="EN-US_BOOKMAP_0206491222" sourcemapversion="A-1.14"/><item number="EN-US_TOPIC_0206491488" projectid="896642361" sourceprojectid="" version="A-1.2" baseline="" type="topic" sourcemapnum="EN-US_BOOKMAP_0206491222" sourcemapversion="A-1.14"/><item number="EN-US_TOPIC_0206491487" projectid="896642361" sourceprojectid="" version="A-1.1" baseline="" type="topic" sourcemapnum="EN-US_BOOKMAP_0206491222" sourcemapversion="A-1.14"/><item number="EN-US_TOPIC_0206491486" projectid="896642361" sourceprojectid="" version="A-1.1" baseline="" type="topic" sourcemapnum="EN-US_BOOKMAP_0206491222" sourcemapversion="A-1.14"/><item number="EN-US_TOPIC_0206491485" projectid="896642361" sourceprojectid="" version="A-1.1" baseline="" type="topic" sourcemapnum="EN-US_BOOKMAP_0206491222" sourcemapversion="A-1.14"/><item number="EN-US_TOPIC_0206491484" projectid="896642361" sourceprojectid="" version="A-1.1" baseline="" type="topic" sourcemapnum="EN-US_BOOKMAP_0206491222" sourcemapversion="A-1.14"/><item number="EN-US_TOPIC_0206491483" projectid="896642361" sourceprojectid="" version="A-1.1" baseline="" type="topic" sourcemapnum="EN-US_BOOKMAP_0206491222" sourcemapversion="A-1.14"/><item number="EN-US_TOPIC_0206491482" projectid="896642361" sourceprojectid="" version="A-1.2" baseline="" type="topic" sourcemapnum="EN-US_BOOKMAP_0206491222" sourcemapversion="A-1.14"/><item number="EN-US_TOPIC_0206491480" projectid="896642361" sourceprojectid="" version="A-1.2" baseline="" type="topic" sourcemapnum="EN-US_BOOKMAP_0206491222" sourcemapversion="A-1.14"/><item number="EN-US_TOPIC_0206491479" projectid="896642361" sourceprojectid="" version="A-1.2" baseline="" type="topic" sourcemapnum="EN-US_BOOKMAP_0206491222" sourcemapversion="A-1.14"/><item number="EN-US_TOPIC_0206491478" projectid="896642361" sourceprojectid="" version="A-1.1" baseline="" type="topic" sourcemapnum="EN-US_BOOKMAP_0206491222" sourcemapversion="A-1.14"/><item number="EN-US_TOPIC_0206491477" projectid="896642361" sourceprojectid="" version="A-1.1" baseline="" type="topic" sourcemapnum="EN-US_BOOKMAP_0206491222" sourcemapversion="A-1.14"/><item number="EN-US_TOPIC_0206491476" projectid="896642361" sourceprojectid="" version="A-1.2" baseline="" type="topic" sourcemapnum="EN-US_BOOKMAP_0206491222" sourcemapversion="A-1.14"/><item number="EN-US_TOPIC_0206491474" projectid="896642361" sourceprojectid="" version="A-1.1" baseline="" type="topic" sourcemapnum="EN-US_BOOKMAP_0206491222" sourcemapversion="A-1.14"/><item number="EN-US_TOPIC_0206491471" projectid="896642361" sourceprojectid="" version="A-1.1" baseline="" type="topic" sourcemapnum="EN-US_BOOKMAP_0206491222" sourcemapversion="A-1.14"/><item number="EN-US_TOPIC_0206491470" projectid="896642361" sourceprojectid="" version="A-1.2" baseline="" type="topic" sourcemapnum="EN-US_BOOKMAP_0206491222" sourcemapversion="A-1.14"/><item number="EN-US_TOPIC_0206491469" projectid="896642361" sourceprojectid="" version="A-1.2" baseline="" type="topic" sourcemapnum="EN-US_BOOKMAP_0206491222" sourcemapversion="A-1.14"/><item number="EN-US_TOPIC_0206491468" projectid="896642361" sourceprojectid="" version="A-1.1" baseline="" type="topic" sourcemapnum="EN-US_BOOKMAP_0206491222" sourcemapversion="A-1.14"/><item number="EN-US_TOPIC_0206491467" projectid="896642361" sourceprojectid="" version="A-1.2" baseline="" type="topic" sourcemapnum="EN-US_BOOKMAP_0206491222" sourcemapversion="A-1.14"/><item number="EN-US_TOPIC_0206491466" projectid="896642361" sourceprojectid="" version="A-1.1" baseline="" type="topic" sourcemapnum="EN-US_BOOKMAP_0206491222" sourcemapversion="A-1.14"/><item number="EN-US_TOPIC_0206491465" projectid="896642361" sourceprojectid="" version="A-1.2" baseline="" type="topic" sourcemapnum="EN-US_BOOKMAP_0206491222" sourcemapversion="A-1.14"/><item number="EN-US_TOPIC_0206491462" projectid="896642361" sourceprojectid="" version="A-1.1" baseline="" type="topic" sourcemapnum="EN-US_BOOKMAP_0206491222" sourcemapversion="A-1.14"/><item number="EN-US_TOPIC_0206491460" projectid="896642361" sourceprojectid="" version="A-1.1" baseline="" type="topic" sourcemapnum="EN-US_BOOKMAP_0206491222" sourcemapversion="A-1.14"/><item number="EN-US_TOPIC_0206491459" projectid="896642361" sourceprojectid="" version="A-1.1" baseline="" type="topic" sourcemapnum="EN-US_BOOKMAP_0206491222" sourcemapversion="A-1.14"/><item number="EN-US_TOPIC_0206491458" projectid="896642361" sourceprojectid="" version="A-1.1" baseline="" type="topic" sourcemapnum="EN-US_BOOKMAP_0206491222" sourcemapversion="A-1.14"/><item number="EN-US_TOPIC_0206491457" projectid="896642361" sourceprojectid="" version="A-1.1" baseline="" type="topic" sourcemapnum="EN-US_BOOKMAP_0206491222" sourcemapversion="A-1.14"/><item number="EN-US_TOPIC_0206491456" projectid="896642361" sourceprojectid="" version="A-1.1" baseline="" type="topic" sourcemapnum="EN-US_BOOKMAP_0206491222" sourcemapversion="A-1.14"/><item number="EN-US_TOPIC_0206491455" projectid="896642361" sourceprojectid="" version="A-1.2" baseline="" type="topic" sourcemapnum="EN-US_BOOKMAP_0206491222" sourcemapversion="A-1.14"/><item number="EN-US_TOPIC_0206491454" projectid="896642361" sourceprojectid="" version="A-1.1" baseline="" type="topic" sourcemapnum="EN-US_BOOKMAP_0206491222" sourcemapversion="A-1.14"/><item number="EN-US_TOPIC_0206491452" projectid="896642361" sourceprojectid="" version="A-1.1" baseline="" type="topic" sourcemapnum="EN-US_BOOKMAP_0206491222" sourcemapversion="A-1.14"/><item number="EN-US_TOPIC_0206491451" projectid="896642361" sourceprojectid="" version="A-1.1" baseline="" type="topic" sourcemapnum="EN-US_BOOKMAP_0206491222" sourcemapversion="A-1.14"/><item number="EN-US_TOPIC_0206491450" projectid="896642361" sourceprojectid="" version="A-1.1" baseline="" type="topic" sourcemapnum="EN-US_BOOKMAP_0206491222" sourcemapversion="A-1.14"/><item number="EN-US_TOPIC_0206491449" projectid="896642361" sourceprojectid="" version="A-1.1" baseline="" type="topic" sourcemapnum="EN-US_BOOKMAP_0206491222" sourcemapversion="A-1.14"/><item number="EN-US_TOPIC_0206491448" projectid="896642361" sourceprojectid="" version="A-1.1" baseline="" type="topic" sourcemapnum="EN-US_BOOKMAP_0206491222" sourcemapversion="A-1.14"/><item number="EN-US_TOPIC_0206491447" projectid="896642361" sourceprojectid="" version="A-1.2" baseline="" type="topic" sourcemapnum="EN-US_BOOKMAP_0206491222" sourcemapversion="A-1.14"/><item number="EN-US_TOPIC_0206491446" projectid="896642361" sourceprojectid="" version="A-1.1" baseline="" type="topic" sourcemapnum="EN-US_BOOKMAP_0206491222" sourcemapversion="A-1.14"/><item number="EN-US_TOPIC_0206491445" projectid="896642361" sourceprojectid="" version="A-1.1" baseline="" type="topic" sourcemapnum="EN-US_BOOKMAP_0206491222" sourcemapversion="A-1.14"/><item number="EN-US_TOPIC_0206491443" projectid="896642361" sourceprojectid="" version="A-1.1" baseline="" type="topic" sourcemapnum="EN-US_BOOKMAP_0206491222" sourcemapversion="A-1.14"/><item number="EN-US_TOPIC_0206491442" projectid="896642361" sourceprojectid="" version="A-1.3" baseline="" type="topic" sourcemapnum="EN-US_BOOKMAP_0206491222" sourcemapversion="A-1.14"/><item number="EN-US_TOPIC_0206491441" projectid="896642361" sourceprojectid="" version="A-1.1" baseline="" type="topic" sourcemapnum="EN-US_BOOKMAP_0206491222" sourcemapversion="A-1.14"/><item number="EN-US_TOPIC_0206491440" projectid="896642361" sourceprojectid="" version="A-1.1" baseline="" type="topic" sourcemapnum="EN-US_BOOKMAP_0206491222" sourcemapversion="A-1.14"/><item number="EN-US_TOPIC_0206491439" projectid="896642361" sourceprojectid="" version="A-1.1" baseline="" type="topic" sourcemapnum="EN-US_BOOKMAP_0206491222" sourcemapversion="A-1.14"/><item number="EN-US_TOPIC_0206491438" projectid="896642361" sourceprojectid="" version="A-1.1" baseline="" type="topic" sourcemapnum="EN-US_BOOKMAP_0206491222" sourcemapversion="A-1.14"/><item number="EN-US_TOPIC_0206491437" projectid="896642361" sourceprojectid="" version="A-1.1" baseline="" type="topic" sourcemapnum="EN-US_BOOKMAP_0206491222" sourcemapversion="A-1.14"/><item number="EN-US_TOPIC_0206491436" projectid="896642361" sourceprojectid="" version="A-1.1" baseline="" type="topic" sourcemapnum="EN-US_BOOKMAP_0206491222" sourcemapversion="A-1.14"/><item number="EN-US_TOPIC_0206491434" projectid="896642361" sourceprojectid="" version="A-1.1" baseline="" type="topic" sourcemapnum="EN-US_BOOKMAP_0206491222" sourcemapversion="A-1.14"/><item number="EN-US_TOPIC_0206491433" projectid="896642361" sourceprojectid="" version="A-1.1" baseline="" type="topic" sourcemapnum="EN-US_BOOKMAP_0206491222" sourcemapversion="A-1.14"/><item number="EN-US_TOPIC_0206491432" projectid="896642361" sourceprojectid="" version="A-1.1" baseline="" type="topic" sourcemapnum="EN-US_BOOKMAP_0206491222" sourcemapversion="A-1.14"/><item number="EN-US_TOPIC_0206491431" projectid="896642361" sourceprojectid="" version="A-1.2" baseline="" type="topic" sourcemapnum="EN-US_BOOKMAP_0206491222" sourcemapversion="A-1.14"/><item number="EN-US_TOPIC_0206491430" projectid="896642361" sourceprojectid="" version="A-1.1" baseline="" type="topic" sourcemapnum="EN-US_BOOKMAP_0206491222" sourcemapversion="A-1.14"/><item number="EN-US_TOPIC_0206491429" projectid="896642361" sourceprojectid="" version="A-1.1" baseline="" type="topic" sourcemapnum="EN-US_BOOKMAP_0206491222" sourcemapversion="A-1.14"/><item number="EN-US_TOPIC_0206491427" projectid="896642361" sourceprojectid="" version="A-1.1" baseline="" type="topic" sourcemapnum="EN-US_BOOKMAP_0206491222" sourcemapversion="A-1.14"/><item number="EN-US_TOPIC_0206491426" projectid="896642361" sourceprojectid="" version="A-1.1" baseline="" type="topic" sourcemapnum="EN-US_BOOKMAP_0206491222" sourcemapversion="A-1.14"/><item number="EN-US_TOPIC_0206491425" projectid="896642361" sourceprojectid="" version="A-1.1" baseline="" type="topic" sourcemapnum="EN-US_BOOKMAP_0206491222" sourcemapversion="A-1.14"/><item number="EN-US_TOPIC_0206491424" projectid="896642361" sourceprojectid="" version="A-1.1" baseline="" type="topic" sourcemapnum="EN-US_BOOKMAP_0206491222" sourcemapversion="A-1.14"/><item number="EN-US_TOPIC_0206491423" projectid="896642361" sourceprojectid="" version="A-1.2" baseline="" type="topic" sourcemapnum="EN-US_BOOKMAP_0206491222" sourcemapversion="A-1.14"/><item number="EN-US_TOPIC_0206491422" projectid="896642361" sourceprojectid="" version="A-1.2" baseline="" type="topic" sourcemapnum="EN-US_BOOKMAP_0206491222" sourcemapversion="A-1.14"/><item number="EN-US_TOPIC_0206491421" projectid="896642361" sourceprojectid="" version="A-1.1" baseline="" type="topic" sourcemapnum="EN-US_BOOKMAP_0206491222" sourcemapversion="A-1.14"/><item number="EN-US_TOPIC_0206491420" projectid="896642361" sourceprojectid="" version="A-1.1" baseline="" type="topic" sourcemapnum="EN-US_BOOKMAP_0206491222" sourcemapversion="A-1.14"/><item number="EN-US_TOPIC_0206491419" projectid="896642361" sourceprojectid="" version="A-1.1" baseline="" type="topic" sourcemapnum="EN-US_BOOKMAP_0206491222" sourcemapversion="A-1.14"/><item number="EN-US_TOPIC_0206491418" projectid="896642361" sourceprojectid="" version="A-1.1" baseline="" type="topic" sourcemapnum="EN-US_BOOKMAP_0206491222" sourcemapversion="A-1.14"/><item number="EN-US_TOPIC_0206491417" projectid="896642361" sourceprojectid="" version="A-1.1" baseline="" type="topic" sourcemapnum="EN-US_BOOKMAP_0206491222" sourcemapversion="A-1.14"/><item number="EN-US_TOPIC_0206491416" projectid="896642361" sourceprojectid="" version="A-1.1" baseline="" type="topic" sourcemapnum="EN-US_BOOKMAP_0206491222" sourcemapversion="A-1.14"/><item number="EN-US_TOPIC_0206491415" projectid="896642361" sourceprojectid="" version="A-1.1" baseline="" type="topic" sourcemapnum="EN-US_BOOKMAP_0206491222" sourcemapversion="A-1.14"/><item number="EN-US_TOPIC_0206491413" projectid="896642361" sourceprojectid="" version="A-1.1" baseline="" type="topic" sourcemapnum="EN-US_BOOKMAP_0206491222" sourcemapversion="A-1.14"/><item number="EN-US_TOPIC_0206491412" projectid="896642361" sourceprojectid="" version="A-1.1" baseline="" type="topic" sourcemapnum="EN-US_BOOKMAP_0206491222" sourcemapversion="A-1.14"/><item number="EN-US_TOPIC_0206491411" projectid="896642361" sourceprojectid="" version="A-1.1" baseline="" type="topic" sourcemapnum="EN-US_BOOKMAP_0206491222" sourcemapversion="A-1.14"/><item number="EN-US_TOPIC_0206491410" projectid="896642361" sourceprojectid="" version="A-1.1" baseline="" type="topic" sourcemapnum="EN-US_BOOKMAP_0206491222" sourcemapversion="A-1.14"/><item number="EN-US_TOPIC_0206491409" projectid="896642361" sourceprojectid="" version="A-1.1" baseline="" type="topic" sourcemapnum="EN-US_BOOKMAP_0206491222" sourcemapversion="A-1.14"/><item number="EN-US_TOPIC_0206491408" projectid="896642361" sourceprojectid="" version="A-1.1" baseline="" type="topic" sourcemapnum="EN-US_BOOKMAP_0206491222" sourcemapversion="A-1.14"/><item number="EN-US_TOPIC_0206491407" projectid="896642361" sourceprojectid="" version="A-1.1" baseline="" type="topic" sourcemapnum="EN-US_BOOKMAP_0206491222" sourcemapversion="A-1.14"/><item number="EN-US_TOPIC_0206491406" projectid="896642361" sourceprojectid="" version="A-1.1" baseline="" type="topic" sourcemapnum="EN-US_BOOKMAP_0206491222" sourcemapversion="A-1.14"/><item number="EN-US_TOPIC_0206491405" projectid="896642361" sourceprojectid="" version="A-1.2" baseline="" type="topic" sourcemapnum="EN-US_BOOKMAP_0206491222" sourcemapversion="A-1.14"/><item number="EN-US_TOPIC_0206491404" projectid="896642361" sourceprojectid="" version="A-1.2" baseline="" type="topic" sourcemapnum="EN-US_BOOKMAP_0206491222" sourcemapversion="A-1.14"/><item number="EN-US_TOPIC_0206491403" projectid="896642361" sourceprojectid="" version="A-1.1" baseline="" type="topic" sourcemapnum="EN-US_BOOKMAP_0206491222" sourcemapversion="A-1.14"/><item number="EN-US_TOPIC_0206491402" projectid="896642361" sourceprojectid="" version="A-1.2" baseline="" type="topic" sourcemapnum="EN-US_BOOKMAP_0206491222" sourcemapversion="A-1.14"/><item number="EN-US_TOPIC_0206491401" projectid="896642361" sourceprojectid="" version="A-1.1" baseline="" type="topic" sourcemapnum="EN-US_BOOKMAP_0206491222" sourcemapversion="A-1.14"/><item number="EN-US_TOPIC_0206491400" projectid="896642361" sourceprojectid="" version="A-1.1" baseline="" type="topic" sourcemapnum="EN-US_BOOKMAP_0206491222" sourcemapversion="A-1.14"/><item number="EN-US_TOPIC_0206491399" projectid="896642361" sourceprojectid="" version="A-1.1" baseline="" type="topic" sourcemapnum="EN-US_BOOKMAP_0206491222" sourcemapversion="A-1.14"/><item number="EN-US_TOPIC_0206491398" projectid="896642361" sourceprojectid="" version="A-1.1" baseline="" type="topic" sourcemapnum="EN-US_BOOKMAP_0206491222" sourcemapversion="A-1.14"/><item number="EN-US_TOPIC_0206491397" projectid="896642361" sourceprojectid="" version="A-1.1" baseline="" type="topic" sourcemapnum="EN-US_BOOKMAP_0206491222" sourcemapversion="A-1.14"/><item number="EN-US_TOPIC_0206491396" projectid="896642361" sourceprojectid="" version="A-1.1" baseline="" type="topic" sourcemapnum="EN-US_BOOKMAP_0206491222" sourcemapversion="A-1.14"/><item number="EN-US_TOPIC_0206491394" projectid="896642361" sourceprojectid="" version="A-1.1" baseline="" type="topic" sourcemapnum="EN-US_BOOKMAP_0206491222" sourcemapversion="A-1.14"/><item number="EN-US_TOPIC_0206491393" projectid="896642361" sourceprojectid="" version="A-1.1" baseline="" type="topic" sourcemapnum="EN-US_BOOKMAP_0206491222" sourcemapversion="A-1.14"/><item number="EN-US_TOPIC_0206491391" projectid="896642361" sourceprojectid="" version="A-1.1" baseline="" type="topic" sourcemapnum="EN-US_BOOKMAP_0206491222" sourcemapversion="A-1.14"/><item number="EN-US_TOPIC_0206491387" projectid="896642361" sourceprojectid="" version="A-1.2" baseline="" type="topic" sourcemapnum="EN-US_BOOKMAP_0206491222" sourcemapversion="A-1.14"/><item number="EN-US_TOPIC_0206491386" projectid="896642361" sourceprojectid="" version="A-1.1" baseline="" type="topic" sourcemapnum="EN-US_BOOKMAP_0206491222" sourcemapversion="A-1.14"/><item number="EN-US_TOPIC_0206491385" projectid="896642361" sourceprojectid="" version="A-1.1" baseline="" type="topic" sourcemapnum="EN-US_BOOKMAP_0206491222" sourcemapversion="A-1.14"/><item number="EN-US_TOPIC_0206491384" projectid="896642361" sourceprojectid="" version="A-1.1" baseline="" type="topic" sourcemapnum="EN-US_BOOKMAP_0206491222" sourcemapversion="A-1.14"/><item number="EN-US_TOPIC_0206491383" projectid="896642361" sourceprojectid="" version="A-1.1" baseline="" type="topic" sourcemapnum="EN-US_BOOKMAP_0206491222" sourcemapversion="A-1.14"/><item number="EN-US_TOPIC_0206491382" projectid="896642361" sourceprojectid="" version="A-1.1" baseline="" type="topic" sourcemapnum="EN-US_BOOKMAP_0206491222" sourcemapversion="A-1.14"/><item number="EN-US_TOPIC_0206491381" projectid="896642361" sourceprojectid="" version="A-1.1" baseline="" type="topic" sourcemapnum="EN-US_BOOKMAP_0206491222" sourcemapversion="A-1.14"/><item number="EN-US_TOPIC_0206491380" projectid="896642361" sourceprojectid="" version="A-1.1" baseline="" type="topic" sourcemapnum="EN-US_BOOKMAP_0206491222" sourcemapversion="A-1.14"/><item number="EN-US_TOPIC_0206491379" projectid="896642361" sourceprojectid="" version="A-1.1" baseline="" type="topic" sourcemapnum="EN-US_BOOKMAP_0206491222" sourcemapversion="A-1.14"/><item number="EN-US_TOPIC_0206491378" projectid="896642361" sourceprojectid="" version="A-1.2" baseline="" type="topic" sourcemapnum="EN-US_BOOKMAP_0206491222" sourcemapversion="A-1.14"/><item number="EN-US_TOPIC_0206491376" projectid="896642361" sourceprojectid="" version="A-1.1" baseline="" type="topic" sourcemapnum="EN-US_BOOKMAP_0206491222" sourcemapversion="A-1.14"/><item number="EN-US_TOPIC_0206491375" projectid="896642361" sourceprojectid="" version="A-1.1" baseline="" type="topic" sourcemapnum="EN-US_BOOKMAP_0206491222" sourcemapversion="A-1.14"/><item number="EN-US_TOPIC_0206491374" projectid="896642361" sourceprojectid="" version="A-1.2" baseline="" type="topic" sourcemapnum="EN-US_BOOKMAP_0206491222" sourcemapversion="A-1.14"/><item number="EN-US_TOPIC_0206491373" projectid="896642361" sourceprojectid="" version="A-1.1" baseline="" type="topic" sourcemapnum="EN-US_BOOKMAP_0206491222" sourcemapversion="A-1.14"/><item number="EN-US_TOPIC_0206491372" projectid="896642361" sourceprojectid="" version="A-1.1" baseline="" type="topic" sourcemapnum="EN-US_BOOKMAP_0206491222" sourcemapversion="A-1.14"/><item number="EN-US_TOPIC_0206491371" projectid="896642361" sourceprojectid="" version="A-1.1" baseline="" type="topic" sourcemapnum="EN-US_BOOKMAP_0206491222" sourcemapversion="A-1.14"/><item number="EN-US_TOPIC_0206491370" projectid="896642361" sourceprojectid="" version="A-1.1" baseline="" type="topic" sourcemapnum="EN-US_BOOKMAP_0206491222" sourcemapversion="A-1.14"/><item number="EN-US_TOPIC_0206491369" projectid="896642361" sourceprojectid="" version="A-1.1" baseline="" type="topic" sourcemapnum="EN-US_BOOKMAP_0206491222" sourcemapversion="A-1.14"/><item number="EN-US_TOPIC_0206491368" projectid="896642361" sourceprojectid="" version="A-1.1" baseline="" type="topic" sourcemapnum="EN-US_BOOKMAP_0206491222" sourcemapversion="A-1.14"/><item number="EN-US_TOPIC_0206491366" projectid="896642361" sourceprojectid="" version="A-1.1" baseline="" type="topic" sourcemapnum="EN-US_BOOKMAP_0206491222" sourcemapversion="A-1.14"/><item number="EN-US_TOPIC_0206491364" projectid="896642361" sourceprojectid="" version="A-1.2" baseline="" type="topic" sourcemapnum="EN-US_BOOKMAP_0206491222" sourcemapversion="A-1.14"/><item number="EN-US_TOPIC_0206491362" projectid="896642361" sourceprojectid="" version="A-1.1" baseline="" type="topic" sourcemapnum="EN-US_BOOKMAP_0206491222" sourcemapversion="A-1.14"/><item number="EN-US_TOPIC_0206491361" projectid="896642361" sourceprojectid="" version="A-1.1" baseline="" type="topic" sourcemapnum="EN-US_BOOKMAP_0206491222" sourcemapversion="A-1.14"/><item number="EN-US_TOPIC_0206491360" projectid="896642361" sourceprojectid="" version="A-1.1" baseline="" type="topic" sourcemapnum="EN-US_BOOKMAP_0206491222" sourcemapversion="A-1.14"/><item number="EN-US_TOPIC_0206491359" projectid="896642361" sourceprojectid="" version="A-1.1" baseline="" type="topic" sourcemapnum="EN-US_BOOKMAP_0206491222" sourcemapversion="A-1.14"/><item number="EN-US_TOPIC_0206491358" projectid="896642361" sourceprojectid="" version="A-1.1" baseline="" type="topic" sourcemapnum="EN-US_BOOKMAP_0206491222" sourcemapversion="A-1.14"/><item number="EN-US_TOPIC_0206491357" projectid="896642361" sourceprojectid="" version="A-1.1" baseline="" type="topic" sourcemapnum="EN-US_BOOKMAP_0206491222" sourcemapversion="A-1.14"/><item number="EN-US_TOPIC_0206491356" projectid="896642361" sourceprojectid="" version="A-1.1" baseline="" type="topic" sourcemapnum="EN-US_BOOKMAP_0206491222" sourcemapversion="A-1.14"/><item number="EN-US_TOPIC_0206491355" projectid="896642361" sourceprojectid="" version="A-1.1" baseline="" type="topic" sourcemapnum="EN-US_BOOKMAP_0206491222" sourcemapversion="A-1.14"/><item number="EN-US_TOPIC_0206491354" projectid="896642361" sourceprojectid="" version="A-1.1" baseline="" type="topic" sourcemapnum="EN-US_BOOKMAP_0206491222" sourcemapversion="A-1.14"/><item number="EN-US_TOPIC_0206491353" projectid="896642361" sourceprojectid="" version="A-1.1" baseline="" type="topic" sourcemapnum="EN-US_BOOKMAP_0206491222" sourcemapversion="A-1.14"/><item number="EN-US_TOPIC_0206491352" projectid="896642361" sourceprojectid="" version="A-1.1" baseline="" type="topic" sourcemapnum="EN-US_BOOKMAP_0206491222" sourcemapversion="A-1.14"/><item number="EN-US_TOPIC_0206491351" projectid="896642361" sourceprojectid="" version="A-1.1" baseline="" type="topic" sourcemapnum="EN-US_BOOKMAP_0206491222" sourcemapversion="A-1.14"/><item number="EN-US_TOPIC_0206491350" projectid="896642361" sourceprojectid="" version="A-1.1" baseline="" type="topic" sourcemapnum="EN-US_BOOKMAP_0206491222" sourcemapversion="A-1.14"/><item number="EN-US_TOPIC_0206491349" projectid="896642361" sourceprojectid="" version="A-1.2" baseline="" type="topic" sourcemapnum="EN-US_BOOKMAP_0206491222" sourcemapversion="A-1.14"/><item number="EN-US_TOPIC_0206491345" projectid="896642361" sourceprojectid="" version="A-1.1" baseline="" type="topic" sourcemapnum="EN-US_BOOKMAP_0206491222" sourcemapversion="A-1.14"/><item number="EN-US_TOPIC_0206491344" projectid="896642361" sourceprojectid="" version="A-1.1" baseline="" type="topic" sourcemapnum="EN-US_BOOKMAP_0206491222" sourcemapversion="A-1.14"/><item number="EN-US_TOPIC_0206491343" projectid="896642361" sourceprojectid="" version="A-1.1" baseline="" type="topic" sourcemapnum="EN-US_BOOKMAP_0206491222" sourcemapversion="A-1.14"/><item number="EN-US_TOPIC_0206491342" projectid="896642361" sourceprojectid="" version="A-1.2" baseline="" type="topic" sourcemapnum="EN-US_BOOKMAP_0206491222" sourcemapversion="A-1.14"/><item number="EN-US_TOPIC_0206491340" projectid="896642361" sourceprojectid="" version="A-1.1" baseline="" type="topic" sourcemapnum="EN-US_BOOKMAP_0206491222" sourcemapversion="A-1.14"/><item number="EN-US_TOPIC_0206491339" projectid="896642361" sourceprojectid="" version="A-1.1" baseline="" type="topic" sourcemapnum="EN-US_BOOKMAP_0206491222" sourcemapversion="A-1.14"/><item number="EN-US_TOPIC_0206491337" projectid="896642361" sourceprojectid="" version="A-1.1" baseline="" type="topic" sourcemapnum="EN-US_BOOKMAP_0206491222" sourcemapversion="A-1.14"/><item number="EN-US_TOPIC_0206491336" projectid="896642361" sourceprojectid="" version="A-1.2" baseline="" type="topic" sourcemapnum="EN-US_BOOKMAP_0206491222" sourcemapversion="A-1.14"/><item number="EN-US_TOPIC_0206491334" projectid="896642361" sourceprojectid="" version="A-1.2" baseline="" type="topic" sourcemapnum="EN-US_BOOKMAP_0206491222" sourcemapversion="A-1.14"/><item number="EN-US_TOPIC_0206491332" projectid="896642361" sourceprojectid="" version="A-1.1" baseline="" type="topic" sourcemapnum="EN-US_BOOKMAP_0206491222" sourcemapversion="A-1.14"/><item number="EN-US_TOPIC_0206491331" projectid="896642361" sourceprojectid="" version="A-1.1" baseline="" type="topic" sourcemapnum="EN-US_BOOKMAP_0206491222" sourcemapversion="A-1.14"/><item number="EN-US_TOPIC_0206491330" projectid="896642361" sourceprojectid="" version="A-1.1" baseline="" type="topic" sourcemapnum="EN-US_BOOKMAP_0206491222" sourcemapversion="A-1.14"/><item number="EN-US_TOPIC_0206491329" projectid="896642361" sourceprojectid="" version="A-1.1" baseline="" type="topic" sourcemapnum="EN-US_BOOKMAP_0206491222" sourcemapversion="A-1.14"/><item number="EN-US_TOPIC_0206491328" projectid="896642361" sourceprojectid="" version="A-1.2" baseline="" type="topic" sourcemapnum="EN-US_BOOKMAP_0206491222" sourcemapversion="A-1.14"/><item number="EN-US_TOPIC_0206491327" projectid="896642361" sourceprojectid="" version="A-1.1" baseline="" type="topic" sourcemapnum="EN-US_BOOKMAP_0206491222" sourcemapversion="A-1.14"/><item number="EN-US_TOPIC_0206491326" projectid="896642361" sourceprojectid="" version="A-1.1" baseline="" type="topic" sourcemapnum="EN-US_BOOKMAP_0206491222" sourcemapversion="A-1.14"/><item number="EN-US_TOPIC_0206491325" projectid="896642361" sourceprojectid="" version="A-1.2" baseline="" type="topic" sourcemapnum="EN-US_BOOKMAP_0206491222" sourcemapversion="A-1.14"/><item number="EN-US_TOPIC_0206491324" projectid="896642361" sourceprojectid="" version="A-1.2" baseline="" type="topic" sourcemapnum="EN-US_BOOKMAP_0206491222" sourcemapversion="A-1.14"/><item number="EN-US_TOPIC_0206491323" projectid="896642361" sourceprojectid="" version="A-1.1" baseline="" type="topic" sourcemapnum="EN-US_BOOKMAP_0206491222" sourcemapversion="A-1.14"/><item number="EN-US_TOPIC_0206491321" projectid="896642361" sourceprojectid="" version="A-1.1" baseline="" type="topic" sourcemapnum="EN-US_BOOKMAP_0206491222" sourcemapversion="A-1.14"/><item number="EN-US_TOPIC_0206491320" projectid="896642361" sourceprojectid="" version="A-1.1" baseline="" type="topic" sourcemapnum="EN-US_BOOKMAP_0206491222" sourcemapversion="A-1.14"/><item number="EN-US_TOPIC_0206491319" projectid="896642361" sourceprojectid="" version="A-1.1" baseline="" type="topic" sourcemapnum="EN-US_BOOKMAP_0206491222" sourcemapversion="A-1.14"/><item number="EN-US_TOPIC_0206491318" projectid="896642361" sourceprojectid="" version="A-1.1" baseline="" type="topic" sourcemapnum="EN-US_BOOKMAP_0206491222" sourcemapversion="A-1.14"/><item number="EN-US_TOPIC_0206491317" projectid="896642361" sourceprojectid="" version="A-1.1" baseline="" type="topic" sourcemapnum="EN-US_BOOKMAP_0206491222" sourcemapversion="A-1.14"/><item number="EN-US_TOPIC_0206491316" projectid="896642361" sourceprojectid="" version="A-1.2" baseline="" type="topic" sourcemapnum="EN-US_BOOKMAP_0206491222" sourcemapversion="A-1.14"/><item number="EN-US_TOPIC_0206491315" projectid="896642361" sourceprojectid="" version="A-1.1" baseline="" type="topic" sourcemapnum="EN-US_BOOKMAP_0206491222" sourcemapversion="A-1.14"/><item number="EN-US_TOPIC_0206491314" projectid="896642361" sourceprojectid="" version="A-1.1" baseline="" type="topic" sourcemapnum="EN-US_BOOKMAP_0206491222" sourcemapversion="A-1.14"/><item number="EN-US_TOPIC_0206491313" projectid="896642361" sourceprojectid="" version="A-1.1" baseline="" type="topic" sourcemapnum="EN-US_BOOKMAP_0206491222" sourcemapversion="A-1.14"/><item number="EN-US_TOPIC_0206491312" projectid="896642361" sourceprojectid="" version="A-1.1" baseline="" type="topic" sourcemapnum="EN-US_BOOKMAP_0206491222" sourcemapversion="A-1.14"/><item number="EN-US_TOPIC_0206491311" projectid="896642361" sourceprojectid="" version="A-1.1" baseline="" type="topic" sourcemapnum="EN-US_BOOKMAP_0206491222" sourcemapversion="A-1.14"/><item number="EN-US_TOPIC_0206491310" projectid="896642361" sourceprojectid="" version="A-1.1" baseline="" type="topic" sourcemapnum="EN-US_BOOKMAP_0206491222" sourcemapversion="A-1.14"/><item number="EN-US_TOPIC_0206491309" projectid="896642361" sourceprojectid="" version="A-1.2" baseline="" type="topic" sourcemapnum="EN-US_BOOKMAP_0206491222" sourcemapversion="A-1.14"/><item number="EN-US_TOPIC_0206491308" projectid="896642361" sourceprojectid="" version="A-1.1" baseline="" type="topic" sourcemapnum="EN-US_BOOKMAP_0206491222" sourcemapversion="A-1.14"/><item number="EN-US_TOPIC_0206491307" projectid="896642361" sourceprojectid="" version="A-1.1" baseline="" type="topic" sourcemapnum="EN-US_BOOKMAP_0206491222" sourcemapversion="A-1.14"/><item number="EN-US_TOPIC_0206491306" projectid="896642361" sourceprojectid="" version="A-1.2" baseline="" type="topic" sourcemapnum="EN-US_BOOKMAP_0206491222" sourcemapversion="A-1.14"/><item number="EN-US_TOPIC_0206491305" projectid="896642361" sourceprojectid="" version="A-1.1" baseline="" type="topic" sourcemapnum="EN-US_BOOKMAP_0206491222" sourcemapversion="A-1.14"/><item number="EN-US_TOPIC_0206491304" projectid="896642361" sourceprojectid="" version="A-1.1" baseline="" type="topic" sourcemapnum="EN-US_BOOKMAP_0206491222" sourcemapversion="A-1.14"/><item number="EN-US_TOPIC_0206491303" projectid="896642361" sourceprojectid="" version="A-1.2" baseline="" type="topic" sourcemapnum="EN-US_BOOKMAP_0206491222" sourcemapversion="A-1.14"/><item number="EN-US_TOPIC_0206491302" projectid="896642361" sourceprojectid="" version="A-1.2" baseline="" type="topic" sourcemapnum="EN-US_BOOKMAP_0206491222" sourcemapversion="A-1.14"/><item number="EN-US_TOPIC_0206491300" projectid="896642361" sourceprojectid="" version="A-1.1" baseline="" type="topic" sourcemapnum="EN-US_BOOKMAP_0206491222" sourcemapversion="A-1.14"/><item number="EN-US_TOPIC_0206491299" projectid="896642361" sourceprojectid="" version="A-1.1" baseline="" type="topic" sourcemapnum="EN-US_BOOKMAP_0206491222" sourcemapversion="A-1.14"/><item number="EN-US_TOPIC_0206491298" projectid="896642361" sourceprojectid="" version="A-1.2" baseline="" type="topic" sourcemapnum="EN-US_BOOKMAP_0206491222" sourcemapversion="A-1.14"/><item number="EN-US_TOPIC_0206491297" projectid="896642361" sourceprojectid="" version="A-1.2" baseline="" type="topic" sourcemapnum="EN-US_BOOKMAP_0206491222" sourcemapversion="A-1.14"/><item number="EN-US_TOPIC_0206491296" projectid="896642361" sourceprojectid="" version="A-1.1" baseline="" type="topic" sourcemapnum="EN-US_BOOKMAP_0206491222" sourcemapversion="A-1.14"/><item number="EN-US_TOPIC_0206491295" projectid="896642361" sourceprojectid="" version="A-1.1" baseline="" type="topic" sourcemapnum="EN-US_BOOKMAP_0206491222" sourcemapversion="A-1.14"/><item number="EN-US_TOPIC_0206491294" projectid="896642361" sourceprojectid="" version="A-1.2" baseline="" type="topic" sourcemapnum="EN-US_BOOKMAP_0206491222" sourcemapversion="A-1.14"/><item number="EN-US_TOPIC_0206491293" projectid="896642361" sourceprojectid="" version="A-1.1" baseline="" type="topic" sourcemapnum="EN-US_BOOKMAP_0206491222" sourcemapversion="A-1.14"/><item number="EN-US_TOPIC_0206491292" projectid="896642361" sourceprojectid="" version="A-1.3" baseline="" type="topic" sourcemapnum="EN-US_BOOKMAP_0206491222" sourcemapversion="A-1.14"/><item number="EN-US_TOPIC_0206491290" projectid="896642361" sourceprojectid="" version="A-1.1" baseline="" type="topic" sourcemapnum="EN-US_BOOKMAP_0206491222" sourcemapversion="A-1.14"/><item number="EN-US_TOPIC_0206491288" projectid="896642361" sourceprojectid="" version="A-1.1" baseline="" type="topic" sourcemapnum="EN-US_BOOKMAP_0206491222" sourcemapversion="A-1.14"/><item number="EN-US_TOPIC_0206491287" projectid="896642361" sourceprojectid="" version="A-1.1" baseline="" type="topic" sourcemapnum="EN-US_BOOKMAP_0206491222" sourcemapversion="A-1.14"/><item number="EN-US_TOPIC_0206491286" projectid="896642361" sourceprojectid="" version="A-1.2" baseline="" type="topic" sourcemapnum="EN-US_BOOKMAP_0206491222" sourcemapversion="A-1.14"/><item number="EN-US_TOPIC_0206491285" projectid="896642361" sourceprojectid="" version="A-1.1" baseline="" type="topic" sourcemapnum="EN-US_BOOKMAP_0206491222" sourcemapversion="A-1.14"/><item number="EN-US_TOPIC_0206491284" projectid="896642361" sourceprojectid="" version="A-1.1" baseline="" type="topic" sourcemapnum="EN-US_BOOKMAP_0206491222" sourcemapversion="A-1.14"/><item number="EN-US_TOPIC_0206491283" projectid="896642361" sourceprojectid="" version="A-1.1" baseline="" type="topic" sourcemapnum="EN-US_BOOKMAP_0206491222" sourcemapversion="A-1.14"/><item number="EN-US_TOPIC_0206491282" projectid="896642361" sourceprojectid="" version="A-1.2" baseline="" type="topic" sourcemapnum="EN-US_BOOKMAP_0206491222" sourcemapversion="A-1.14"/><item number="EN-US_TOPIC_0206491281" projectid="896642361" sourceprojectid="" version="A-1.1" baseline="" type="topic" sourcemapnum="EN-US_BOOKMAP_0206491222" sourcemapversion="A-1.14"/><item number="EN-US_TOPIC_0206491280" projectid="896642361" sourceprojectid="" version="A-1.2" baseline="" type="topic" sourcemapnum="EN-US_BOOKMAP_0206491222" sourcemapversion="A-1.14"/><item number="EN-US_TOPIC_0206491279" projectid="896642361" sourceprojectid="" version="A-1.1" baseline="" type="topic" sourcemapnum="EN-US_BOOKMAP_0206491222" sourcemapversion="A-1.14"/><item number="EN-US_TOPIC_0206491278" projectid="896642361" sourceprojectid="" version="A-1.1" baseline="" type="topic" sourcemapnum="EN-US_BOOKMAP_0206491222" sourcemapversion="A-1.14"/><item number="EN-US_TOPIC_0206491277" projectid="896642361" sourceprojectid="" version="A-1.1" baseline="" type="topic" sourcemapnum="EN-US_BOOKMAP_0206491222" sourcemapversion="A-1.14"/><item number="EN-US_TOPIC_0206491276" projectid="896642361" sourceprojectid="" version="A-1.1" baseline="" type="topic" sourcemapnum="EN-US_BOOKMAP_0206491222" sourcemapversion="A-1.14"/><item number="EN-US_TOPIC_0206491275" projectid="896642361" sourceprojectid="" version="A-1.1" baseline="" type="topic" sourcemapnum="EN-US_BOOKMAP_0206491222" sourcemapversion="A-1.14"/><item number="EN-US_TOPIC_0206491274" projectid="896642361" sourceprojectid="" version="A-1.1" baseline="" type="topic" sourcemapnum="EN-US_BOOKMAP_0206491222" sourcemapversion="A-1.14"/><item number="EN-US_TOPIC_0206491273" projectid="896642361" sourceprojectid="" version="A-1.1" baseline="" type="topic" sourcemapnum="EN-US_BOOKMAP_0206491222" sourcemapversion="A-1.14"/><item number="EN-US_TOPIC_0206491272" projectid="896642361" sourceprojectid="" version="A-1.3" baseline="" type="topic" sourcemapnum="EN-US_BOOKMAP_0206491222" sourcemapversion="A-1.14"/><item number="EN-US_TOPIC_0206491271" projectid="896642361" sourceprojectid="" version="A-1.1" baseline="" type="topic" sourcemapnum="EN-US_BOOKMAP_0206491222" sourcemapversion="A-1.14"/><item number="EN-US_TOPIC_0206491270" projectid="896642361" sourceprojectid="" version="A-1.1" baseline="" type="topic" sourcemapnum="EN-US_BOOKMAP_0206491222" sourcemapversion="A-1.14"/><item number="EN-US_TOPIC_0206491269" projectid="896642361" sourceprojectid="" version="A-1.1" baseline="" type="topic" sourcemapnum="EN-US_BOOKMAP_0206491222" sourcemapversion="A-1.14"/><item number="EN-US_TOPIC_0206491268" projectid="896642361" sourceprojectid="" version="A-1.1" baseline="" type="topic" sourcemapnum="EN-US_BOOKMAP_0206491222" sourcemapversion="A-1.14"/><item number="EN-US_TOPIC_0206491267" projectid="896642361" sourceprojectid="" version="A-1.1" baseline="" type="topic" sourcemapnum="EN-US_BOOKMAP_0206491222" sourcemapversion="A-1.14"/><item number="EN-US_TOPIC_0206491266" projectid="896642361" sourceprojectid="" version="A-1.1" baseline="" type="topic" sourcemapnum="EN-US_BOOKMAP_0206491222" sourcemapversion="A-1.14"/><item number="EN-US_TOPIC_0206491265" projectid="896642361" sourceprojectid="" version="A-1.1" baseline="" type="topic" sourcemapnum="EN-US_BOOKMAP_0206491222" sourcemapversion="A-1.14"/><item number="EN-US_TOPIC_0206491264" projectid="896642361" sourceprojectid="" version="A-1.1" baseline="" type="topic" sourcemapnum="EN-US_BOOKMAP_0206491222" sourcemapversion="A-1.14"/><item number="EN-US_TOPIC_0206491263" projectid="896642361" sourceprojectid="" version="A-1.1" baseline="" type="topic" sourcemapnum="EN-US_BOOKMAP_0206491222" sourcemapversion="A-1.14"/><item number="EN-US_TOPIC_0206491262" projectid="896642361" sourceprojectid="" version="A-1.1" baseline="" type="topic" sourcemapnum="EN-US_BOOKMAP_0206491222" sourcemapversion="A-1.14"/><item number="EN-US_TOPIC_0206491260" projectid="896642361" sourceprojectid="" version="A-1.2" baseline="" type="topic" sourcemapnum="EN-US_BOOKMAP_0206491222" sourcemapversion="A-1.14"/><item number="EN-US_TOPIC_0206491258" projectid="896642361" sourceprojectid="" version="A-1.1" baseline="" type="topic" sourcemapnum="EN-US_BOOKMAP_0206491222" sourcemapversion="A-1.14"/><item number="EN-US_TOPIC_0206491257" projectid="896642361" sourceprojectid="" version="A-1.1" baseline="" type="topic" sourcemapnum="EN-US_BOOKMAP_0206491222" sourcemapversion="A-1.14"/><item number="EN-US_TOPIC_0206491256" projectid="896642361" sourceprojectid="" version="A-1.3" baseline="" type="topic" sourcemapnum="EN-US_BOOKMAP_0206491222" sourcemapversion="A-1.14"/><item number="EN-US_TOPIC_0206491254" projectid="896642361" sourceprojectid="" version="A-1.1" baseline="" type="topic" sourcemapnum="EN-US_BOOKMAP_0206491222" sourcemapversion="A-1.14"/><item number="EN-US_TOPIC_0206491253" projectid="896642361" sourceprojectid="" version="A-1.1" baseline="" type="topic" sourcemapnum="EN-US_BOOKMAP_0206491222" sourcemapversion="A-1.14"/><item number="EN-US_TOPIC_0206491252" projectid="896642361" sourceprojectid="" version="A-1.1" baseline="" type="topic" sourcemapnum="EN-US_BOOKMAP_0206491222" sourcemapversion="A-1.14"/><item number="EN-US_TOPIC_0206491250" projectid="896642361" sourceprojectid="" version="A-1.1" baseline="" type="topic" sourcemapnum="EN-US_BOOKMAP_0206491222" sourcemapversion="A-1.14"/><item number="EN-US_TOPIC_0206491249" projectid="896642361" sourceprojectid="" version="A-1.1" baseline="" type="topic" sourcemapnum="EN-US_BOOKMAP_0206491222" sourcemapversion="A-1.14"/><item number="EN-US_TOPIC_0206491247" projectid="896642361" sourceprojectid="" version="A-1.1" baseline="" type="topic" sourcemapnum="EN-US_BOOKMAP_0206491222" sourcemapversion="A-1.14"/><item number="EN-US_TOPIC_0206491246" projectid="896642361" sourceprojectid="" version="A-1.1" baseline="" type="topic" sourcemapnum="EN-US_BOOKMAP_0206491222" sourcemapversion="A-1.14"/><item number="EN-US_TOPIC_0206491245" projectid="896642361" sourceprojectid="" version="A-1.1" baseline="" type="topic" sourcemapnum="EN-US_BOOKMAP_0206491222" sourcemapversion="A-1.14"/><item number="EN-US_TOPIC_0206491244" projectid="896642361" sourceprojectid="" version="A-1.2" baseline="" type="topic" sourcemapnum="EN-US_BOOKMAP_0206491222" sourcemapversion="A-1.14"/><item number="EN-US_TOPIC_0206491243" projectid="896642361" sourceprojectid="" version="A-1.1" baseline="" type="topic" sourcemapnum="EN-US_BOOKMAP_0206491222" sourcemapversion="A-1.14"/><item number="EN-US_TOPIC_0206491242" projectid="896642361" sourceprojectid="" version="A-1.2" baseline="" type="topic" sourcemapnum="EN-US_BOOKMAP_0206491222" sourcemapversion="A-1.14"/><item number="EN-US_TOPIC_0206491241" projectid="896642361" sourceprojectid="" version="A-1.1" baseline="" type="topic" sourcemapnum="EN-US_BOOKMAP_0206491222" sourcemapversion="A-1.14"/><item number="EN-US_TOPIC_0206491240" projectid="896642361" sourceprojectid="" version="A-1.1" baseline="" type="topic" sourcemapnum="EN-US_BOOKMAP_0206491222" sourcemapversion="A-1.14"/><item number="EN-US_TOPIC_0206491238" projectid="896642361" sourceprojectid="" version="A-1.1" baseline="" type="topic" sourcemapnum="EN-US_BOOKMAP_0206491222" sourcemapversion="A-1.14"/><item number="EN-US_TOPIC_0206491237" projectid="896642361" sourceprojectid="" version="A-1.1" baseline="" type="topic" sourcemapnum="EN-US_BOOKMAP_0206491222" sourcemapversion="A-1.14"/><item number="EN-US_TOPIC_0206491235" projectid="896642361" sourceprojectid="" version="A-1.1" baseline="" type="topic" sourcemapnum="EN-US_BOOKMAP_0206491222" sourcemapversion="A-1.14"/><item number="EN-US_TOPIC_0206491233" projectid="896642361" sourceprojectid="" version="A-1.1" baseline="" type="topic" sourcemapnum="EN-US_BOOKMAP_0206491222" sourcemapversion="A-1.14"/><item number="EN-US_TOPIC_0206491232" projectid="896642361" sourceprojectid="" version="A-1.1" baseline="" type="topic" sourcemapnum="EN-US_BOOKMAP_0206491222" sourcemapversion="A-1.14"/><item number="EN-US_TOPIC_0206491231" projectid="896642361" sourceprojectid="" version="A-1.1" baseline="" type="topic" sourcemapnum="EN-US_BOOKMAP_0206491222" sourcemapversion="A-1.14"/><item number="EN-US_TOPIC_0206491230" projectid="896642361" sourceprojectid="" version="A-1.1" baseline="" type="topic" sourcemapnum="EN-US_BOOKMAP_0206491222" sourcemapversion="A-1.14"/><item number="EN-US_TOPIC_0206491229" projectid="896642361" sourceprojectid="" version="A-1.1" baseline="" type="topic" sourcemapnum="EN-US_BOOKMAP_0206491222" sourcemapversion="A-1.14"/><item number="EN-US_TOPIC_0206491228" projectid="896642361" sourceprojectid="" version="A-1.1" baseline="" type="topic" sourcemapnum="EN-US_BOOKMAP_0206491222" sourcemapversion="A-1.14"/><item number="EN-US_TOPIC_0206491227" projectid="896642361" sourceprojectid="" version="A-1.1" baseline="" type="topic" sourcemapnum="EN-US_BOOKMAP_0206491222" sourcemapversion="A-1.14"/><item number="EN-US_TOPIC_0206491226" projectid="896642361" sourceprojectid="" version="A-1.1" baseline="" type="topic" sourcemapnum="EN-US_BOOKMAP_0206491222" sourcemapversion="A-1.14"/><item number="EN-US_TOPIC_0206491224" projectid="896642361" sourceprojectid="" version="A-1.1" baseline="" type="topic" sourcemapnum="EN-US_BOOKMAP_0206491222" sourcemapversion="A-1.14"/><item number="EN-US_TOPIC_0206491223" projectid="896642361" sourceprojectid="" version="A-1.1" baseline="" type="topic" sourcemapnum="EN-US_BOOKMAP_0206491222" sourcemapversion="A-1.14"/><item number="EN-US_TOPIC_0206491220" projectid="896642361" sourceprojectid="" version="A-1.1" baseline="" type="topic" sourcemapnum="EN-US_BOOKMAP_0206491222" sourcemapversion="A-1.14"/><item number="EN-US_TOPIC_0206491219" projectid="896642361" sourceprojectid="" version="A-1.1" baseline="" type="topic" sourcemapnum="EN-US_BOOKMAP_0206491222" sourcemapversion="A-1.14"/><item number="EN-US_TOPIC_0206491217" projectid="896642361" sourceprojectid="" version="A-1.2" baseline="" type="topic" sourcemapnum="EN-US_BOOKMAP_0206491222" sourcemapversion="A-1.14"/><item number="EN-US_TOPIC_0206491216" projectid="896642361" sourceprojectid="" version="A-1.1" baseline="" type="topic" sourcemapnum="EN-US_BOOKMAP_0206491222" sourcemapversion="A-1.14"/><item number="EN-US_TOPIC_0206491215" projectid="896642361" sourceprojectid="" version="A-1.1" baseline="" type="topic" sourcemapnum="EN-US_BOOKMAP_0206491222" sourcemapversion="A-1.14"/><item number="EN-US_TOPIC_0206491214" projectid="896642361" sourceprojectid="" version="A-1.1" baseline="" type="topic" sourcemapnum="EN-US_BOOKMAP_0206491222" sourcemapversion="A-1.14"/><item number="EN-US_TOPIC_0206491213" projectid="896642361" sourceprojectid="" version="A-1.1" baseline="" type="topic" sourcemapnum="EN-US_BOOKMAP_0206491222" sourcemapversion="A-1.14"/><item number="EN-US_TOPIC_0206491212" projectid="896642361" sourceprojectid="" version="A-1.1" baseline="" type="topic" sourcemapnum="EN-US_BOOKMAP_0206491222" sourcemapversion="A-1.14"/><item number="EN-US_TOPIC_0170797013" projectid="896642361" sourceprojectid="" version="A-1.1" baseline="" type="topic" sourcemapnum="EN-US_BOOKMAP_0170590743" sourcemapversion="A-1.78"/><item number="EN-US_TOPIC_0170590903" projectid="896642361" sourceprojectid="" version="A-1.2" baseline="" type="topic" sourcemapnum="EN-US_BOOKMAP_0170590743" sourcemapversion="A-1.78"/><item number="EN-US_TOPIC_0170590734" projectid="896642361" sourceprojectid="" version="A-1.2" baseline="" type="topic" sourcemapnum="EN-US_BOOKMAP_0170590743" sourcemapversion="A-1.78"/><item number="EN-US_TOPIC_0170590660" projectid="896642361" sourceprojectid="" version="A-1.2" baseline="" type="topic" sourcemapnum="EN-US_BOOKMAP_0170590743" sourcemapversion="A-1.78"/><item number="EN-US_TOPIC_0170590572" projectid="896642361" sourceprojectid="" version="A-1.2" baseline="" type="topic" sourcemapnum="EN-US_BOOKMAP_0170590743" sourcemapversion="A-1.78"/><item number="EN-US_TOPIC_0170590472" projectid="896642361" sourceprojectid="" version="A-1.3" baseline="" type="topic" sourcemapnum="EN-US_BOOKMAP_0170590743" sourcemapversion="A-1.78"/><item number="EN-US_TOPIC_0159262907" projectid="896642361" sourceprojectid="" version="A-1.6" baseline="" type="topic" sourcemapnum="EN-US_BOOKMAP_0109901765" sourcemapversion="A-1.350"/><item number="EN-US_TOPIC_0145349152" projectid="896642361" sourceprojectid="" version="A-1.3" baseline="" type="topic" sourcemapnum="EN-US_BOOKMAP_0109901765" sourcemapversion="A-1.350"/><item number="EN-US_TOPIC_0145349150" projectid="896642361" sourceprojectid="" version="A-1.3" baseline="" type="topic" sourcemapnum="EN-US_BOOKMAP_0109901765" sourcemapversion="A-1.350"/><item number="EN-US_TOPIC_0141040164" projectid="896642361" sourceprojectid="" version="A-1.5" baseline="" type="topic" sourcemapnum="EN-US_BOOKMAP_0109901765" sourcemapversion="A-1.350"/><item number="EN-US_TOPIC_0133922575" projectid="896642361" sourceprojectid="" version="A-1.4" baseline="" type="topic" sourcemapnum="EN-US_BOOKMAP_0109901765" sourcemapversion="A-1.350"/><item number="EN-US_TOPIC_0133922573" projectid="896642361" sourceprojectid="" version="A-1.4" baseline="" type="topic" sourcemapnum="EN-US_BOOKMAP_0109901765" sourcemapversion="A-1.350"/><item number="EN-US_TOPIC_0133922572" projectid="896642361" sourceprojectid="" version="A-1.5" baseline="" type="topic" sourcemapnum="EN-US_BOOKMAP_0109901765" sourcemapversion="A-1.350"/><item number="EN-US_TOPIC_0133922570" projectid="896642361" sourceprojectid="" version="A-1.3" baseline="" type="topic" sourcemapnum="EN-US_BOOKMAP_0109901765" sourcemapversion="A-1.350"/><item number="EN-US_TOPIC_0133913481" projectid="896642361" sourceprojectid="" version="A-1.4" baseline="" type="topic" sourcemapnum="EN-US_BOOKMAP_0109901765" sourcemapversion="A-1.350"/><item number="EN-US_TOPIC_0133913400" projectid="896642361" sourceprojectid="" version="A-1.3" baseline="" type="topic" sourcemapnum="EN-US_BOOKMAP_0109901765" sourcemapversion="A-1.350"/><item number="EN-US_TOPIC_0133913399" projectid="896642361" sourceprojectid="" version="A-1.3" baseline="" type="topic" sourcemapnum="EN-US_BOOKMAP_0109901765" sourcemapversion="A-1.350"/><item number="EN-US_TOPIC_0131178190" projectid="896642361" sourceprojectid="" version="A-1.13" baseline="" type="topic" sourcemapnum="EN-US_BOOKMAP_0109901765" sourcemapversion="A-1.350"/><item number="EN-US_TOPIC_0131177905" projectid="896642361" sourceprojectid="" version="A-1.4" baseline="" type="topic" sourcemapnum="EN-US_BOOKMAP_0109901765" sourcemapversion="A-1.350"/><item number="EN-US_TOPIC_0118387216" projectid="896642361" sourceprojectid="" version="A-1.2" baseline="" type="topic" sourcemapnum="EN-US_BOOKMAP_0109901765" sourcemapversion="A-1.350"/><item number="EN-US_TOPIC_0110496777" projectid="896642361" sourceprojectid="" version="A-1.2" baseline="" type="topic" sourcemapnum="EN-US_BOOKMAP_0109901765" sourcemapversion="A-1.350"/><item number="EN-US_TOPIC_0110239111" projectid="896642361" sourceprojectid="" version="A-1.2" baseline="" type="topic" sourcemapnum="EN-US_BOOKMAP_0109901765" sourcemapversion="A-1.350"/><item number="EN-US_TOPIC_0109960083" projectid="896642361" sourceprojectid="" version="A-1.2" baseline="" type="topic" sourcemapnum="EN-US_BOOKMAP_0109901765" sourcemapversion="A-1.350"/><item number="EN-US_TOPIC_0109950855" projectid="896642361" sourceprojectid="" version="A-1.4" baseline="" type="topic" sourcemapnum="EN-US_BOOKMAP_0109901765" sourcemapversion="A-1.350"/><item number="EN-US_TOPIC_0109946262" projectid="896642361" sourceprojectid="" version="A-1.3" baseline="" type="topic" sourcemapnum="EN-US_BOOKMAP_0109901765" sourcemapversion="A-1.350"/><item number="EN-US_TOPIC_0109946261" projectid="896642361" sourceprojectid="" version="A-1.3" baseline="" type="topic" sourcemapnum="EN-US_BOOKMAP_0109901765" sourcemapversion="A-1.350"/><item number="EN-US_TOPIC_0109901953" projectid="896642361" sourceprojectid="" version="A-1.1" baseline="" type="topic" sourcemapnum="EN-US_BOOKMAP_0109901765" sourcemapversion="A-1.350"/><item number="EN-US_TOPIC_0109901950" projectid="896642361" sourceprojectid="" version="A-1.2" baseline="" type="topic" sourcemapnum="EN-US_BOOKMAP_0109901765" sourcemapversion="A-1.350"/><item number="EN-US_TOPIC_0109901943" projectid="896642361" sourceprojectid="" version="A-1.8" baseline="" type="topic" sourcemapnum="EN-US_BOOKMAP_0109901765" sourcemapversion="A-1.350"/><item number="EN-US_TOPIC_0109901926" projectid="896642361" sourceprojectid="" version="A-1.8" baseline="" type="topic" sourcemapnum="EN-US_BOOKMAP_0109901765" sourcemapversion="A-1.350"/><item number="EN-US_TOPIC_0109901921" projectid="896642361" sourceprojectid="" version="A-1.1" baseline="" type="topic" sourcemapnum="EN-US_BOOKMAP_0109901765" sourcemapversion="A-1.350"/><item number="EN-US_TOPIC_0109901909" projectid="896642361" sourceprojectid="" version="A-1.2" baseline="" type="topic" sourcemapnum="EN-US_BOOKMAP_0109901765" sourcemapversion="A-1.350"/><item number="EN-US_TOPIC_0109901908" projectid="896642361" sourceprojectid="" version="A-1.3" baseline="" type="topic" sourcemapnum="EN-US_BOOKMAP_0109901765" sourcemapversion="A-1.350"/><item number="EN-US_TOPIC_0109901907" projectid="896642361" sourceprojectid="" version="A-1.6" baseline="" type="topic" sourcemapnum="EN-US_BOOKMAP_0109901765" sourcemapversion="A-1.350"/><item number="EN-US_TOPIC_0109901904" projectid="896642361" sourceprojectid="" version="A-1.2" baseline="" type="topic" sourcemapnum="EN-US_BOOKMAP_0109901765" sourcemapversion="A-1.350"/><item number="EN-US_TOPIC_0109901898" projectid="896642361" sourceprojectid="" version="A-1.1" baseline="" type="topic" sourcemapnum="EN-US_BOOKMAP_0109901765" sourcemapversion="A-1.350"/><item number="EN-US_TOPIC_0109901889" projectid="896642361" sourceprojectid="" version="A-1.1" baseline="" type="topic" sourcemapnum="EN-US_BOOKMAP_0109901765" sourcemapversion="A-1.350"/><item number="EN-US_TOPIC_0109901875" projectid="896642361" sourceprojectid="" version="A-1.1" baseline="" type="topic" sourcemapnum="EN-US_BOOKMAP_0109901765" sourcemapversion="A-1.350"/><item number="EN-US_TOPIC_0109901866" projectid="896642361" sourceprojectid="" version="A-1.2" baseline="" type="topic" sourcemapnum="EN-US_BOOKMAP_0109901765" sourcemapversion="A-1.350"/><item number="EN-US_TOPIC_0109901859" projectid="896642361" sourceprojectid="" version="A-1.1" baseline="" type="topic" sourcemapnum="EN-US_BOOKMAP_0109901765" sourcemapversion="A-1.350"/><item number="EN-US_TOPIC_0109901858" projectid="896642361" sourceprojectid="" version="A-1.1" baseline="" type="topic" sourcemapnum="EN-US_BOOKMAP_0109901765" sourcemapversion="A-1.350"/><item number="EN-US_TOPIC_0109901857" projectid="896642361" sourceprojectid="" version="A-1.1" baseline="" type="topic" sourcemapnum="EN-US_BOOKMAP_0109901765" sourcemapversion="A-1.350"/><item number="EN-US_TOPIC_0109901856" projectid="896642361" sourceprojectid="" version="A-1.1" baseline="" type="topic" sourcemapnum="EN-US_BOOKMAP_0109901765" sourcemapversion="A-1.350"/><item number="EN-US_TOPIC_0109901855" projectid="896642361" sourceprojectid="" version="A-1.1" baseline="" type="topic" sourcemapnum="EN-US_BOOKMAP_0109901765" sourcemapversion="A-1.350"/><item number="EN-US_TOPIC_0109901854" projectid="896642361" sourceprojectid="" version="A-1.1" baseline="" type="topic" sourcemapnum="EN-US_BOOKMAP_0109901765" sourcemapversion="A-1.350"/><item number="EN-US_TOPIC_0109901853" projectid="896642361" sourceprojectid="" version="A-1.1" baseline="" type="topic" sourcemapnum="EN-US_BOOKMAP_0109901765" sourcemapversion="A-1.350"/><item number="EN-US_TOPIC_0109901852" projectid="896642361" sourceprojectid="" version="A-1.1" baseline="" type="topic" sourcemapnum="EN-US_BOOKMAP_0109901765" sourcemapversion="A-1.350"/><item number="EN-US_TOPIC_0109901851" projectid="896642361" sourceprojectid="" version="A-1.1" baseline="" type="topic" sourcemapnum="EN-US_BOOKMAP_0109901765" sourcemapversion="A-1.350"/><item number="EN-US_TOPIC_0109901850" projectid="896642361" sourceprojectid="" version="A-1.1" baseline="" type="topic" sourcemapnum="EN-US_BOOKMAP_0109901765" sourcemapversion="A-1.350"/><item number="EN-US_TOPIC_0109901848" projectid="896642361" sourceprojectid="" version="A-1.5" baseline="" type="topic" sourcemapnum="EN-US_BOOKMAP_0109901765" sourcemapversion="A-1.350"/><item number="EN-US_TOPIC_0109901840" projectid="896642361" sourceprojectid="" version="A-1.1" baseline="" type="topic" sourcemapnum="EN-US_BOOKMAP_0109901765" sourcemapversion="A-1.350"/><item number="EN-US_TOPIC_0109901839" projectid="896642361" sourceprojectid="" version="A-1.2" baseline="" type="topic" sourcemapnum="EN-US_BOOKMAP_0109901765" sourcemapversion="A-1.350"/><item number="EN-US_TOPIC_0109901837" projectid="896642361" sourceprojectid="" version="A-1.1" baseline="" type="topic" sourcemapnum="EN-US_BOOKMAP_0109901765" sourcemapversion="A-1.350"/><item number="EN-US_TOPIC_0109901836" projectid="896642361" sourceprojectid="" version="A-1.1" baseline="" type="topic" sourcemapnum="EN-US_BOOKMAP_0109901765" sourcemapversion="A-1.350"/><item number="EN-US_TOPIC_0109901835" projectid="896642361" sourceprojectid="" version="A-1.1" baseline="" type="topic" sourcemapnum="EN-US_BOOKMAP_0109901765" sourcemapversion="A-1.350"/><item number="EN-US_TOPIC_0109901834" projectid="896642361" sourceprojectid="" version="A-1.1" baseline="" type="topic" sourcemapnum="EN-US_BOOKMAP_0109901765" sourcemapversion="A-1.350"/><item number="EN-US_TOPIC_0109901799" projectid="896642361" sourceprojectid="" version="A-1.5" baseline="" type="topic" sourcemapnum="EN-US_BOOKMAP_0109901765" sourcemapversion="A-1.350"/><item number="EN-US_BOOKMAP_0206491222" projectid="896642361" sourceprojectid="" version="A-1.14" baseline="" type="startmap" sourcemapnum="" sourcemapversion=""/></root>