<?xml version="1.0" encoding="utf-8"?><files><file url="en-us_topic_0170595434.html" id="EN-US_TOPIC_0170595434" originalId="EN-US_TOPIC_0170595434"/><file url="en-us_topic_0170595336.html" id="EN-US_TOPIC_0170595336" originalId="EN-US_TOPIC_0170595336"/><file url="en-us_topic_0170595369.html" id="EN-US_TOPIC_0170595369" originalId="EN-US_TOPIC_0170595369"/><file url="en-us_topic_0170595409.html" id="EN-US_TOPIC_0170595409" originalId="EN-US_TOPIC_0170595409"/><file url="en-us_topic_0170595241.html" id="EN-US_TOPIC_0170595241" originalId="EN-US_TOPIC_0170595241"/><file url="en-us_topic_0134282946.html" id="EN-US_TOPIC_0134282946" originalId="EN-US_TOPIC_0134282946"/><file url="en-us_topic_0133914946.html" id="EN-US_TOPIC_0133914946" originalId="EN-US_TOPIC_0133914946"/><file url="en-us_topic_0133915009.html" id="EN-US_TOPIC_0133915009" originalId="EN-US_TOPIC_0133915009"/><file url="en-us_topic_0133914958.html" id="EN-US_TOPIC_0133914958" originalId="EN-US_TOPIC_0133914958"/><file url="en-us_topic_0133914996.html" id="EN-US_TOPIC_0133914996" originalId="EN-US_TOPIC_0133914996"/><file url="en-us_topic_0133914980.html" id="EN-US_TOPIC_0133914980" originalId="EN-US_TOPIC_0133914980"/><file url="en-us_topic_0133914931.html" id="EN-US_TOPIC_0133914931" originalId="EN-US_TOPIC_0133914931"/><file url="en-us_topic_0133914959.html" id="EN-US_TOPIC_0133914959" originalId="EN-US_TOPIC_0133914959"/><file url="en-us_topic_0133995121.html" id="EN-US_TOPIC_0133995121" originalId="EN-US_TOPIC_0133995121"/><file url="en-us_topic_0133995138.html" id="EN-US_TOPIC_0133995138" originalId="EN-US_TOPIC_0133995138"/><file url="en-us_topic_0133995130.html" id="EN-US_TOPIC_0133995130" originalId="EN-US_TOPIC_0133995130"/><file url="en-us_topic_0133995139.html" id="EN-US_TOPIC_0133995139" originalId="EN-US_TOPIC_0133995139"/><file url="en-us_topic_0133995140.html" id="EN-US_TOPIC_0133995140" originalId="EN-US_TOPIC_0133995140"/><file url="en-us_topic_0133995141.html" id="EN-US_TOPIC_0133995141" originalId="EN-US_TOPIC_0133995141"/><file url="en-us_topic_0133995142.html" id="EN-US_TOPIC_0133995142" originalId="EN-US_TOPIC_0133995142"/><file url="en-us_topic_0133995144.html" id="EN-US_TOPIC_0133995144" originalId="EN-US_TOPIC_0133995144"/><file url="en-us_topic_0133995136.html" id="EN-US_TOPIC_0133995136" originalId="EN-US_TOPIC_0133995136"/><file url="en-us_topic_0133995137.html" id="EN-US_TOPIC_0133995137" originalId="EN-US_TOPIC_0133995137"/><file url="en-us_topic_0133995146.html" id="EN-US_TOPIC_0133995146" originalId="EN-US_TOPIC_0133995146"/><file url="en-us_topic_0133995147.html" id="EN-US_TOPIC_0133995147" originalId="EN-US_TOPIC_0133995147"/><file url="en-us_topic_0133995149.html" id="EN-US_TOPIC_0133995149" originalId="EN-US_TOPIC_0133995149"/><file url="en-us_topic_0133995148.html" id="EN-US_TOPIC_0133995148" originalId="EN-US_TOPIC_0133995148"/><file url="en-us_topic_0133914977.html" id="EN-US_TOPIC_0133914977" originalId="EN-US_TOPIC_0133914977"/><file url="en-us_topic_0170595429.html" id="EN-US_TOPIC_0170595429" originalId="EN-US_TOPIC_0170595429"/><file url="en-us_topic_0170595271.html" id="EN-US_TOPIC_0170595271" originalId="EN-US_TOPIC_0170595271"/><file url="en-us_topic_0170595562.html" id="EN-US_TOPIC_0170595562" originalId="EN-US_TOPIC_0170595562"/><file url="en-us_topic_0170595468.html" id="EN-US_TOPIC_0170595468" originalId="EN-US_TOPIC_0170595468"/><file url="en-us_topic_0170595501.html" id="EN-US_TOPIC_0170595501" originalId="EN-US_TOPIC_0170595501"/><file url="en-us_topic_0170595316.html" id="EN-US_TOPIC_0170595316" originalId="EN-US_TOPIC_0170595316"/><file url="en-us_topic_0170595443.html" id="EN-US_TOPIC_0170595443" originalId="EN-US_TOPIC_0170595443"/><file url="en-us_topic_0170595276.html" id="EN-US_TOPIC_0170595276" originalId="EN-US_TOPIC_0170595276"/><file url="en-us_topic_0170595289.html" id="EN-US_TOPIC_0170595289" originalId="EN-US_TOPIC_0170595289"/><file url="en-us_topic_0170595306.html" id="EN-US_TOPIC_0170595306" originalId="EN-US_TOPIC_0170595306"/><file url="en-us_topic_0170595581.html" id="EN-US_TOPIC_0170595581" originalId="EN-US_TOPIC_0170595581"/><file url="en-us_topic_0170595160.html" id="EN-US_TOPIC_0170595160" originalId="EN-US_TOPIC_0170595160"/><file url="en-us_topic_0170595589.html" id="EN-US_TOPIC_0170595589" originalId="EN-US_TOPIC_0170595589"/><file url="en-us_topic_0170595314.html" id="EN-US_TOPIC_0170595314" originalId="EN-US_TOPIC_0170595314"/><file url="en-us_topic_0170595486.html" id="EN-US_TOPIC_0170595486" originalId="EN-US_TOPIC_0170595486"/><file url="en-us_topic_0170595497.html" id="EN-US_TOPIC_0170595497" originalId="EN-US_TOPIC_0170595497"/><file url="en-us_topic_0170595509.html" id="EN-US_TOPIC_0170595509" originalId="EN-US_TOPIC_0170595509"/><file url="en-us_topic_0170595560.html" id="EN-US_TOPIC_0170595560" originalId="EN-US_TOPIC_0170595560"/><file url="en-us_topic_0170595527.html" id="EN-US_TOPIC_0170595527" originalId="EN-US_TOPIC_0170595527"/><file url="en-us_topic_0170595248.html" id="EN-US_TOPIC_0170595248" originalId="EN-US_TOPIC_0170595248"/><file url="en-us_topic_0170595505.html" id="EN-US_TOPIC_0170595505" originalId="EN-US_TOPIC_0170595505"/><file url="en-us_topic_0170595154.html" id="EN-US_TOPIC_0170595154" originalId="EN-US_TOPIC_0170595154"/><file url="en-us_topic_0170595487.html" id="EN-US_TOPIC_0170595487" originalId="EN-US_TOPIC_0170595487"/><file url="en-us_topic_0170595408.html" id="EN-US_TOPIC_0170595408" originalId="EN-US_TOPIC_0170595408"/><file url="en-us_topic_0170595335.html" id="EN-US_TOPIC_0170595335" originalId="EN-US_TOPIC_0170595335"/><file url="en-us_topic_0170595530.html" id="EN-US_TOPIC_0170595530" originalId="EN-US_TOPIC_0170595530"/><file url="en-us_topic_0170595517.html" id="EN-US_TOPIC_0170595517" originalId="EN-US_TOPIC_0170595517"/><file url="en-us_topic_0170595152.html" id="EN-US_TOPIC_0170595152" originalId="EN-US_TOPIC_0170595152"/><file url="en-us_topic_0170595296.html" id="EN-US_TOPIC_0170595296" originalId="EN-US_TOPIC_0170595296"/><file url="en-us_topic_0170595255.html" id="EN-US_TOPIC_0170595255" originalId="EN-US_TOPIC_0170595255"/><file url="en-us_topic_0170595523.html" id="EN-US_TOPIC_0170595523" originalId="EN-US_TOPIC_0170595523"/><file url="en-us_topic_0170595473.html" id="EN-US_TOPIC_0170595473" originalId="EN-US_TOPIC_0170595473"/><file url="en-us_topic_0170595575.html" id="EN-US_TOPIC_0170595575" originalId="EN-US_TOPIC_0170595575"/><file url="en-us_topic_0170595592.html" id="EN-US_TOPIC_0170595592" originalId="EN-US_TOPIC_0170595592"/><file url="en-us_topic_0170595454.html" id="EN-US_TOPIC_0170595454" originalId="EN-US_TOPIC_0170595454"/><file url="en-us_topic_0170595557.html" id="EN-US_TOPIC_0170595557" originalId="EN-US_TOPIC_0170595557"/><file url="en-us_topic_0170595403.html" id="EN-US_TOPIC_0170595403" originalId="EN-US_TOPIC_0170595403"/><file url="en-us_topic_0170595435.html" id="EN-US_TOPIC_0170595435" originalId="EN-US_TOPIC_0170595435"/><file url="en-us_topic_0170595553.html" id="EN-US_TOPIC_0170595553" originalId="EN-US_TOPIC_0170595553"/><file url="en-us_topic_0170595268.html" id="EN-US_TOPIC_0170595268" originalId="EN-US_TOPIC_0170595268"/><file url="en-us_topic_0170595417.html" id="EN-US_TOPIC_0170595417" originalId="EN-US_TOPIC_0170595417"/><file url="en-us_topic_0170595547.html" id="EN-US_TOPIC_0170595547" originalId="EN-US_TOPIC_0170595547"/><file url="en-us_topic_0170595449.html" id="EN-US_TOPIC_0170595449" originalId="EN-US_TOPIC_0170595449"/><file url="en-us_topic_0170595583.html" id="EN-US_TOPIC_0170595583" originalId="EN-US_TOPIC_0170595583"/><file url="en-us_topic_0170595452.html" id="EN-US_TOPIC_0170595452" originalId="EN-US_TOPIC_0170595452"/><file url="en-us_topic_0170595387.html" id="EN-US_TOPIC_0170595387" originalId="EN-US_TOPIC_0170595387"/><file url="en-us_topic_0170595513.html" id="EN-US_TOPIC_0170595513" originalId="EN-US_TOPIC_0170595513"/><file url="en-us_topic_0170595474.html" id="EN-US_TOPIC_0170595474" originalId="EN-US_TOPIC_0170595474"/><file url="en-us_topic_0170595515.html" id="EN-US_TOPIC_0170595515" originalId="EN-US_TOPIC_0170595515"/><file url="en-us_topic_0170595439.html" id="EN-US_TOPIC_0170595439" originalId="EN-US_TOPIC_0170595439"/><file url="en-us_topic_0170595433.html" id="EN-US_TOPIC_0170595433" originalId="EN-US_TOPIC_0170595433"/><file url="en-us_topic_0170595372.html" id="EN-US_TOPIC_0170595372" originalId="EN-US_TOPIC_0170595372"/><file url="en-us_topic_0170595277.html" id="EN-US_TOPIC_0170595277" originalId="EN-US_TOPIC_0170595277"/><file url="en-us_topic_0170595333.html" id="EN-US_TOPIC_0170595333" originalId="EN-US_TOPIC_0170595333"/><file url="en-us_topic_0170595293.html" id="EN-US_TOPIC_0170595293" originalId="EN-US_TOPIC_0170595293"/><file url="en-us_topic_0170595406.html" id="EN-US_TOPIC_0170595406" originalId="EN-US_TOPIC_0170595406"/><file url="en-us_topic_0170595412.html" id="EN-US_TOPIC_0170595412" originalId="EN-US_TOPIC_0170595412"/><file url="en-us_topic_0170595327.html" id="EN-US_TOPIC_0170595327" originalId="EN-US_TOPIC_0170595327"/><file url="en-us_topic_0170595258.html" id="EN-US_TOPIC_0170595258" originalId="EN-US_TOPIC_0170595258"/><file url="en-us_topic_0170595355.html" id="EN-US_TOPIC_0170595355" originalId="EN-US_TOPIC_0170595355"/><file url="en-us_topic_0183589921.html" id="EN-US_TOPIC_0183589921" originalId="EN-US_TOPIC_0183589921"/><file url="en-us_topic_0170595544.html" id="EN-US_TOPIC_0170595544" originalId="EN-US_TOPIC_0170595544"/><file url="en-us_topic_0170595366.html" id="EN-US_TOPIC_0170595366" originalId="EN-US_TOPIC_0170595366"/><file url="en-us_topic_0170595556.html" id="EN-US_TOPIC_0170595556" originalId="EN-US_TOPIC_0170595556"/><file url="en-us_topic_0170595500.html" id="EN-US_TOPIC_0170595500" originalId="EN-US_TOPIC_0170595500"/><file url="en-us_topic_0170595300.html" id="EN-US_TOPIC_0170595300" originalId="EN-US_TOPIC_0170595300"/><file url="en-us_topic_0170595463.html" id="EN-US_TOPIC_0170595463" originalId="EN-US_TOPIC_0170595463"/><file url="en-us_topic_0170595249.html" id="EN-US_TOPIC_0170595249" originalId="EN-US_TOPIC_0170595249"/><file url="en-us_topic_0170595247.html" id="EN-US_TOPIC_0170595247" originalId="EN-US_TOPIC_0170595247"/><file url="en-us_topic_0170595471.html" id="EN-US_TOPIC_0170595471" originalId="EN-US_TOPIC_0170595471"/><file url="en-us_topic_0170595436.html" id="EN-US_TOPIC_0170595436" originalId="EN-US_TOPIC_0170595436"/><file url="en-us_topic_0170595401.html" id="EN-US_TOPIC_0170595401" originalId="EN-US_TOPIC_0170595401"/><file url="en-us_topic_0170595301.html" id="EN-US_TOPIC_0170595301" originalId="EN-US_TOPIC_0170595301"/><file url="en-us_topic_0170595576.html" id="EN-US_TOPIC_0170595576" originalId="EN-US_TOPIC_0170595576"/><file url="en-us_topic_0170595478.html" id="EN-US_TOPIC_0170595478" originalId="EN-US_TOPIC_0170595478"/><file url="en-us_topic_0170595307.html" id="EN-US_TOPIC_0170595307" originalId="EN-US_TOPIC_0170595307"/><file url="en-us_topic_0170595568.html" id="EN-US_TOPIC_0170595568" originalId="EN-US_TOPIC_0170595568"/><file url="en-us_topic_0170595329.html" id="EN-US_TOPIC_0170595329" originalId="EN-US_TOPIC_0170595329"/><file url="en-us_topic_0170595587.html" id="EN-US_TOPIC_0170595587" originalId="EN-US_TOPIC_0170595587"/><file url="en-us_topic_0170595499.html" id="EN-US_TOPIC_0170595499" originalId="EN-US_TOPIC_0170595499"/><file url="en-us_topic_0170595491.html" id="EN-US_TOPIC_0170595491" originalId="EN-US_TOPIC_0170595491"/><file url="en-us_topic_0170595362.html" id="EN-US_TOPIC_0170595362" originalId="EN-US_TOPIC_0170595362"/><file url="en-us_topic_0170595565.html" id="EN-US_TOPIC_0170595565" originalId="EN-US_TOPIC_0170595565"/><file url="en-us_topic_0170595422.html" id="EN-US_TOPIC_0170595422" originalId="EN-US_TOPIC_0170595422"/><file url="en-us_topic_0170595528.html" id="EN-US_TOPIC_0170595528" originalId="EN-US_TOPIC_0170595528"/><file url="en-us_topic_0170595594.html" id="EN-US_TOPIC_0170595594" originalId="EN-US_TOPIC_0170595594"/><file url="en-us_topic_0170595502.html" id="EN-US_TOPIC_0170595502" originalId="EN-US_TOPIC_0170595502"/><file url="en-us_topic_0170595580.html" id="EN-US_TOPIC_0170595580" originalId="EN-US_TOPIC_0170595580"/><file url="en-us_topic_0170595596.html" id="EN-US_TOPIC_0170595596" originalId="EN-US_TOPIC_0170595596"/><file url="en-us_topic_0170595430.html" id="EN-US_TOPIC_0170595430" originalId="EN-US_TOPIC_0170595430"/><file url="en-us_topic_0170595291.html" id="EN-US_TOPIC_0170595291" originalId="EN-US_TOPIC_0170595291"/><file url="en-us_topic_0170595279.html" id="EN-US_TOPIC_0170595279" originalId="EN-US_TOPIC_0170595279"/><file url="en-us_topic_0170595602.html" id="EN-US_TOPIC_0170595602" originalId="EN-US_TOPIC_0170595602"/><file url="en-us_topic_0170595413.html" id="EN-US_TOPIC_0170595413" originalId="EN-US_TOPIC_0170595413"/><file url="en-us_topic_0170595516.html" id="EN-US_TOPIC_0170595516" originalId="EN-US_TOPIC_0170595516"/><file url="en-us_topic_0170595563.html" id="EN-US_TOPIC_0170595563" originalId="EN-US_TOPIC_0170595563"/><file url="en-us_topic_0170595339.html" id="EN-US_TOPIC_0170595339" originalId="EN-US_TOPIC_0170595339"/><file url="en-us_topic_0170595156.html" id="EN-US_TOPIC_0170595156" originalId="EN-US_TOPIC_0170595156"/><file url="en-us_topic_0170595284.html" id="EN-US_TOPIC_0170595284" originalId="EN-US_TOPIC_0170595284"/><file url="en-us_topic_0170595308.html" id="EN-US_TOPIC_0170595308" originalId="EN-US_TOPIC_0170595308"/><file url="en-us_topic_0170595375.html" id="EN-US_TOPIC_0170595375" originalId="EN-US_TOPIC_0170595375"/><file url="en-us_topic_0170595496.html" id="EN-US_TOPIC_0170595496" originalId="EN-US_TOPIC_0170595496"/><file url="en-us_topic_0170595353.html" id="EN-US_TOPIC_0170595353" originalId="EN-US_TOPIC_0170595353"/><file url="en-us_topic_0170595386.html" id="EN-US_TOPIC_0170595386" originalId="EN-US_TOPIC_0170595386"/><file url="en-us_topic_0170595566.html" id="EN-US_TOPIC_0170595566" originalId="EN-US_TOPIC_0170595566"/><file url="en-us_topic_0170595426.html" id="EN-US_TOPIC_0170595426" originalId="EN-US_TOPIC_0170595426"/><file url="en-us_topic_0170595376.html" id="EN-US_TOPIC_0170595376" originalId="EN-US_TOPIC_0170595376"/><file url="en-us_topic_0170595383.html" id="EN-US_TOPIC_0170595383" originalId="EN-US_TOPIC_0170595383"/><file url="en-us_topic_0170595378.html" id="EN-US_TOPIC_0170595378" originalId="EN-US_TOPIC_0170595378"/><file url="en-us_topic_0183297832.html" id="EN-US_TOPIC_0183297832" originalId="EN-US_TOPIC_0183297832"/><file url="en-us_topic_0184020571.html" id="EN-US_TOPIC_0184020571" originalId="EN-US_TOPIC_0184020571"/><file url="en-us_topic_0184163816.html" id="EN-US_TOPIC_0184163816" originalId="EN-US_TOPIC_0184163816"/><file url="en-us_topic_0184020572.html" id="EN-US_TOPIC_0184020572" originalId="EN-US_TOPIC_0184020572"/><file url="en-us_topic_0184020573.html" id="EN-US_TOPIC_0184020573" originalId="EN-US_TOPIC_0184020573"/><file url="en-us_topic_0184162289.html" id="EN-US_TOPIC_0184162289" originalId="EN-US_TOPIC_0184162289"/><file url="en-us_topic_0185346559.html" id="EN-US_TOPIC_0185346559" originalId="EN-US_TOPIC_0185346559"/><file url="en-us_topic_0184162290.html" id="EN-US_TOPIC_0184162290" originalId="EN-US_TOPIC_0184162290"/><file url="en-us_topic_0185346560.html" id="EN-US_TOPIC_0185346560" originalId="EN-US_TOPIC_0185346560"/><file url="en-us_topic_0170595448.html" id="EN-US_TOPIC_0170595448" originalId="EN-US_TOPIC_0170595448"/><file url="en-us_topic_0170595534.html" id="EN-US_TOPIC_0170595534" originalId="EN-US_TOPIC_0170595534"/><file url="en-us_topic_0170595347.html" id="EN-US_TOPIC_0170595347" originalId="EN-US_TOPIC_0170595347"/><file url="en-us_topic_0170595561.html" id="EN-US_TOPIC_0170595561" originalId="EN-US_TOPIC_0170595561"/><file url="en-us_topic_0170595571.html" id="EN-US_TOPIC_0170595571" originalId="EN-US_TOPIC_0170595571"/><file url="en-us_topic_0170595440.html" id="EN-US_TOPIC_0170595440" originalId="EN-US_TOPIC_0170595440"/><file url="en-us_topic_0170595278.html" id="EN-US_TOPIC_0170595278" originalId="EN-US_TOPIC_0170595278"/><file url="en-us_topic_0170595377.html" id="EN-US_TOPIC_0170595377" originalId="EN-US_TOPIC_0170595377"/><file url="en-us_topic_0170595444.html" id="EN-US_TOPIC_0170595444" originalId="EN-US_TOPIC_0170595444"/><file url="en-us_topic_0170595361.html" id="EN-US_TOPIC_0170595361" originalId="EN-US_TOPIC_0170595361"/><file url="en-us_topic_0170595584.html" id="EN-US_TOPIC_0170595584" originalId="EN-US_TOPIC_0170595584"/><file url="en-us_topic_0170595286.html" id="EN-US_TOPIC_0170595286" originalId="EN-US_TOPIC_0170595286"/><file url="en-us_topic_0170595411.html" id="EN-US_TOPIC_0170595411" originalId="EN-US_TOPIC_0170595411"/><file url="en-us_topic_0170595250.html" id="EN-US_TOPIC_0170595250" originalId="EN-US_TOPIC_0170595250"/><file url="en-us_topic_0170595427.html" id="EN-US_TOPIC_0170595427" originalId="EN-US_TOPIC_0170595427"/><file url="en-us_topic_0170595609.html" id="EN-US_TOPIC_0170595609" originalId="EN-US_TOPIC_0170595609"/><file url="en-us_topic_0170595419.html" id="EN-US_TOPIC_0170595419" originalId="EN-US_TOPIC_0170595419"/><file url="en-us_topic_0170595457.html" id="EN-US_TOPIC_0170595457" originalId="EN-US_TOPIC_0170595457"/><file url="en-us_topic_0170595292.html" id="EN-US_TOPIC_0170595292" originalId="EN-US_TOPIC_0170595292"/><file url="en-us_topic_0170595423.html" id="EN-US_TOPIC_0170595423" originalId="EN-US_TOPIC_0170595423"/><file url="en-us_topic_0170595153.html" id="EN-US_TOPIC_0170595153" originalId="EN-US_TOPIC_0170595153"/><file url="en-us_topic_0170595348.html" id="EN-US_TOPIC_0170595348" originalId="EN-US_TOPIC_0170595348"/><file url="en-us_topic_0170595490.html" id="EN-US_TOPIC_0170595490" originalId="EN-US_TOPIC_0170595490"/><file url="en-us_topic_0170595567.html" id="EN-US_TOPIC_0170595567" originalId="EN-US_TOPIC_0170595567"/><file url="en-us_topic_0170595384.html" id="EN-US_TOPIC_0170595384" originalId="EN-US_TOPIC_0170595384"/><file url="en-us_topic_0170595479.html" id="EN-US_TOPIC_0170595479" originalId="EN-US_TOPIC_0170595479"/><file url="en-us_topic_0170595601.html" id="EN-US_TOPIC_0170595601" originalId="EN-US_TOPIC_0170595601"/><file url="en-us_topic_0170595297.html" id="EN-US_TOPIC_0170595297" originalId="EN-US_TOPIC_0170595297"/><file url="en-us_topic_0170595261.html" id="EN-US_TOPIC_0170595261" originalId="EN-US_TOPIC_0170595261"/><file url="en-us_topic_0170595265.html" id="EN-US_TOPIC_0170595265" originalId="EN-US_TOPIC_0170595265"/><file url="en-us_topic_0170595546.html" id="EN-US_TOPIC_0170595546" originalId="EN-US_TOPIC_0170595546"/><file url="en-us_topic_0170595280.html" id="EN-US_TOPIC_0170595280" originalId="EN-US_TOPIC_0170595280"/><file url="en-us_topic_0170595543.html" id="EN-US_TOPIC_0170595543" originalId="EN-US_TOPIC_0170595543"/><file url="en-us_topic_0170595285.html" id="EN-US_TOPIC_0170595285" originalId="EN-US_TOPIC_0170595285"/><file url="en-us_topic_0170595488.html" id="EN-US_TOPIC_0170595488" originalId="EN-US_TOPIC_0170595488"/><file url="en-us_topic_0170595541.html" id="EN-US_TOPIC_0170595541" originalId="EN-US_TOPIC_0170595541"/><file url="en-us_topic_0170595262.html" id="EN-US_TOPIC_0170595262" originalId="EN-US_TOPIC_0170595262"/><file url="en-us_topic_0170595418.html" id="EN-US_TOPIC_0170595418" originalId="EN-US_TOPIC_0170595418"/><file url="en-us_topic_0170595545.html" id="EN-US_TOPIC_0170595545" originalId="EN-US_TOPIC_0170595545"/><file url="en-us_topic_0170595334.html" id="EN-US_TOPIC_0170595334" originalId="EN-US_TOPIC_0170595334"/><file url="en-us_topic_0170595325.html" id="EN-US_TOPIC_0170595325" originalId="EN-US_TOPIC_0170595325"/><file url="en-us_topic_0170595251.html" id="EN-US_TOPIC_0170595251" originalId="EN-US_TOPIC_0170595251"/><file url="en-us_topic_0170595357.html" id="EN-US_TOPIC_0170595357" originalId="EN-US_TOPIC_0170595357"/><file url="en-us_topic_0170595542.html" id="EN-US_TOPIC_0170595542" originalId="EN-US_TOPIC_0170595542"/><file url="en-us_topic_0170595578.html" id="EN-US_TOPIC_0170595578" originalId="EN-US_TOPIC_0170595578"/><file url="en-us_topic_0170595579.html" id="EN-US_TOPIC_0170595579" originalId="EN-US_TOPIC_0170595579"/><file url="en-us_topic_0170595319.html" id="EN-US_TOPIC_0170595319" originalId="EN-US_TOPIC_0170595319"/><file url="en-us_topic_0170595367.html" id="EN-US_TOPIC_0170595367" originalId="EN-US_TOPIC_0170595367"/><file url="en-us_topic_0170595311.html" id="EN-US_TOPIC_0170595311" originalId="EN-US_TOPIC_0170595311"/><file url="en-us_topic_0183603841.html" id="EN-US_TOPIC_0183603841" originalId="EN-US_TOPIC_0183603841"/><file url="en-us_topic_0183623035.html" id="EN-US_TOPIC_0183623035" originalId="EN-US_TOPIC_0183623035"/><file url="en-us_topic_0170595402.html" id="EN-US_TOPIC_0170595402" originalId="EN-US_TOPIC_0170595402"/><file url="en-us_topic_0170595295.html" id="EN-US_TOPIC_0170595295" originalId="EN-US_TOPIC_0170595295"/><file url="en-us_topic_0170595453.html" id="EN-US_TOPIC_0170595453" originalId="EN-US_TOPIC_0170595453"/><file url="en-us_topic_0170595315.html" id="EN-US_TOPIC_0170595315" originalId="EN-US_TOPIC_0170595315"/><file url="en-us_topic_0170595573.html" id="EN-US_TOPIC_0170595573" originalId="EN-US_TOPIC_0170595573"/><file url="en-us_topic_0170595605.html" id="EN-US_TOPIC_0170595605" originalId="EN-US_TOPIC_0170595605"/><file url="en-us_topic_0170595595.html" id="EN-US_TOPIC_0170595595" originalId="EN-US_TOPIC_0170595595"/><file url="en-us_topic_0170595282.html" id="EN-US_TOPIC_0170595282" originalId="EN-US_TOPIC_0170595282"/><file url="en-us_topic_0170595610.html" id="EN-US_TOPIC_0170595610" originalId="EN-US_TOPIC_0170595610"/><file url="en-us_topic_0170595503.html" id="EN-US_TOPIC_0170595503" originalId="EN-US_TOPIC_0170595503"/><file url="en-us_topic_0170595555.html" id="EN-US_TOPIC_0170595555" originalId="EN-US_TOPIC_0170595555"/><file url="en-us_topic_0170595540.html" id="EN-US_TOPIC_0170595540" originalId="EN-US_TOPIC_0170595540"/><file url="en-us_topic_0170595432.html" id="EN-US_TOPIC_0170595432" originalId="EN-US_TOPIC_0170595432"/><file url="en-us_topic_0170595380.html" id="EN-US_TOPIC_0170595380" originalId="EN-US_TOPIC_0170595380"/><file url="en-us_topic_0170595551.html" id="EN-US_TOPIC_0170595551" originalId="EN-US_TOPIC_0170595551"/><file url="en-us_topic_0170595480.html" id="EN-US_TOPIC_0170595480" originalId="EN-US_TOPIC_0170595480"/><file url="en-us_topic_0170595456.html" id="EN-US_TOPIC_0170595456" originalId="EN-US_TOPIC_0170595456"/><file url="en-us_topic_0170595323.html" id="EN-US_TOPIC_0170595323" originalId="EN-US_TOPIC_0170595323"/><file url="en-us_topic_0170595246.html" id="EN-US_TOPIC_0170595246" originalId="EN-US_TOPIC_0170595246"/><file url="en-us_topic_0170595535.html" id="EN-US_TOPIC_0170595535" originalId="EN-US_TOPIC_0170595535"/><file url="en-us_topic_0170595582.html" id="EN-US_TOPIC_0170595582" originalId="EN-US_TOPIC_0170595582"/><file url="en-us_topic_0170595326.html" id="EN-US_TOPIC_0170595326" originalId="EN-US_TOPIC_0170595326"/><file url="en-us_topic_0170595370.html" id="EN-US_TOPIC_0170595370" originalId="EN-US_TOPIC_0170595370"/><file url="en-us_topic_0170595484.html" id="EN-US_TOPIC_0170595484" originalId="EN-US_TOPIC_0170595484"/><file url="en-us_topic_0170595363.html" id="EN-US_TOPIC_0170595363" originalId="EN-US_TOPIC_0170595363"/><file url="en-us_topic_0170595520.html" id="EN-US_TOPIC_0170595520" originalId="EN-US_TOPIC_0170595520"/><file url="en-us_topic_0170595158.html" id="EN-US_TOPIC_0170595158" originalId="EN-US_TOPIC_0170595158"/><file url="en-us_topic_0170595495.html" id="EN-US_TOPIC_0170595495" originalId="EN-US_TOPIC_0170595495"/><file url="en-us_topic_0170595385.html" id="EN-US_TOPIC_0170595385" originalId="EN-US_TOPIC_0170595385"/><file url="en-us_topic_0185268329.html" id="EN-US_TOPIC_0185268329" originalId="EN-US_TOPIC_0185268329"/><file url="en-us_topic_0185256189.html" id="EN-US_TOPIC_0185256189" originalId="EN-US_TOPIC_0185256189"/><file url="en-us_topic_0183297833.html" id="EN-US_TOPIC_0183297833" originalId="EN-US_TOPIC_0183297833"/><file url="en-us_topic_0185205370.html" id="EN-US_TOPIC_0185205370" originalId="EN-US_TOPIC_0185205370"/><file url="en-us_topic_0185505080.html" id="EN-US_TOPIC_0185505080" originalId="EN-US_TOPIC_0185505080"/><file url="en-us_topic_0185205371.html" id="EN-US_TOPIC_0185205371" originalId="EN-US_TOPIC_0185205371"/><file url="en-us_topic_0185651083.html" id="EN-US_TOPIC_0185651083" originalId="EN-US_TOPIC_0185651083"/><file url="en-us_topic_0185205372.html" id="EN-US_TOPIC_0185205372" originalId="EN-US_TOPIC_0185205372"/><file url="en-us_topic_0185651084.html" id="EN-US_TOPIC_0185651084" originalId="EN-US_TOPIC_0185651084"/><file url="en-us_topic_0185653221.html" id="EN-US_TOPIC_0185653221" originalId="EN-US_TOPIC_0185653221"/><file url="en-us_topic_0185205373.html" id="EN-US_TOPIC_0185205373" originalId="EN-US_TOPIC_0185205373"/><file url="en-us_topic_0185205374.html" id="EN-US_TOPIC_0185205374" originalId="EN-US_TOPIC_0185205374"/><file url="en-us_topic_0185651085.html" id="EN-US_TOPIC_0185651085" originalId="EN-US_TOPIC_0185651085"/><file url="en-us_topic_0185205375.html" id="EN-US_TOPIC_0185205375" originalId="EN-US_TOPIC_0185205375"/><file url="en-us_topic_0185651086.html" id="EN-US_TOPIC_0185651086" originalId="EN-US_TOPIC_0185651086"/><file url="en-us_topic_0185205376.html" id="EN-US_TOPIC_0185205376" originalId="EN-US_TOPIC_0185205376"/><file url="en-us_topic_0185651087.html" id="EN-US_TOPIC_0185651087" originalId="EN-US_TOPIC_0185651087"/><file url="en-us_topic_0185205377.html" id="EN-US_TOPIC_0185205377" originalId="EN-US_TOPIC_0185205377"/><file url="en-us_topic_0183021060.html" id="EN-US_TOPIC_0183021060" originalId="EN-US_TOPIC_0183021060"/><file url="en-us_topic_0185205378.html" id="EN-US_TOPIC_0185205378" originalId="EN-US_TOPIC_0185205378"/><file url="en-us_topic_0185205379.html" id="EN-US_TOPIC_0185205379" originalId="EN-US_TOPIC_0185205379"/><file url="en-us_topic_0185651088.html" id="EN-US_TOPIC_0185651088" originalId="EN-US_TOPIC_0185651088"/><file url="en-us_topic_0170595441.html" id="EN-US_TOPIC_0170595441" originalId="EN-US_TOPIC_0170595441"/><file url="en-us_topic_0185205380.html" id="EN-US_TOPIC_0185205380" originalId="EN-US_TOPIC_0185205380"/><file url="en-us_topic_0185205381.html" id="EN-US_TOPIC_0185205381" originalId="EN-US_TOPIC_0185205381"/><file url="en-us_topic_0185205382.html" id="EN-US_TOPIC_0185205382" originalId="EN-US_TOPIC_0185205382"/><file url="en-us_topic_0185205383.html" id="EN-US_TOPIC_0185205383" originalId="EN-US_TOPIC_0185205383"/><file url="en-us_topic_0185205384.html" id="EN-US_TOPIC_0185205384" originalId="EN-US_TOPIC_0185205384"/><file url="en-us_topic_0185651584.html" id="EN-US_TOPIC_0185651584" originalId="EN-US_TOPIC_0185651584"/><file url="en-us_topic_0185653222.html" id="EN-US_TOPIC_0185653222" originalId="EN-US_TOPIC_0185653222"/><file url="en-us_topic_0185205385.html" id="EN-US_TOPIC_0185205385" originalId="EN-US_TOPIC_0185205385"/><file url="en-us_topic_0185205386.html" id="EN-US_TOPIC_0185205386" originalId="EN-US_TOPIC_0185205386"/><file url="en-us_topic_0185205387.html" id="EN-US_TOPIC_0185205387" originalId="EN-US_TOPIC_0185205387"/><file url="en-us_topic_0170595492.html" id="EN-US_TOPIC_0170595492" originalId="EN-US_TOPIC_0170595492"/><file url="en-us_topic_0170595437.html" id="EN-US_TOPIC_0170595437" originalId="EN-US_TOPIC_0170595437"/><file url="en-us_topic_0170595391.html" id="EN-US_TOPIC_0170595391" originalId="EN-US_TOPIC_0170595391"/><file url="en-us_topic_0170595600.html" id="EN-US_TOPIC_0170595600" originalId="EN-US_TOPIC_0170595600"/><file url="en-us_topic_0170595350.html" id="EN-US_TOPIC_0170595350" originalId="EN-US_TOPIC_0170595350"/><file url="en-us_topic_0170595415.html" id="EN-US_TOPIC_0170595415" originalId="EN-US_TOPIC_0170595415"/><file url="en-us_topic_0170595388.html" id="EN-US_TOPIC_0170595388" originalId="EN-US_TOPIC_0170595388"/><file url="en-us_topic_0170595298.html" id="EN-US_TOPIC_0170595298" originalId="EN-US_TOPIC_0170595298"/><file url="en-us_topic_0170595283.html" id="EN-US_TOPIC_0170595283" originalId="EN-US_TOPIC_0170595283"/><file url="en-us_topic_0170595524.html" id="EN-US_TOPIC_0170595524" originalId="EN-US_TOPIC_0170595524"/><file url="en-us_topic_0170595393.html" id="EN-US_TOPIC_0170595393" originalId="EN-US_TOPIC_0170595393"/><file url="en-us_topic_0170595394.html" id="EN-US_TOPIC_0170595394" originalId="EN-US_TOPIC_0170595394"/><file url="en-us_topic_0170595344.html" id="EN-US_TOPIC_0170595344" originalId="EN-US_TOPIC_0170595344"/><file url="en-us_topic_0170595469.html" id="EN-US_TOPIC_0170595469" originalId="EN-US_TOPIC_0170595469"/><file url="en-us_topic_0170595445.html" id="EN-US_TOPIC_0170595445" originalId="EN-US_TOPIC_0170595445"/><file url="en-us_topic_0170595151.html" id="EN-US_TOPIC_0170595151" originalId="EN-US_TOPIC_0170595151"/><file url="en-us_topic_0183019749.html" id="EN-US_TOPIC_0183019749" originalId="EN-US_TOPIC_0183019749"/><file url="en-us_topic_0183028227.html" id="EN-US_TOPIC_0183028227" originalId="EN-US_TOPIC_0183028227"/><file url="en-us_topic_0183028228.html" id="EN-US_TOPIC_0183028228" originalId="EN-US_TOPIC_0183028228"/><file url="en-us_topic_0183019750.html" id="EN-US_TOPIC_0183019750" originalId="EN-US_TOPIC_0183019750"/><file url="en-us_topic_0183021081.html" id="EN-US_TOPIC_0183021081" originalId="EN-US_TOPIC_0183021081"/><file url="en-us_topic_0183019751.html" id="EN-US_TOPIC_0183019751" originalId="EN-US_TOPIC_0183019751"/><file url="en-us_topic_0183021082.html" id="EN-US_TOPIC_0183021082" originalId="EN-US_TOPIC_0183021082"/><file url="en-us_topic_0183021083.html" id="EN-US_TOPIC_0183021083" originalId="EN-US_TOPIC_0183021083"/><file url="en-us_topic_0170595330.html" id="EN-US_TOPIC_0170595330" originalId="EN-US_TOPIC_0170595330"/><file url="en-us_topic_0170595482.html" id="EN-US_TOPIC_0170595482" originalId="EN-US_TOPIC_0170595482"/><file url="en-us_topic_0170595390.html" id="EN-US_TOPIC_0170595390" originalId="EN-US_TOPIC_0170595390"/><file url="en-us_topic_0170595351.html" id="EN-US_TOPIC_0170595351" originalId="EN-US_TOPIC_0170595351"/><file url="en-us_topic_0170595356.html" id="EN-US_TOPIC_0170595356" originalId="EN-US_TOPIC_0170595356"/><file url="en-us_topic_0170595552.html" id="EN-US_TOPIC_0170595552" originalId="EN-US_TOPIC_0170595552"/><file url="en-us_topic_0170595536.html" id="EN-US_TOPIC_0170595536" originalId="EN-US_TOPIC_0170595536"/><file url="en-us_topic_0170595340.html" id="EN-US_TOPIC_0170595340" originalId="EN-US_TOPIC_0170595340"/><file url="en-us_topic_0170595360.html" id="EN-US_TOPIC_0170595360" originalId="EN-US_TOPIC_0170595360"/><file url="en-us_topic_0170595396.html" id="EN-US_TOPIC_0170595396" originalId="EN-US_TOPIC_0170595396"/><file url="en-us_topic_0170595518.html" id="EN-US_TOPIC_0170595518" originalId="EN-US_TOPIC_0170595518"/><file url="en-us_topic_0170595371.html" id="EN-US_TOPIC_0170595371" originalId="EN-US_TOPIC_0170595371"/><file url="en-us_topic_0183450709.html" id="EN-US_TOPIC_0183450709" originalId="EN-US_TOPIC_0183450709"/><file url="en-us_topic_0183471231.html" id="EN-US_TOPIC_0183471231" originalId="EN-US_TOPIC_0183471231"/><file url="en-us_topic_0183471232.html" id="EN-US_TOPIC_0183471232" originalId="EN-US_TOPIC_0183471232"/><file url="en-us_topic_0170595446.html" id="EN-US_TOPIC_0170595446" originalId="EN-US_TOPIC_0170595446"/><file url="en-us_topic_0170595548.html" id="EN-US_TOPIC_0170595548" originalId="EN-US_TOPIC_0170595548"/><file url="en-us_topic_0170595346.html" id="EN-US_TOPIC_0170595346" originalId="EN-US_TOPIC_0170595346"/><file url="en-us_topic_0170595611.html" id="EN-US_TOPIC_0170595611" originalId="EN-US_TOPIC_0170595611"/><file url="en-us_topic_0170595287.html" id="EN-US_TOPIC_0170595287" originalId="EN-US_TOPIC_0170595287"/><file url="en-us_topic_0170595521.html" id="EN-US_TOPIC_0170595521" originalId="EN-US_TOPIC_0170595521"/><file url="en-us_topic_0170595526.html" id="EN-US_TOPIC_0170595526" originalId="EN-US_TOPIC_0170595526"/><file url="en-us_topic_0170595324.html" id="EN-US_TOPIC_0170595324" originalId="EN-US_TOPIC_0170595324"/><file url="en-us_topic_0170595554.html" id="EN-US_TOPIC_0170595554" originalId="EN-US_TOPIC_0170595554"/><file url="en-us_topic_0170595328.html" id="EN-US_TOPIC_0170595328" originalId="EN-US_TOPIC_0170595328"/><file url="en-us_topic_0170595242.html" id="EN-US_TOPIC_0170595242" originalId="EN-US_TOPIC_0170595242"/><file url="en-us_topic_0170595590.html" id="EN-US_TOPIC_0170595590" originalId="EN-US_TOPIC_0170595590"/><file url="en-us_topic_0170595259.html" id="EN-US_TOPIC_0170595259" originalId="EN-US_TOPIC_0170595259"/><file url="en-us_topic_0183764776.html" id="EN-US_TOPIC_0183764776" originalId="EN-US_TOPIC_0183764776"/><file url="en-us_topic_0170595421.html" id="EN-US_TOPIC_0170595421" originalId="EN-US_TOPIC_0170595421"/><file url="en-us_topic_0170595586.html" id="EN-US_TOPIC_0170595586" originalId="EN-US_TOPIC_0170595586"/><file url="en-us_topic_0170595588.html" id="EN-US_TOPIC_0170595588" originalId="EN-US_TOPIC_0170595588"/><file url="en-us_topic_0170595585.html" id="EN-US_TOPIC_0170595585" originalId="EN-US_TOPIC_0170595585"/><file url="en-us_topic_0170595272.html" id="EN-US_TOPIC_0170595272" originalId="EN-US_TOPIC_0170595272"/><file url="en-us_topic_0170595428.html" id="EN-US_TOPIC_0170595428" originalId="EN-US_TOPIC_0170595428"/><file url="en-us_topic_0170595312.html" id="EN-US_TOPIC_0170595312" originalId="EN-US_TOPIC_0170595312"/><file url="en-us_topic_0170595264.html" id="EN-US_TOPIC_0170595264" originalId="EN-US_TOPIC_0170595264"/><file url="en-us_topic_0170595349.html" id="EN-US_TOPIC_0170595349" originalId="EN-US_TOPIC_0170595349"/><file url="en-us_topic_0170595343.html" id="EN-US_TOPIC_0170595343" originalId="EN-US_TOPIC_0170595343"/><file url="en-us_topic_0170595493.html" id="EN-US_TOPIC_0170595493" originalId="EN-US_TOPIC_0170595493"/><file url="en-us_topic_0170595442.html" id="EN-US_TOPIC_0170595442" originalId="EN-US_TOPIC_0170595442"/><file url="en-us_topic_0184163814.html" id="EN-US_TOPIC_0184163814" originalId="EN-US_TOPIC_0184163814"/><file url="en-us_topic_0170595522.html" id="EN-US_TOPIC_0170595522" originalId="EN-US_TOPIC_0170595522"/><file url="en-us_topic_0170595269.html" id="EN-US_TOPIC_0170595269" originalId="EN-US_TOPIC_0170595269"/><file url="en-us_topic_0170595537.html" id="EN-US_TOPIC_0170595537" originalId="EN-US_TOPIC_0170595537"/><file url="en-us_topic_0170595245.html" id="EN-US_TOPIC_0170595245" originalId="EN-US_TOPIC_0170595245"/><file url="en-us_topic_0170595461.html" id="EN-US_TOPIC_0170595461" originalId="EN-US_TOPIC_0170595461"/><file url="en-us_topic_0170595532.html" id="EN-US_TOPIC_0170595532" originalId="EN-US_TOPIC_0170595532"/><file url="en-us_topic_0170595467.html" id="EN-US_TOPIC_0170595467" originalId="EN-US_TOPIC_0170595467"/><file url="en-us_topic_0170595539.html" id="EN-US_TOPIC_0170595539" originalId="EN-US_TOPIC_0170595539"/><file url="en-us_topic_0170595368.html" id="EN-US_TOPIC_0170595368" originalId="EN-US_TOPIC_0170595368"/><file url="en-us_topic_0170595485.html" id="EN-US_TOPIC_0170595485" originalId="EN-US_TOPIC_0170595485"/><file url="en-us_topic_0170595431.html" id="EN-US_TOPIC_0170595431" originalId="EN-US_TOPIC_0170595431"/><file url="en-us_topic_0170595608.html" id="EN-US_TOPIC_0170595608" originalId="EN-US_TOPIC_0170595608"/><file url="en-us_topic_0170595455.html" id="EN-US_TOPIC_0170595455" originalId="EN-US_TOPIC_0170595455"/><file url="en-us_topic_0170595465.html" id="EN-US_TOPIC_0170595465" originalId="EN-US_TOPIC_0170595465"/><file url="en-us_topic_0170595466.html" id="EN-US_TOPIC_0170595466" originalId="EN-US_TOPIC_0170595466"/><file url="en-us_topic_0170595598.html" id="EN-US_TOPIC_0170595598" originalId="EN-US_TOPIC_0170595598"/><file url="en-us_topic_0170595395.html" id="EN-US_TOPIC_0170595395" originalId="EN-US_TOPIC_0170595395"/><file url="en-us_topic_0170595322.html" id="EN-US_TOPIC_0170595322" originalId="EN-US_TOPIC_0170595322"/><file url="en-us_topic_0170595294.html" id="EN-US_TOPIC_0170595294" originalId="EN-US_TOPIC_0170595294"/><file url="en-us_topic_0170595304.html" id="EN-US_TOPIC_0170595304" originalId="EN-US_TOPIC_0170595304"/><file url="en-us_topic_0170595374.html" id="EN-US_TOPIC_0170595374" originalId="EN-US_TOPIC_0170595374"/><file url="en-us_topic_0170595462.html" id="EN-US_TOPIC_0170595462" originalId="EN-US_TOPIC_0170595462"/><file url="en-us_topic_0170595305.html" id="EN-US_TOPIC_0170595305" originalId="EN-US_TOPIC_0170595305"/><file url="en-us_topic_0170595341.html" id="EN-US_TOPIC_0170595341" originalId="EN-US_TOPIC_0170595341"/><file url="en-us_topic_0170595392.html" id="EN-US_TOPIC_0170595392" originalId="EN-US_TOPIC_0170595392"/><file url="en-us_topic_0170595459.html" id="EN-US_TOPIC_0170595459" originalId="EN-US_TOPIC_0170595459"/><file url="en-us_topic_0170595310.html" id="EN-US_TOPIC_0170595310" originalId="EN-US_TOPIC_0170595310"/><file url="en-us_topic_0170595252.html" id="EN-US_TOPIC_0170595252" originalId="EN-US_TOPIC_0170595252"/><file url="en-us_topic_0170595425.html" id="EN-US_TOPIC_0170595425" originalId="EN-US_TOPIC_0170595425"/><file url="en-us_topic_0170595558.html" id="EN-US_TOPIC_0170595558" originalId="EN-US_TOPIC_0170595558"/><file url="en-us_topic_0170595365.html" id="EN-US_TOPIC_0170595365" originalId="EN-US_TOPIC_0170595365"/><file url="en-us_topic_0170595257.html" id="EN-US_TOPIC_0170595257" originalId="EN-US_TOPIC_0170595257"/><file url="en-us_topic_0170595313.html" id="EN-US_TOPIC_0170595313" originalId="EN-US_TOPIC_0170595313"/><file url="en-us_topic_0170595260.html" id="EN-US_TOPIC_0170595260" originalId="EN-US_TOPIC_0170595260"/><file url="en-us_topic_0170595273.html" id="EN-US_TOPIC_0170595273" originalId="EN-US_TOPIC_0170595273"/><file url="en-us_topic_0170595404.html" id="EN-US_TOPIC_0170595404" originalId="EN-US_TOPIC_0170595404"/><file url="en-us_topic_0170595475.html" id="EN-US_TOPIC_0170595475" originalId="EN-US_TOPIC_0170595475"/><file url="en-us_topic_0170595338.html" id="EN-US_TOPIC_0170595338" originalId="EN-US_TOPIC_0170595338"/><file url="en-us_topic_0170595159.html" id="EN-US_TOPIC_0170595159" originalId="EN-US_TOPIC_0170595159"/><file url="en-us_topic_0170595597.html" id="EN-US_TOPIC_0170595597" originalId="EN-US_TOPIC_0170595597"/><file url="en-us_topic_0170595149.html" id="EN-US_TOPIC_0170595149" originalId="EN-US_TOPIC_0170595149"/><file url="en-us_topic_0170595604.html" id="EN-US_TOPIC_0170595604" originalId="EN-US_TOPIC_0170595604"/><file url="en-us_topic_0170595538.html" id="EN-US_TOPIC_0170595538" originalId="EN-US_TOPIC_0170595538"/><file url="en-us_topic_0170595533.html" id="EN-US_TOPIC_0170595533" originalId="EN-US_TOPIC_0170595533"/><file url="en-us_topic_0170595593.html" id="EN-US_TOPIC_0170595593" originalId="EN-US_TOPIC_0170595593"/><file url="en-us_topic_0170595577.html" id="EN-US_TOPIC_0170595577" originalId="EN-US_TOPIC_0170595577"/><file url="en-us_topic_0170595504.html" id="EN-US_TOPIC_0170595504" originalId="EN-US_TOPIC_0170595504"/><file url="en-us_topic_0170595150.html" id="EN-US_TOPIC_0170595150" originalId="EN-US_TOPIC_0170595150"/><file url="en-us_topic_0170595399.html" id="EN-US_TOPIC_0170595399" originalId="EN-US_TOPIC_0170595399"/><file url="en-us_topic_0170595550.html" id="EN-US_TOPIC_0170595550" originalId="EN-US_TOPIC_0170595550"/><file url="en-us_topic_0184163815.html" id="EN-US_TOPIC_0184163815" originalId="EN-US_TOPIC_0184163815"/><file url="en-us_topic_0170595318.html" id="EN-US_TOPIC_0170595318" originalId="EN-US_TOPIC_0170595318"/><file url="en-us_topic_0179575980.html" id="EN-US_TOPIC_0179575980" originalId="EN-US_TOPIC_0179575980"/><file url="en-us_topic_0179576001.html" id="EN-US_TOPIC_0179576001" originalId="EN-US_TOPIC_0179576001"/></files>