<?xml version="1.0" encoding="UTF-8"?>
<root><item number="EN-US_TOPIC_0185653222" projectid="896642361" sourceprojectid="" version="A-1.1" baseline="" type="topic" sourcemapnum="EN-US_BOOKMAP_0170595359" sourcemapversion="A-1.225"/><item number="EN-US_TOPIC_0185653221" projectid="896642361" sourceprojectid="" version="A-1.1" baseline="" type="topic" sourcemapnum="EN-US_BOOKMAP_0170595359" sourcemapversion="A-1.225"/><item number="EN-US_TOPIC_0185651584" projectid="896642361" sourceprojectid="" version="A-1.1" baseline="" type="topic" sourcemapnum="EN-US_BOOKMAP_0170595359" sourcemapversion="A-1.225"/><item number="EN-US_TOPIC_0185651088" projectid="896642361" sourceprojectid="" version="A-1.1" baseline="" type="topic" sourcemapnum="EN-US_BOOKMAP_0170595359" sourcemapversion="A-1.225"/><item number="EN-US_TOPIC_0185651087" projectid="896642361" sourceprojectid="" version="A-1.1" baseline="" type="topic" sourcemapnum="EN-US_BOOKMAP_0170595359" sourcemapversion="A-1.225"/><item number="EN-US_TOPIC_0185651086" projectid="896642361" sourceprojectid="" version="A-1.1" baseline="" type="topic" sourcemapnum="EN-US_BOOKMAP_0170595359" sourcemapversion="A-1.225"/><item number="EN-US_TOPIC_0185651085" projectid="896642361" sourceprojectid="" version="A-1.1" baseline="" type="topic" sourcemapnum="EN-US_BOOKMAP_0170595359" sourcemapversion="A-1.225"/><item number="EN-US_TOPIC_0185651084" projectid="896642361" sourceprojectid="" version="A-1.1" baseline="" type="topic" sourcemapnum="EN-US_BOOKMAP_0170595359" sourcemapversion="A-1.225"/><item number="EN-US_TOPIC_0185651083" projectid="896642361" sourceprojectid="" version="A-1.1" baseline="" type="topic" sourcemapnum="EN-US_BOOKMAP_0170595359" sourcemapversion="A-1.225"/><item number="EN-US_TOPIC_0185505080" projectid="896642361" sourceprojectid="" version="A-1.1" baseline="" type="topic" sourcemapnum="EN-US_BOOKMAP_0170595359" sourcemapversion="A-1.225"/><item number="EN-US_TOPIC_0185346560" projectid="896642361" sourceprojectid="" version="A-1.1" baseline="" type="topic" sourcemapnum="EN-US_BOOKMAP_0170595359" sourcemapversion="A-1.225"/><item number="EN-US_TOPIC_0185346559" projectid="896642361" sourceprojectid="" version="A-1.1" baseline="" type="topic" sourcemapnum="EN-US_BOOKMAP_0170595359" sourcemapversion="A-1.225"/><item number="EN-US_TOPIC_0185268329" projectid="896642361" sourceprojectid="" version="A-1.1" baseline="" type="topic" sourcemapnum="EN-US_BOOKMAP_0170595359" sourcemapversion="A-1.225"/><item number="EN-US_TOPIC_0185256189" projectid="896642361" sourceprojectid="" version="A-1.1" baseline="" type="topic" sourcemapnum="EN-US_BOOKMAP_0170595359" sourcemapversion="A-1.225"/><item number="EN-US_TOPIC_0185205387" projectid="896642361" sourceprojectid="" version="A-1.1" baseline="" type="topic" sourcemapnum="EN-US_BOOKMAP_0170595359" sourcemapversion="A-1.225"/><item number="EN-US_TOPIC_0185205386" projectid="896642361" sourceprojectid="" version="A-1.1" baseline="" type="topic" sourcemapnum="EN-US_BOOKMAP_0170595359" sourcemapversion="A-1.225"/><item number="EN-US_TOPIC_0185205385" projectid="896642361" sourceprojectid="" version="A-1.1" baseline="" type="topic" sourcemapnum="EN-US_BOOKMAP_0170595359" sourcemapversion="A-1.225"/><item number="EN-US_TOPIC_0185205384" projectid="896642361" sourceprojectid="" version="A-1.1" baseline="" type="topic" sourcemapnum="EN-US_BOOKMAP_0170595359" sourcemapversion="A-1.225"/><item number="EN-US_TOPIC_0185205383" projectid="896642361" sourceprojectid="" version="A-1.1" baseline="" type="topic" sourcemapnum="EN-US_BOOKMAP_0170595359" sourcemapversion="A-1.225"/><item number="EN-US_TOPIC_0185205382" projectid="896642361" sourceprojectid="" version="A-1.1" baseline="" type="topic" sourcemapnum="EN-US_BOOKMAP_0170595359" sourcemapversion="A-1.225"/><item number="EN-US_TOPIC_0185205381" projectid="896642361" sourceprojectid="" version="A-1.1" baseline="" type="topic" sourcemapnum="EN-US_BOOKMAP_0170595359" sourcemapversion="A-1.225"/><item number="EN-US_TOPIC_0185205380" projectid="896642361" sourceprojectid="" version="A-1.1" baseline="" type="topic" sourcemapnum="EN-US_BOOKMAP_0170595359" sourcemapversion="A-1.225"/><item number="EN-US_TOPIC_0185205379" projectid="896642361" sourceprojectid="" version="A-1.1" baseline="" type="topic" sourcemapnum="EN-US_BOOKMAP_0170595359" sourcemapversion="A-1.225"/><item number="EN-US_TOPIC_0185205378" projectid="896642361" sourceprojectid="" version="A-1.1" baseline="" type="topic" sourcemapnum="EN-US_BOOKMAP_0170595359" sourcemapversion="A-1.225"/><item number="EN-US_TOPIC_0185205377" projectid="896642361" sourceprojectid="" version="A-1.1" baseline="" type="topic" sourcemapnum="EN-US_BOOKMAP_0170595359" sourcemapversion="A-1.225"/><item number="EN-US_TOPIC_0185205376" projectid="896642361" sourceprojectid="" version="A-1.1" baseline="" type="topic" sourcemapnum="EN-US_BOOKMAP_0170595359" sourcemapversion="A-1.225"/><item number="EN-US_TOPIC_0185205375" projectid="896642361" sourceprojectid="" version="A-1.1" baseline="" type="topic" sourcemapnum="EN-US_BOOKMAP_0170595359" sourcemapversion="A-1.225"/><item number="EN-US_TOPIC_0185205374" projectid="896642361" sourceprojectid="" version="A-1.1" baseline="" type="topic" sourcemapnum="EN-US_BOOKMAP_0170595359" sourcemapversion="A-1.225"/><item number="EN-US_TOPIC_0185205373" projectid="896642361" sourceprojectid="" version="A-1.1" baseline="" type="topic" sourcemapnum="EN-US_BOOKMAP_0170595359" sourcemapversion="A-1.225"/><item number="EN-US_TOPIC_0185205372" projectid="896642361" sourceprojectid="" version="A-1.1" baseline="" type="topic" sourcemapnum="EN-US_BOOKMAP_0170595359" sourcemapversion="A-1.225"/><item number="EN-US_TOPIC_0185205371" projectid="896642361" sourceprojectid="" version="A-1.1" baseline="" type="topic" sourcemapnum="EN-US_BOOKMAP_0170595359" sourcemapversion="A-1.225"/><item number="EN-US_TOPIC_0185205370" projectid="896642361" sourceprojectid="" version="A-1.1" baseline="" type="topic" sourcemapnum="EN-US_BOOKMAP_0170595359" sourcemapversion="A-1.225"/><item number="EN-US_TOPIC_0184163816" projectid="896642361" sourceprojectid="" version="A-1.1" baseline="" type="topic" sourcemapnum="EN-US_BOOKMAP_0170595359" sourcemapversion="A-1.225"/><item number="EN-US_TOPIC_0184163815" projectid="896642361" sourceprojectid="" version="A-1.1" baseline="" type="topic" sourcemapnum="EN-US_BOOKMAP_0170595359" sourcemapversion="A-1.225"/><item number="EN-US_TOPIC_0184163814" projectid="896642361" sourceprojectid="" version="A-1.1" baseline="" type="topic" sourcemapnum="EN-US_BOOKMAP_0170595359" sourcemapversion="A-1.225"/><item number="EN-US_TOPIC_0184162290" projectid="896642361" sourceprojectid="" version="A-1.10" baseline="" type="topic" sourcemapnum="EN-US_BOOKMAP_0170595359" sourcemapversion="A-1.225"/><item number="EN-US_TOPIC_0184162289" projectid="896642361" sourceprojectid="" version="A-1.8" baseline="" type="topic" sourcemapnum="EN-US_BOOKMAP_0170595359" sourcemapversion="A-1.225"/><item number="EN-US_TOPIC_0184020573" projectid="896642361" sourceprojectid="" version="A-1.8" baseline="" type="topic" sourcemapnum="EN-US_BOOKMAP_0170595359" sourcemapversion="A-1.225"/><item number="EN-US_TOPIC_0184020572" projectid="896642361" sourceprojectid="" version="A-1.11" baseline="" type="topic" sourcemapnum="EN-US_BOOKMAP_0170595359" sourcemapversion="A-1.225"/><item number="EN-US_TOPIC_0184020571" projectid="896642361" sourceprojectid="" version="A-1.15" baseline="" type="topic" sourcemapnum="EN-US_BOOKMAP_0170595359" sourcemapversion="A-1.225"/><item number="EN-US_TOPIC_0183764776" projectid="896642361" sourceprojectid="" version="A-1.1" baseline="" type="topic" sourcemapnum="EN-US_BOOKMAP_0170595359" sourcemapversion="A-1.225"/><item number="EN-US_TOPIC_0183623035" projectid="896642361" sourceprojectid="" version="A-1.1" baseline="" type="topic" sourcemapnum="EN-US_BOOKMAP_0170595359" sourcemapversion="A-1.225"/><item number="EN-US_TOPIC_0183603841" projectid="896642361" sourceprojectid="" version="A-1.1" baseline="" type="topic" sourcemapnum="EN-US_BOOKMAP_0170595359" sourcemapversion="A-1.225"/><item number="EN-US_TOPIC_0183589921" projectid="896642361" sourceprojectid="" version="A-1.1" baseline="" type="topic" sourcemapnum="EN-US_BOOKMAP_0170595359" sourcemapversion="A-1.225"/><item number="EN-US_TOPIC_0183471232" projectid="896642361" sourceprojectid="" version="A-1.1" baseline="" type="topic" sourcemapnum="EN-US_BOOKMAP_0170595359" sourcemapversion="A-1.225"/><item number="EN-US_TOPIC_0183471231" projectid="896642361" sourceprojectid="" version="A-1.1" baseline="" type="topic" sourcemapnum="EN-US_BOOKMAP_0170595359" sourcemapversion="A-1.225"/><item number="EN-US_TOPIC_0183450709" projectid="896642361" sourceprojectid="" version="A-1.1" baseline="" type="topic" sourcemapnum="EN-US_BOOKMAP_0170595359" sourcemapversion="A-1.225"/><item number="EN-US_TOPIC_0183297833" projectid="896642361" sourceprojectid="" version="A-1.1" baseline="" type="topic" sourcemapnum="EN-US_BOOKMAP_0170595359" sourcemapversion="A-1.225"/><item number="EN-US_TOPIC_0183297832" projectid="896642361" sourceprojectid="" version="A-1.2" baseline="" type="topic" sourcemapnum="EN-US_BOOKMAP_0170595359" sourcemapversion="A-1.225"/><item number="EN-US_TOPIC_0183028228" projectid="896642361" sourceprojectid="" version="A-1.1" baseline="" type="topic" sourcemapnum="EN-US_BOOKMAP_0170595359" sourcemapversion="A-1.225"/><item number="EN-US_TOPIC_0183028227" projectid="896642361" sourceprojectid="" version="A-1.1" baseline="" type="topic" sourcemapnum="EN-US_BOOKMAP_0170595359" sourcemapversion="A-1.225"/><item number="EN-US_TOPIC_0183021083" projectid="896642361" sourceprojectid="" version="A-1.1" baseline="" type="topic" sourcemapnum="EN-US_BOOKMAP_0170595359" sourcemapversion="A-1.225"/><item number="EN-US_TOPIC_0183021082" projectid="896642361" sourceprojectid="" version="A-1.1" baseline="" type="topic" sourcemapnum="EN-US_BOOKMAP_0170595359" sourcemapversion="A-1.225"/><item number="EN-US_TOPIC_0183021081" projectid="896642361" sourceprojectid="" version="A-1.1" baseline="" type="topic" sourcemapnum="EN-US_BOOKMAP_0170595359" sourcemapversion="A-1.225"/><item number="EN-US_TOPIC_0183021060" projectid="896642361" sourceprojectid="" version="A-1.1" baseline="" type="topic" sourcemapnum="EN-US_BOOKMAP_0170595359" sourcemapversion="A-1.225"/><item number="EN-US_TOPIC_0183019751" projectid="896642361" sourceprojectid="" version="A-1.1" baseline="" type="topic" sourcemapnum="EN-US_BOOKMAP_0170595359" sourcemapversion="A-1.225"/><item number="EN-US_TOPIC_0183019750" projectid="896642361" sourceprojectid="" version="A-1.1" baseline="" type="topic" sourcemapnum="EN-US_BOOKMAP_0170595359" sourcemapversion="A-1.225"/><item number="EN-US_TOPIC_0183019749" projectid="896642361" sourceprojectid="" version="A-1.1" baseline="" type="topic" sourcemapnum="EN-US_BOOKMAP_0170595359" sourcemapversion="A-1.225"/><item number="EN-US_TOPIC_0179576001" projectid="896642361" sourceprojectid="" version="A-1.28" baseline="" type="topic" sourcemapnum="EN-US_BOOKMAP_0170595359" sourcemapversion="A-1.225"/><item number="EN-US_TOPIC_0179575980" projectid="896642361" sourceprojectid="" version="A-1.2" baseline="" type="topic" sourcemapnum="EN-US_BOOKMAP_0170595359" sourcemapversion="A-1.225"/><item number="EN-US_TOPIC_0170595611" projectid="896642361" sourceprojectid="" version="A-1.1" baseline="" type="topic" sourcemapnum="EN-US_BOOKMAP_0170595359" sourcemapversion="A-1.225"/><item number="EN-US_TOPIC_0170595610" projectid="896642361" sourceprojectid="" version="A-1.1" baseline="" type="topic" sourcemapnum="EN-US_BOOKMAP_0170595359" sourcemapversion="A-1.225"/><item number="EN-US_TOPIC_0170595609" projectid="896642361" sourceprojectid="" version="A-1.1" baseline="" type="topic" sourcemapnum="EN-US_BOOKMAP_0170595359" sourcemapversion="A-1.225"/><item number="EN-US_TOPIC_0170595608" projectid="896642361" sourceprojectid="" version="A-1.1" baseline="" type="topic" sourcemapnum="EN-US_BOOKMAP_0170595359" sourcemapversion="A-1.225"/><item number="EN-US_TOPIC_0170595605" projectid="896642361" sourceprojectid="" version="A-1.1" baseline="" type="topic" sourcemapnum="EN-US_BOOKMAP_0170595359" sourcemapversion="A-1.225"/><item number="EN-US_TOPIC_0170595604" projectid="896642361" sourceprojectid="" version="A-1.1" baseline="" type="topic" sourcemapnum="EN-US_BOOKMAP_0170595359" sourcemapversion="A-1.225"/><item number="EN-US_TOPIC_0170595602" projectid="896642361" sourceprojectid="" version="A-1.1" baseline="" type="topic" sourcemapnum="EN-US_BOOKMAP_0170595359" sourcemapversion="A-1.225"/><item number="EN-US_TOPIC_0170595601" projectid="896642361" sourceprojectid="" version="A-1.1" baseline="" type="topic" sourcemapnum="EN-US_BOOKMAP_0170595359" sourcemapversion="A-1.225"/><item number="EN-US_TOPIC_0170595600" projectid="896642361" sourceprojectid="" version="A-1.1" baseline="" type="topic" sourcemapnum="EN-US_BOOKMAP_0170595359" sourcemapversion="A-1.225"/><item number="EN-US_TOPIC_0170595598" projectid="896642361" sourceprojectid="" version="A-1.1" baseline="" type="topic" sourcemapnum="EN-US_BOOKMAP_0170595359" sourcemapversion="A-1.225"/><item number="EN-US_TOPIC_0170595597" projectid="896642361" sourceprojectid="" version="A-1.1" baseline="" type="topic" sourcemapnum="EN-US_BOOKMAP_0170595359" sourcemapversion="A-1.225"/><item number="EN-US_TOPIC_0170595596" projectid="896642361" sourceprojectid="" version="A-1.1" baseline="" type="topic" sourcemapnum="EN-US_BOOKMAP_0170595359" sourcemapversion="A-1.225"/><item number="EN-US_TOPIC_0170595595" projectid="896642361" sourceprojectid="" version="A-1.1" baseline="" type="topic" sourcemapnum="EN-US_BOOKMAP_0170595359" sourcemapversion="A-1.225"/><item number="EN-US_TOPIC_0170595594" projectid="896642361" sourceprojectid="" version="A-1.1" baseline="" type="topic" sourcemapnum="EN-US_BOOKMAP_0170595359" sourcemapversion="A-1.225"/><item number="EN-US_TOPIC_0170595593" projectid="896642361" sourceprojectid="" version="A-1.1" baseline="" type="topic" sourcemapnum="EN-US_BOOKMAP_0170595359" sourcemapversion="A-1.225"/><item number="EN-US_TOPIC_0170595592" projectid="896642361" sourceprojectid="" version="A-1.7" baseline="" type="topic" sourcemapnum="EN-US_BOOKMAP_0170595359" sourcemapversion="A-1.225"/><item number="EN-US_TOPIC_0170595590" projectid="896642361" sourceprojectid="" version="A-1.1" baseline="" type="topic" sourcemapnum="EN-US_BOOKMAP_0170595359" sourcemapversion="A-1.225"/><item number="EN-US_TOPIC_0170595589" projectid="896642361" sourceprojectid="" version="A-1.1" baseline="" type="topic" sourcemapnum="EN-US_BOOKMAP_0170595359" sourcemapversion="A-1.225"/><item number="EN-US_TOPIC_0170595588" projectid="896642361" sourceprojectid="" version="A-1.1" baseline="" type="topic" sourcemapnum="EN-US_BOOKMAP_0170595359" sourcemapversion="A-1.225"/><item number="EN-US_TOPIC_0170595587" projectid="896642361" sourceprojectid="" version="A-1.1" baseline="" type="topic" sourcemapnum="EN-US_BOOKMAP_0170595359" sourcemapversion="A-1.225"/><item number="EN-US_TOPIC_0170595586" projectid="896642361" sourceprojectid="" version="A-1.1" baseline="" type="topic" sourcemapnum="EN-US_BOOKMAP_0170595359" sourcemapversion="A-1.225"/><item number="EN-US_TOPIC_0170595585" projectid="896642361" sourceprojectid="" version="A-1.1" baseline="" type="topic" sourcemapnum="EN-US_BOOKMAP_0170595359" sourcemapversion="A-1.225"/><item number="EN-US_TOPIC_0170595584" projectid="896642361" sourceprojectid="" version="A-1.1" baseline="" type="topic" sourcemapnum="EN-US_BOOKMAP_0170595359" sourcemapversion="A-1.225"/><item number="EN-US_TOPIC_0170595583" projectid="896642361" sourceprojectid="" version="A-1.1" baseline="" type="topic" sourcemapnum="EN-US_BOOKMAP_0170595359" sourcemapversion="A-1.225"/><item number="EN-US_TOPIC_0170595582" projectid="896642361" sourceprojectid="" version="A-1.1" baseline="" type="topic" sourcemapnum="EN-US_BOOKMAP_0170595359" sourcemapversion="A-1.225"/><item number="EN-US_TOPIC_0170595581" projectid="896642361" sourceprojectid="" version="A-1.1" baseline="" type="topic" sourcemapnum="EN-US_BOOKMAP_0170595359" sourcemapversion="A-1.225"/><item number="EN-US_TOPIC_0170595580" projectid="896642361" sourceprojectid="" version="A-1.15" baseline="" type="topic" sourcemapnum="EN-US_BOOKMAP_0170595359" sourcemapversion="A-1.225"/><item number="EN-US_TOPIC_0170595579" projectid="896642361" sourceprojectid="" version="A-1.1" baseline="" type="topic" sourcemapnum="EN-US_BOOKMAP_0170595359" sourcemapversion="A-1.225"/><item number="EN-US_TOPIC_0170595578" projectid="896642361" sourceprojectid="" version="A-1.1" baseline="" type="topic" sourcemapnum="EN-US_BOOKMAP_0170595359" sourcemapversion="A-1.225"/><item number="EN-US_TOPIC_0170595577" projectid="896642361" sourceprojectid="" version="A-1.1" baseline="" type="topic" sourcemapnum="EN-US_BOOKMAP_0170595359" sourcemapversion="A-1.225"/><item number="EN-US_TOPIC_0170595576" projectid="896642361" sourceprojectid="" version="A-1.1" baseline="" type="topic" sourcemapnum="EN-US_BOOKMAP_0170595359" sourcemapversion="A-1.225"/><item number="EN-US_TOPIC_0170595575" projectid="896642361" sourceprojectid="" version="A-1.1" baseline="" type="topic" sourcemapnum="EN-US_BOOKMAP_0170595359" sourcemapversion="A-1.225"/><item number="EN-US_TOPIC_0170595573" projectid="896642361" sourceprojectid="" version="A-1.1" baseline="" type="topic" sourcemapnum="EN-US_BOOKMAP_0170595359" sourcemapversion="A-1.225"/><item number="EN-US_TOPIC_0170595571" projectid="896642361" sourceprojectid="" version="A-1.1" baseline="" type="topic" sourcemapnum="EN-US_BOOKMAP_0170595359" sourcemapversion="A-1.225"/><item number="EN-US_TOPIC_0170595568" projectid="896642361" sourceprojectid="" version="A-1.14" baseline="" type="topic" sourcemapnum="EN-US_BOOKMAP_0170595359" sourcemapversion="A-1.225"/><item number="EN-US_TOPIC_0170595567" projectid="896642361" sourceprojectid="" version="A-1.1" baseline="" type="topic" sourcemapnum="EN-US_BOOKMAP_0170595359" sourcemapversion="A-1.225"/><item number="EN-US_TOPIC_0170595566" projectid="896642361" sourceprojectid="" version="A-1.1" baseline="" type="topic" sourcemapnum="EN-US_BOOKMAP_0170595359" sourcemapversion="A-1.225"/><item number="EN-US_TOPIC_0170595565" projectid="896642361" sourceprojectid="" version="A-1.1" baseline="" type="topic" sourcemapnum="EN-US_BOOKMAP_0170595359" sourcemapversion="A-1.225"/><item number="EN-US_TOPIC_0170595563" projectid="896642361" sourceprojectid="" version="A-1.1" baseline="" type="topic" sourcemapnum="EN-US_BOOKMAP_0170595359" sourcemapversion="A-1.225"/><item number="EN-US_TOPIC_0170595562" projectid="896642361" sourceprojectid="" version="A-1.1" baseline="" type="topic" sourcemapnum="EN-US_BOOKMAP_0170595359" sourcemapversion="A-1.225"/><item number="EN-US_TOPIC_0170595561" projectid="896642361" sourceprojectid="" version="A-1.1" baseline="" type="topic" sourcemapnum="EN-US_BOOKMAP_0170595359" sourcemapversion="A-1.225"/><item number="EN-US_TOPIC_0170595560" projectid="896642361" sourceprojectid="" version="A-1.1" baseline="" type="topic" sourcemapnum="EN-US_BOOKMAP_0170595359" sourcemapversion="A-1.225"/><item number="EN-US_TOPIC_0170595558" projectid="896642361" sourceprojectid="" version="A-1.1" baseline="" type="topic" sourcemapnum="EN-US_BOOKMAP_0170595359" sourcemapversion="A-1.225"/><item number="EN-US_TOPIC_0170595557" projectid="896642361" sourceprojectid="" version="A-1.6" baseline="" type="topic" sourcemapnum="EN-US_BOOKMAP_0170595359" sourcemapversion="A-1.225"/><item number="EN-US_TOPIC_0170595556" projectid="896642361" sourceprojectid="" version="A-1.9" baseline="" type="topic" sourcemapnum="EN-US_BOOKMAP_0170595359" sourcemapversion="A-1.225"/><item number="EN-US_TOPIC_0170595555" projectid="896642361" sourceprojectid="" version="A-1.1" baseline="" type="topic" sourcemapnum="EN-US_BOOKMAP_0170595359" sourcemapversion="A-1.225"/><item number="EN-US_TOPIC_0170595554" projectid="896642361" sourceprojectid="" version="A-1.1" baseline="" type="topic" sourcemapnum="EN-US_BOOKMAP_0170595359" sourcemapversion="A-1.225"/><item number="EN-US_TOPIC_0170595553" projectid="896642361" sourceprojectid="" version="A-1.1" baseline="" type="topic" sourcemapnum="EN-US_BOOKMAP_0170595359" sourcemapversion="A-1.225"/><item number="EN-US_TOPIC_0170595552" projectid="896642361" sourceprojectid="" version="A-1.1" baseline="" type="topic" sourcemapnum="EN-US_BOOKMAP_0170595359" sourcemapversion="A-1.225"/><item number="EN-US_TOPIC_0170595551" projectid="896642361" sourceprojectid="" version="A-1.1" baseline="" type="topic" sourcemapnum="EN-US_BOOKMAP_0170595359" sourcemapversion="A-1.225"/><item number="EN-US_TOPIC_0170595550" projectid="896642361" sourceprojectid="" version="A-1.1" baseline="" type="topic" sourcemapnum="EN-US_BOOKMAP_0170595359" sourcemapversion="A-1.225"/><item number="EN-US_TOPIC_0170595548" projectid="896642361" sourceprojectid="" version="A-1.1" baseline="" type="topic" sourcemapnum="EN-US_BOOKMAP_0170595359" sourcemapversion="A-1.225"/><item number="EN-US_TOPIC_0170595547" projectid="896642361" sourceprojectid="" version="A-1.1" baseline="" type="topic" sourcemapnum="EN-US_BOOKMAP_0170595359" sourcemapversion="A-1.225"/><item number="EN-US_TOPIC_0170595546" projectid="896642361" sourceprojectid="" version="A-1.1" baseline="" type="topic" sourcemapnum="EN-US_BOOKMAP_0170595359" sourcemapversion="A-1.225"/><item number="EN-US_TOPIC_0170595545" projectid="896642361" sourceprojectid="" version="A-1.1" baseline="" type="topic" sourcemapnum="EN-US_BOOKMAP_0170595359" sourcemapversion="A-1.225"/><item number="EN-US_TOPIC_0170595544" projectid="896642361" sourceprojectid="" version="A-1.2" baseline="" type="topic" sourcemapnum="EN-US_BOOKMAP_0170595359" sourcemapversion="A-1.225"/><item number="EN-US_TOPIC_0170595543" projectid="896642361" sourceprojectid="" version="A-1.1" baseline="" type="topic" sourcemapnum="EN-US_BOOKMAP_0170595359" sourcemapversion="A-1.225"/><item number="EN-US_TOPIC_0170595542" projectid="896642361" sourceprojectid="" version="A-1.1" baseline="" type="topic" sourcemapnum="EN-US_BOOKMAP_0170595359" sourcemapversion="A-1.225"/><item number="EN-US_TOPIC_0170595541" projectid="896642361" sourceprojectid="" version="A-1.1" baseline="" type="topic" sourcemapnum="EN-US_BOOKMAP_0170595359" sourcemapversion="A-1.225"/><item number="EN-US_TOPIC_0170595540" projectid="896642361" sourceprojectid="" version="A-1.1" baseline="" type="topic" sourcemapnum="EN-US_BOOKMAP_0170595359" sourcemapversion="A-1.225"/><item number="EN-US_TOPIC_0170595539" projectid="896642361" sourceprojectid="" version="A-1.1" baseline="" type="topic" sourcemapnum="EN-US_BOOKMAP_0170595359" sourcemapversion="A-1.225"/><item number="EN-US_TOPIC_0170595538" projectid="896642361" sourceprojectid="" version="A-1.1" baseline="" type="topic" sourcemapnum="EN-US_BOOKMAP_0170595359" sourcemapversion="A-1.225"/><item number="EN-US_TOPIC_0170595537" projectid="896642361" sourceprojectid="" version="A-1.1" baseline="" type="topic" sourcemapnum="EN-US_BOOKMAP_0170595359" sourcemapversion="A-1.225"/><item number="EN-US_TOPIC_0170595536" projectid="896642361" sourceprojectid="" version="A-1.1" baseline="" type="topic" sourcemapnum="EN-US_BOOKMAP_0170595359" sourcemapversion="A-1.225"/><item number="EN-US_TOPIC_0170595535" projectid="896642361" sourceprojectid="" version="A-1.1" baseline="" type="topic" sourcemapnum="EN-US_BOOKMAP_0170595359" sourcemapversion="A-1.225"/><item number="EN-US_TOPIC_0170595534" projectid="896642361" sourceprojectid="" version="A-1.1" baseline="" type="topic" sourcemapnum="EN-US_BOOKMAP_0170595359" sourcemapversion="A-1.225"/><item number="EN-US_TOPIC_0170595533" projectid="896642361" sourceprojectid="" version="A-1.1" baseline="" type="topic" sourcemapnum="EN-US_BOOKMAP_0170595359" sourcemapversion="A-1.225"/><item number="EN-US_TOPIC_0170595532" projectid="896642361" sourceprojectid="" version="A-1.1" baseline="" type="topic" sourcemapnum="EN-US_BOOKMAP_0170595359" sourcemapversion="A-1.225"/><item number="EN-US_TOPIC_0170595530" projectid="896642361" sourceprojectid="" version="A-1.1" baseline="" type="topic" sourcemapnum="EN-US_BOOKMAP_0170595359" sourcemapversion="A-1.225"/><item number="EN-US_TOPIC_0170595528" projectid="896642361" sourceprojectid="" version="A-1.1" baseline="" type="topic" sourcemapnum="EN-US_BOOKMAP_0170595359" sourcemapversion="A-1.225"/><item number="EN-US_TOPIC_0170595527" projectid="896642361" sourceprojectid="" version="A-1.10" baseline="" type="topic" sourcemapnum="EN-US_BOOKMAP_0170595359" sourcemapversion="A-1.225"/><item number="EN-US_TOPIC_0170595526" projectid="896642361" sourceprojectid="" version="A-1.1" baseline="" type="topic" sourcemapnum="EN-US_BOOKMAP_0170595359" sourcemapversion="A-1.225"/><item number="EN-US_TOPIC_0170595524" projectid="896642361" sourceprojectid="" version="A-1.1" baseline="" type="topic" sourcemapnum="EN-US_BOOKMAP_0170595359" sourcemapversion="A-1.225"/><item number="EN-US_TOPIC_0170595523" projectid="896642361" sourceprojectid="" version="A-1.1" baseline="" type="topic" sourcemapnum="EN-US_BOOKMAP_0170595359" sourcemapversion="A-1.225"/><item number="EN-US_TOPIC_0170595522" projectid="896642361" sourceprojectid="" version="A-1.1" baseline="" type="topic" sourcemapnum="EN-US_BOOKMAP_0170595359" sourcemapversion="A-1.225"/><item number="EN-US_TOPIC_0170595521" projectid="896642361" sourceprojectid="" version="A-1.1" baseline="" type="topic" sourcemapnum="EN-US_BOOKMAP_0170595359" sourcemapversion="A-1.225"/><item number="EN-US_TOPIC_0170595520" projectid="896642361" sourceprojectid="" version="A-1.1" baseline="" type="topic" sourcemapnum="EN-US_BOOKMAP_0170595359" sourcemapversion="A-1.225"/><item number="EN-US_TOPIC_0170595518" projectid="896642361" sourceprojectid="" version="A-1.1" baseline="" type="topic" sourcemapnum="EN-US_BOOKMAP_0170595359" sourcemapversion="A-1.225"/><item number="EN-US_TOPIC_0170595517" projectid="896642361" sourceprojectid="" version="A-1.1" baseline="" type="topic" sourcemapnum="EN-US_BOOKMAP_0170595359" sourcemapversion="A-1.225"/><item number="EN-US_TOPIC_0170595516" projectid="896642361" sourceprojectid="" version="A-1.1" baseline="" type="topic" sourcemapnum="EN-US_BOOKMAP_0170595359" sourcemapversion="A-1.225"/><item number="EN-US_TOPIC_0170595515" projectid="896642361" sourceprojectid="" version="A-1.2" baseline="" type="topic" sourcemapnum="EN-US_BOOKMAP_0170595359" sourcemapversion="A-1.225"/><item number="EN-US_TOPIC_0170595513" projectid="896642361" sourceprojectid="" version="A-1.1" baseline="" type="topic" sourcemapnum="EN-US_BOOKMAP_0170595359" sourcemapversion="A-1.225"/><item number="EN-US_TOPIC_0170595509" projectid="896642361" sourceprojectid="" version="A-1.1" baseline="" type="topic" sourcemapnum="EN-US_BOOKMAP_0170595359" sourcemapversion="A-1.225"/><item number="EN-US_TOPIC_0170595505" projectid="896642361" sourceprojectid="" version="A-1.1" baseline="" type="topic" sourcemapnum="EN-US_BOOKMAP_0170595359" sourcemapversion="A-1.225"/><item number="EN-US_TOPIC_0170595504" projectid="896642361" sourceprojectid="" version="A-1.1" baseline="" type="topic" sourcemapnum="EN-US_BOOKMAP_0170595359" sourcemapversion="A-1.225"/><item number="EN-US_TOPIC_0170595503" projectid="896642361" sourceprojectid="" version="A-1.1" baseline="" type="topic" sourcemapnum="EN-US_BOOKMAP_0170595359" sourcemapversion="A-1.225"/><item number="EN-US_TOPIC_0170595502" projectid="896642361" sourceprojectid="" version="A-1.1" baseline="" type="topic" sourcemapnum="EN-US_BOOKMAP_0170595359" sourcemapversion="A-1.225"/><item number="EN-US_TOPIC_0170595501" projectid="896642361" sourceprojectid="" version="A-1.1" baseline="" type="topic" sourcemapnum="EN-US_BOOKMAP_0170595359" sourcemapversion="A-1.225"/><item number="EN-US_TOPIC_0170595500" projectid="896642361" sourceprojectid="" version="A-1.3" baseline="" type="topic" sourcemapnum="EN-US_BOOKMAP_0170595359" sourcemapversion="A-1.225"/><item number="EN-US_TOPIC_0170595499" projectid="896642361" sourceprojectid="" version="A-1.1" baseline="" type="topic" sourcemapnum="EN-US_BOOKMAP_0170595359" sourcemapversion="A-1.225"/><item number="EN-US_TOPIC_0170595497" projectid="896642361" sourceprojectid="" version="A-1.1" baseline="" type="topic" sourcemapnum="EN-US_BOOKMAP_0170595359" sourcemapversion="A-1.225"/><item number="EN-US_TOPIC_0170595496" projectid="896642361" sourceprojectid="" version="A-1.11" baseline="" type="topic" sourcemapnum="EN-US_BOOKMAP_0170595359" sourcemapversion="A-1.225"/><item number="EN-US_TOPIC_0170595495" projectid="896642361" sourceprojectid="" version="A-1.1" baseline="" type="topic" sourcemapnum="EN-US_BOOKMAP_0170595359" sourcemapversion="A-1.225"/><item number="EN-US_TOPIC_0170595493" projectid="896642361" sourceprojectid="" version="A-1.1" baseline="" type="topic" sourcemapnum="EN-US_BOOKMAP_0170595359" sourcemapversion="A-1.225"/><item number="EN-US_TOPIC_0170595492" projectid="896642361" sourceprojectid="" version="A-1.1" baseline="" type="topic" sourcemapnum="EN-US_BOOKMAP_0170595359" sourcemapversion="A-1.225"/><item number="EN-US_TOPIC_0170595491" projectid="896642361" sourceprojectid="" version="A-1.12" baseline="" type="topic" sourcemapnum="EN-US_BOOKMAP_0170595359" sourcemapversion="A-1.225"/><item number="EN-US_TOPIC_0170595490" projectid="896642361" sourceprojectid="" version="A-1.1" baseline="" type="topic" sourcemapnum="EN-US_BOOKMAP_0170595359" sourcemapversion="A-1.225"/><item number="EN-US_TOPIC_0170595488" projectid="896642361" sourceprojectid="" version="A-1.1" baseline="" type="topic" sourcemapnum="EN-US_BOOKMAP_0170595359" sourcemapversion="A-1.225"/><item number="EN-US_TOPIC_0170595487" projectid="896642361" sourceprojectid="" version="A-1.2" baseline="" type="topic" sourcemapnum="EN-US_BOOKMAP_0170595359" sourcemapversion="A-1.225"/><item number="EN-US_TOPIC_0170595486" projectid="896642361" sourceprojectid="" version="A-1.1" baseline="" type="topic" sourcemapnum="EN-US_BOOKMAP_0170595359" sourcemapversion="A-1.225"/><item number="EN-US_TOPIC_0170595485" projectid="896642361" sourceprojectid="" version="A-1.1" baseline="" type="topic" sourcemapnum="EN-US_BOOKMAP_0170595359" sourcemapversion="A-1.225"/><item number="EN-US_TOPIC_0170595484" projectid="896642361" sourceprojectid="" version="A-1.1" baseline="" type="topic" sourcemapnum="EN-US_BOOKMAP_0170595359" sourcemapversion="A-1.225"/><item number="EN-US_TOPIC_0170595482" projectid="896642361" sourceprojectid="" version="A-1.1" baseline="" type="topic" sourcemapnum="EN-US_BOOKMAP_0170595359" sourcemapversion="A-1.225"/><item number="EN-US_TOPIC_0170595480" projectid="896642361" sourceprojectid="" version="A-1.1" baseline="" type="topic" sourcemapnum="EN-US_BOOKMAP_0170595359" sourcemapversion="A-1.225"/><item number="EN-US_TOPIC_0170595479" projectid="896642361" sourceprojectid="" version="A-1.1" baseline="" type="topic" sourcemapnum="EN-US_BOOKMAP_0170595359" sourcemapversion="A-1.225"/><item number="EN-US_TOPIC_0170595478" projectid="896642361" sourceprojectid="" version="A-1.1" baseline="" type="topic" sourcemapnum="EN-US_BOOKMAP_0170595359" sourcemapversion="A-1.225"/><item number="EN-US_TOPIC_0170595475" projectid="896642361" sourceprojectid="" version="A-1.1" baseline="" type="topic" sourcemapnum="EN-US_BOOKMAP_0170595359" sourcemapversion="A-1.225"/><item number="EN-US_TOPIC_0170595474" projectid="896642361" sourceprojectid="" version="A-1.1" baseline="" type="topic" sourcemapnum="EN-US_BOOKMAP_0170595359" sourcemapversion="A-1.225"/><item number="EN-US_TOPIC_0170595473" projectid="896642361" sourceprojectid="" version="A-1.9" baseline="" type="topic" sourcemapnum="EN-US_BOOKMAP_0170595359" sourcemapversion="A-1.225"/><item number="EN-US_TOPIC_0170595471" projectid="896642361" sourceprojectid="" version="A-1.1" baseline="" type="topic" sourcemapnum="EN-US_BOOKMAP_0170595359" sourcemapversion="A-1.225"/><item number="EN-US_TOPIC_0170595469" projectid="896642361" sourceprojectid="" version="A-1.1" baseline="" type="topic" sourcemapnum="EN-US_BOOKMAP_0170595359" sourcemapversion="A-1.225"/><item number="EN-US_TOPIC_0170595468" projectid="896642361" sourceprojectid="" version="A-1.1" baseline="" type="topic" sourcemapnum="EN-US_BOOKMAP_0170595359" sourcemapversion="A-1.225"/><item number="EN-US_TOPIC_0170595467" projectid="896642361" sourceprojectid="" version="A-1.1" baseline="" type="topic" sourcemapnum="EN-US_BOOKMAP_0170595359" sourcemapversion="A-1.225"/><item number="EN-US_TOPIC_0170595466" projectid="896642361" sourceprojectid="" version="A-1.1" baseline="" type="topic" sourcemapnum="EN-US_BOOKMAP_0170595359" sourcemapversion="A-1.225"/><item number="EN-US_TOPIC_0170595465" projectid="896642361" sourceprojectid="" version="A-1.1" baseline="" type="topic" sourcemapnum="EN-US_BOOKMAP_0170595359" sourcemapversion="A-1.225"/><item number="EN-US_TOPIC_0170595463" projectid="896642361" sourceprojectid="" version="A-1.1" baseline="" type="topic" sourcemapnum="EN-US_BOOKMAP_0170595359" sourcemapversion="A-1.225"/><item number="EN-US_TOPIC_0170595462" projectid="896642361" sourceprojectid="" version="A-1.1" baseline="" type="topic" sourcemapnum="EN-US_BOOKMAP_0170595359" sourcemapversion="A-1.225"/><item number="EN-US_TOPIC_0170595461" projectid="896642361" sourceprojectid="" version="A-1.1" baseline="" type="topic" sourcemapnum="EN-US_BOOKMAP_0170595359" sourcemapversion="A-1.225"/><item number="EN-US_TOPIC_0170595459" projectid="896642361" sourceprojectid="" version="A-1.1" baseline="" type="topic" sourcemapnum="EN-US_BOOKMAP_0170595359" sourcemapversion="A-1.225"/><item number="EN-US_TOPIC_0170595457" projectid="896642361" sourceprojectid="" version="A-1.1" baseline="" type="topic" sourcemapnum="EN-US_BOOKMAP_0170595359" sourcemapversion="A-1.225"/><item number="EN-US_TOPIC_0170595456" projectid="896642361" sourceprojectid="" version="A-1.1" baseline="" type="topic" sourcemapnum="EN-US_BOOKMAP_0170595359" sourcemapversion="A-1.225"/><item number="EN-US_TOPIC_0170595455" projectid="896642361" sourceprojectid="" version="A-1.1" baseline="" type="topic" sourcemapnum="EN-US_BOOKMAP_0170595359" sourcemapversion="A-1.225"/><item number="EN-US_TOPIC_0170595454" projectid="896642361" sourceprojectid="" version="A-1.3" baseline="" type="topic" sourcemapnum="EN-US_BOOKMAP_0170595359" sourcemapversion="A-1.225"/><item number="EN-US_TOPIC_0170595453" projectid="896642361" sourceprojectid="" version="A-1.1" baseline="" type="topic" sourcemapnum="EN-US_BOOKMAP_0170595359" sourcemapversion="A-1.225"/><item number="EN-US_TOPIC_0170595452" projectid="896642361" sourceprojectid="" version="A-1.1" baseline="" type="topic" sourcemapnum="EN-US_BOOKMAP_0170595359" sourcemapversion="A-1.225"/><item number="EN-US_TOPIC_0170595449" projectid="896642361" sourceprojectid="" version="A-1.1" baseline="" type="topic" sourcemapnum="EN-US_BOOKMAP_0170595359" sourcemapversion="A-1.225"/><item number="EN-US_TOPIC_0170595448" projectid="896642361" sourceprojectid="" version="A-1.1" baseline="" type="topic" sourcemapnum="EN-US_BOOKMAP_0170595359" sourcemapversion="A-1.225"/><item number="EN-US_TOPIC_0170595446" projectid="896642361" sourceprojectid="" version="A-1.1" baseline="" type="topic" sourcemapnum="EN-US_BOOKMAP_0170595359" sourcemapversion="A-1.225"/><item number="EN-US_TOPIC_0170595445" projectid="896642361" sourceprojectid="" version="A-1.1" baseline="" type="topic" sourcemapnum="EN-US_BOOKMAP_0170595359" sourcemapversion="A-1.225"/><item number="EN-US_TOPIC_0170595444" projectid="896642361" sourceprojectid="" version="A-1.1" baseline="" type="topic" sourcemapnum="EN-US_BOOKMAP_0170595359" sourcemapversion="A-1.225"/><item number="EN-US_TOPIC_0170595443" projectid="896642361" sourceprojectid="" version="A-1.3" baseline="" type="topic" sourcemapnum="EN-US_BOOKMAP_0170595359" sourcemapversion="A-1.225"/><item number="EN-US_TOPIC_0170595442" projectid="896642361" sourceprojectid="" version="A-1.1" baseline="" type="topic" sourcemapnum="EN-US_BOOKMAP_0170595359" sourcemapversion="A-1.225"/><item number="EN-US_TOPIC_0170595441" projectid="896642361" sourceprojectid="" version="A-1.1" baseline="" type="topic" sourcemapnum="EN-US_BOOKMAP_0170595359" sourcemapversion="A-1.225"/><item number="EN-US_TOPIC_0170595440" projectid="896642361" sourceprojectid="" version="A-1.1" baseline="" type="topic" sourcemapnum="EN-US_BOOKMAP_0170595359" sourcemapversion="A-1.225"/><item number="EN-US_TOPIC_0170595439" projectid="896642361" sourceprojectid="" version="A-1.1" baseline="" type="topic" sourcemapnum="EN-US_BOOKMAP_0170595359" sourcemapversion="A-1.225"/><item number="EN-US_TOPIC_0170595437" projectid="896642361" sourceprojectid="" version="A-1.1" baseline="" type="topic" sourcemapnum="EN-US_BOOKMAP_0170595359" sourcemapversion="A-1.225"/><item number="EN-US_TOPIC_0170595436" projectid="896642361" sourceprojectid="" version="A-1.1" baseline="" type="topic" sourcemapnum="EN-US_BOOKMAP_0170595359" sourcemapversion="A-1.225"/><item number="EN-US_TOPIC_0170595435" projectid="896642361" sourceprojectid="" version="A-1.4" baseline="" type="topic" sourcemapnum="EN-US_BOOKMAP_0170595359" sourcemapversion="A-1.225"/><item number="EN-US_TOPIC_0170595434" projectid="896642361" sourceprojectid="" version="A-1.14" baseline="" type="topic" sourcemapnum="EN-US_BOOKMAP_0170595359" sourcemapversion="A-1.225"/><item number="EN-US_TOPIC_0170595433" projectid="896642361" sourceprojectid="" version="A-1.8" baseline="" type="topic" sourcemapnum="EN-US_BOOKMAP_0170595359" sourcemapversion="A-1.225"/><item number="EN-US_TOPIC_0170595432" projectid="896642361" sourceprojectid="" version="A-1.1" baseline="" type="topic" sourcemapnum="EN-US_BOOKMAP_0170595359" sourcemapversion="A-1.225"/><item number="EN-US_TOPIC_0170595431" projectid="896642361" sourceprojectid="" version="A-1.1" baseline="" type="topic" sourcemapnum="EN-US_BOOKMAP_0170595359" sourcemapversion="A-1.225"/><item number="EN-US_TOPIC_0170595430" projectid="896642361" sourceprojectid="" version="A-1.1" baseline="" type="topic" sourcemapnum="EN-US_BOOKMAP_0170595359" sourcemapversion="A-1.225"/><item number="EN-US_TOPIC_0170595429" projectid="896642361" sourceprojectid="" version="A-1.5" baseline="" type="topic" sourcemapnum="EN-US_BOOKMAP_0170595359" sourcemapversion="A-1.225"/><item number="EN-US_TOPIC_0170595428" projectid="896642361" sourceprojectid="" version="A-1.1" baseline="" type="topic" sourcemapnum="EN-US_BOOKMAP_0170595359" sourcemapversion="A-1.225"/><item number="EN-US_TOPIC_0170595427" projectid="896642361" sourceprojectid="" version="A-1.1" baseline="" type="topic" sourcemapnum="EN-US_BOOKMAP_0170595359" sourcemapversion="A-1.225"/><item number="EN-US_TOPIC_0170595426" projectid="896642361" sourceprojectid="" version="A-1.1" baseline="" type="topic" sourcemapnum="EN-US_BOOKMAP_0170595359" sourcemapversion="A-1.225"/><item number="EN-US_TOPIC_0170595425" projectid="896642361" sourceprojectid="" version="A-1.1" baseline="" type="topic" sourcemapnum="EN-US_BOOKMAP_0170595359" sourcemapversion="A-1.225"/><item number="EN-US_TOPIC_0170595423" projectid="896642361" sourceprojectid="" version="A-1.1" baseline="" type="topic" sourcemapnum="EN-US_BOOKMAP_0170595359" sourcemapversion="A-1.225"/><item number="EN-US_TOPIC_0170595422" projectid="896642361" sourceprojectid="" version="A-1.1" baseline="" type="topic" sourcemapnum="EN-US_BOOKMAP_0170595359" sourcemapversion="A-1.225"/><item number="EN-US_TOPIC_0170595421" projectid="896642361" sourceprojectid="" version="A-1.1" baseline="" type="topic" sourcemapnum="EN-US_BOOKMAP_0170595359" sourcemapversion="A-1.225"/><item number="EN-US_TOPIC_0170595419" projectid="896642361" sourceprojectid="" version="A-1.1" baseline="" type="topic" sourcemapnum="EN-US_BOOKMAP_0170595359" sourcemapversion="A-1.225"/><item number="EN-US_TOPIC_0170595418" projectid="896642361" sourceprojectid="" version="A-1.1" baseline="" type="topic" sourcemapnum="EN-US_BOOKMAP_0170595359" sourcemapversion="A-1.225"/><item number="EN-US_TOPIC_0170595417" projectid="896642361" sourceprojectid="" version="A-1.1" baseline="" type="topic" sourcemapnum="EN-US_BOOKMAP_0170595359" sourcemapversion="A-1.225"/><item number="EN-US_TOPIC_0170595415" projectid="896642361" sourceprojectid="" version="A-1.1" baseline="" type="topic" sourcemapnum="EN-US_BOOKMAP_0170595359" sourcemapversion="A-1.225"/><item number="EN-US_TOPIC_0170595413" projectid="896642361" sourceprojectid="" version="A-1.1" baseline="" type="topic" sourcemapnum="EN-US_BOOKMAP_0170595359" sourcemapversion="A-1.225"/><item number="EN-US_TOPIC_0170595412" projectid="896642361" sourceprojectid="" version="A-1.8" baseline="" type="topic" sourcemapnum="EN-US_BOOKMAP_0170595359" sourcemapversion="A-1.225"/><item number="EN-US_TOPIC_0170595411" projectid="896642361" sourceprojectid="" version="A-1.1" baseline="" type="topic" sourcemapnum="EN-US_BOOKMAP_0170595359" sourcemapversion="A-1.225"/><item number="EN-US_TOPIC_0170595409" projectid="896642361" sourceprojectid="" version="A-1.9" baseline="" type="topic" sourcemapnum="EN-US_BOOKMAP_0170595359" sourcemapversion="A-1.225"/><item number="EN-US_TOPIC_0170595408" projectid="896642361" sourceprojectid="" version="A-1.1" baseline="" type="topic" sourcemapnum="EN-US_BOOKMAP_0170595359" sourcemapversion="A-1.225"/><item number="EN-US_TOPIC_0170595406" projectid="896642361" sourceprojectid="" version="A-1.5" baseline="" type="topic" sourcemapnum="EN-US_BOOKMAP_0170595359" sourcemapversion="A-1.225"/><item number="EN-US_TOPIC_0170595404" projectid="896642361" sourceprojectid="" version="A-1.1" baseline="" type="topic" sourcemapnum="EN-US_BOOKMAP_0170595359" sourcemapversion="A-1.225"/><item number="EN-US_TOPIC_0170595403" projectid="896642361" sourceprojectid="" version="A-1.1" baseline="" type="topic" sourcemapnum="EN-US_BOOKMAP_0170595359" sourcemapversion="A-1.225"/><item number="EN-US_TOPIC_0170595402" projectid="896642361" sourceprojectid="" version="A-1.1" baseline="" type="topic" sourcemapnum="EN-US_BOOKMAP_0170595359" sourcemapversion="A-1.225"/><item number="EN-US_TOPIC_0170595401" projectid="896642361" sourceprojectid="" version="A-1.1" baseline="" type="topic" sourcemapnum="EN-US_BOOKMAP_0170595359" sourcemapversion="A-1.225"/><item number="EN-US_TOPIC_0170595399" projectid="896642361" sourceprojectid="" version="A-1.1" baseline="" type="topic" sourcemapnum="EN-US_BOOKMAP_0170595359" sourcemapversion="A-1.225"/><item number="EN-US_TOPIC_0170595396" projectid="896642361" sourceprojectid="" version="A-1.1" baseline="" type="topic" sourcemapnum="EN-US_BOOKMAP_0170595359" sourcemapversion="A-1.225"/><item number="EN-US_TOPIC_0170595395" projectid="896642361" sourceprojectid="" version="A-1.1" baseline="" type="topic" sourcemapnum="EN-US_BOOKMAP_0170595359" sourcemapversion="A-1.225"/><item number="EN-US_TOPIC_0170595394" projectid="896642361" sourceprojectid="" version="A-1.1" baseline="" type="topic" sourcemapnum="EN-US_BOOKMAP_0170595359" sourcemapversion="A-1.225"/><item number="EN-US_TOPIC_0170595393" projectid="896642361" sourceprojectid="" version="A-1.1" baseline="" type="topic" sourcemapnum="EN-US_BOOKMAP_0170595359" sourcemapversion="A-1.225"/><item number="EN-US_TOPIC_0170595392" projectid="896642361" sourceprojectid="" version="A-1.1" baseline="" type="topic" sourcemapnum="EN-US_BOOKMAP_0170595359" sourcemapversion="A-1.225"/><item number="EN-US_TOPIC_0170595391" projectid="896642361" sourceprojectid="" version="A-1.1" baseline="" type="topic" sourcemapnum="EN-US_BOOKMAP_0170595359" sourcemapversion="A-1.225"/><item number="EN-US_TOPIC_0170595390" projectid="896642361" sourceprojectid="" version="A-1.1" baseline="" type="topic" sourcemapnum="EN-US_BOOKMAP_0170595359" sourcemapversion="A-1.225"/><item number="EN-US_TOPIC_0170595388" projectid="896642361" sourceprojectid="" version="A-1.1" baseline="" type="topic" sourcemapnum="EN-US_BOOKMAP_0170595359" sourcemapversion="A-1.225"/><item number="EN-US_TOPIC_0170595387" projectid="896642361" sourceprojectid="" version="A-1.1" baseline="" type="topic" sourcemapnum="EN-US_BOOKMAP_0170595359" sourcemapversion="A-1.225"/><item number="EN-US_TOPIC_0170595386" projectid="896642361" sourceprojectid="" version="A-1.1" baseline="" type="topic" sourcemapnum="EN-US_BOOKMAP_0170595359" sourcemapversion="A-1.225"/><item number="EN-US_TOPIC_0170595385" projectid="896642361" sourceprojectid="" version="A-1.1" baseline="" type="topic" sourcemapnum="EN-US_BOOKMAP_0170595359" sourcemapversion="A-1.225"/><item number="EN-US_TOPIC_0170595384" projectid="896642361" sourceprojectid="" version="A-1.1" baseline="" type="topic" sourcemapnum="EN-US_BOOKMAP_0170595359" sourcemapversion="A-1.225"/><item number="EN-US_TOPIC_0170595383" projectid="896642361" sourceprojectid="" version="A-1.1" baseline="" type="topic" sourcemapnum="EN-US_BOOKMAP_0170595359" sourcemapversion="A-1.225"/><item number="EN-US_TOPIC_0170595380" projectid="896642361" sourceprojectid="" version="A-1.1" baseline="" type="topic" sourcemapnum="EN-US_BOOKMAP_0170595359" sourcemapversion="A-1.225"/><item number="EN-US_TOPIC_0170595378" projectid="896642361" sourceprojectid="" version="A-1.1" baseline="" type="topic" sourcemapnum="EN-US_BOOKMAP_0170595359" sourcemapversion="A-1.225"/><item number="EN-US_TOPIC_0170595377" projectid="896642361" sourceprojectid="" version="A-1.1" baseline="" type="topic" sourcemapnum="EN-US_BOOKMAP_0170595359" sourcemapversion="A-1.225"/><item number="EN-US_TOPIC_0170595376" projectid="896642361" sourceprojectid="" version="A-1.1" baseline="" type="topic" sourcemapnum="EN-US_BOOKMAP_0170595359" sourcemapversion="A-1.225"/><item number="EN-US_TOPIC_0170595375" projectid="896642361" sourceprojectid="" version="A-1.1" baseline="" type="topic" sourcemapnum="EN-US_BOOKMAP_0170595359" sourcemapversion="A-1.225"/><item number="EN-US_TOPIC_0170595374" projectid="896642361" sourceprojectid="" version="A-1.1" baseline="" type="topic" sourcemapnum="EN-US_BOOKMAP_0170595359" sourcemapversion="A-1.225"/><item number="EN-US_TOPIC_0170595372" projectid="896642361" sourceprojectid="" version="A-1.1" baseline="" type="topic" sourcemapnum="EN-US_BOOKMAP_0170595359" sourcemapversion="A-1.225"/><item number="EN-US_TOPIC_0170595371" projectid="896642361" sourceprojectid="" version="A-1.1" baseline="" type="topic" sourcemapnum="EN-US_BOOKMAP_0170595359" sourcemapversion="A-1.225"/><item number="EN-US_TOPIC_0170595370" projectid="896642361" sourceprojectid="" version="A-1.1" baseline="" type="topic" sourcemapnum="EN-US_BOOKMAP_0170595359" sourcemapversion="A-1.225"/><item number="EN-US_TOPIC_0170595369" projectid="896642361" sourceprojectid="" version="A-1.4" baseline="" type="topic" sourcemapnum="EN-US_BOOKMAP_0170595359" sourcemapversion="A-1.225"/><item number="EN-US_TOPIC_0170595368" projectid="896642361" sourceprojectid="" version="A-1.1" baseline="" type="topic" sourcemapnum="EN-US_BOOKMAP_0170595359" sourcemapversion="A-1.225"/><item number="EN-US_TOPIC_0170595367" projectid="896642361" sourceprojectid="" version="A-1.1" baseline="" type="topic" sourcemapnum="EN-US_BOOKMAP_0170595359" sourcemapversion="A-1.225"/><item number="EN-US_TOPIC_0170595366" projectid="896642361" sourceprojectid="" version="A-1.9" baseline="" type="topic" sourcemapnum="EN-US_BOOKMAP_0170595359" sourcemapversion="A-1.225"/><item number="EN-US_TOPIC_0170595365" projectid="896642361" sourceprojectid="" version="A-1.1" baseline="" type="topic" sourcemapnum="EN-US_BOOKMAP_0170595359" sourcemapversion="A-1.225"/><item number="EN-US_TOPIC_0170595363" projectid="896642361" sourceprojectid="" version="A-1.1" baseline="" type="topic" sourcemapnum="EN-US_BOOKMAP_0170595359" sourcemapversion="A-1.225"/><item number="EN-US_TOPIC_0170595362" projectid="896642361" sourceprojectid="" version="A-1.1" baseline="" type="topic" sourcemapnum="EN-US_BOOKMAP_0170595359" sourcemapversion="A-1.225"/><item number="EN-US_TOPIC_0170595361" projectid="896642361" sourceprojectid="" version="A-1.1" baseline="" type="topic" sourcemapnum="EN-US_BOOKMAP_0170595359" sourcemapversion="A-1.225"/><item number="EN-US_TOPIC_0170595360" projectid="896642361" sourceprojectid="" version="A-1.1" baseline="" type="topic" sourcemapnum="EN-US_BOOKMAP_0170595359" sourcemapversion="A-1.225"/><item number="EN-US_TOPIC_0170595357" projectid="896642361" sourceprojectid="" version="A-1.1" baseline="" type="topic" sourcemapnum="EN-US_BOOKMAP_0170595359" sourcemapversion="A-1.225"/><item number="EN-US_TOPIC_0170595356" projectid="896642361" sourceprojectid="" version="A-1.1" baseline="" type="topic" sourcemapnum="EN-US_BOOKMAP_0170595359" sourcemapversion="A-1.225"/><item number="EN-US_TOPIC_0170595355" projectid="896642361" sourceprojectid="" version="A-1.9" baseline="" type="topic" sourcemapnum="EN-US_BOOKMAP_0170595359" sourcemapversion="A-1.225"/><item number="EN-US_TOPIC_0170595353" projectid="896642361" sourceprojectid="" version="A-1.8" baseline="" type="topic" sourcemapnum="EN-US_BOOKMAP_0170595359" sourcemapversion="A-1.225"/><item number="EN-US_TOPIC_0170595351" projectid="896642361" sourceprojectid="" version="A-1.1" baseline="" type="topic" sourcemapnum="EN-US_BOOKMAP_0170595359" sourcemapversion="A-1.225"/><item number="EN-US_TOPIC_0170595350" projectid="896642361" sourceprojectid="" version="A-1.1" baseline="" type="topic" sourcemapnum="EN-US_BOOKMAP_0170595359" sourcemapversion="A-1.225"/><item number="EN-US_TOPIC_0170595349" projectid="896642361" sourceprojectid="" version="A-1.1" baseline="" type="topic" sourcemapnum="EN-US_BOOKMAP_0170595359" sourcemapversion="A-1.225"/><item number="EN-US_TOPIC_0170595348" projectid="896642361" sourceprojectid="" version="A-1.1" baseline="" type="topic" sourcemapnum="EN-US_BOOKMAP_0170595359" sourcemapversion="A-1.225"/><item number="EN-US_TOPIC_0170595347" projectid="896642361" sourceprojectid="" version="A-1.1" baseline="" type="topic" sourcemapnum="EN-US_BOOKMAP_0170595359" sourcemapversion="A-1.225"/><item number="EN-US_TOPIC_0170595346" projectid="896642361" sourceprojectid="" version="A-1.1" baseline="" type="topic" sourcemapnum="EN-US_BOOKMAP_0170595359" sourcemapversion="A-1.225"/><item number="EN-US_TOPIC_0170595344" projectid="896642361" sourceprojectid="" version="A-1.1" baseline="" type="topic" sourcemapnum="EN-US_BOOKMAP_0170595359" sourcemapversion="A-1.225"/><item number="EN-US_TOPIC_0170595343" projectid="896642361" sourceprojectid="" version="A-1.1" baseline="" type="topic" sourcemapnum="EN-US_BOOKMAP_0170595359" sourcemapversion="A-1.225"/><item number="EN-US_TOPIC_0170595341" projectid="896642361" sourceprojectid="" version="A-1.1" baseline="" type="topic" sourcemapnum="EN-US_BOOKMAP_0170595359" sourcemapversion="A-1.225"/><item number="EN-US_TOPIC_0170595340" projectid="896642361" sourceprojectid="" version="A-1.1" baseline="" type="topic" sourcemapnum="EN-US_BOOKMAP_0170595359" sourcemapversion="A-1.225"/><item number="EN-US_TOPIC_0170595339" projectid="896642361" sourceprojectid="" version="A-1.1" baseline="" type="topic" sourcemapnum="EN-US_BOOKMAP_0170595359" sourcemapversion="A-1.225"/><item number="EN-US_TOPIC_0170595338" projectid="896642361" sourceprojectid="" version="A-1.1" baseline="" type="topic" sourcemapnum="EN-US_BOOKMAP_0170595359" sourcemapversion="A-1.225"/><item number="EN-US_TOPIC_0170595336" projectid="896642361" sourceprojectid="" version="A-1.3" baseline="" type="topic" sourcemapnum="EN-US_BOOKMAP_0170595359" sourcemapversion="A-1.225"/><item number="EN-US_TOPIC_0170595335" projectid="896642361" sourceprojectid="" version="A-1.1" baseline="" type="topic" sourcemapnum="EN-US_BOOKMAP_0170595359" sourcemapversion="A-1.225"/><item number="EN-US_TOPIC_0170595334" projectid="896642361" sourceprojectid="" version="A-1.1" baseline="" type="topic" sourcemapnum="EN-US_BOOKMAP_0170595359" sourcemapversion="A-1.225"/><item number="EN-US_TOPIC_0170595333" projectid="896642361" sourceprojectid="" version="A-1.6" baseline="" type="topic" sourcemapnum="EN-US_BOOKMAP_0170595359" sourcemapversion="A-1.225"/><item number="EN-US_TOPIC_0170595330" projectid="896642361" sourceprojectid="" version="A-1.1" baseline="" type="topic" sourcemapnum="EN-US_BOOKMAP_0170595359" sourcemapversion="A-1.225"/><item number="EN-US_TOPIC_0170595329" projectid="896642361" sourceprojectid="" version="A-1.1" baseline="" type="topic" sourcemapnum="EN-US_BOOKMAP_0170595359" sourcemapversion="A-1.225"/><item number="EN-US_TOPIC_0170595328" projectid="896642361" sourceprojectid="" version="A-1.1" baseline="" type="topic" sourcemapnum="EN-US_BOOKMAP_0170595359" sourcemapversion="A-1.225"/><item number="EN-US_TOPIC_0170595327" projectid="896642361" sourceprojectid="" version="A-1.5" baseline="" type="topic" sourcemapnum="EN-US_BOOKMAP_0170595359" sourcemapversion="A-1.225"/><item number="EN-US_TOPIC_0170595326" projectid="896642361" sourceprojectid="" version="A-1.1" baseline="" type="topic" sourcemapnum="EN-US_BOOKMAP_0170595359" sourcemapversion="A-1.225"/><item number="EN-US_TOPIC_0170595325" projectid="896642361" sourceprojectid="" version="A-1.1" baseline="" type="topic" sourcemapnum="EN-US_BOOKMAP_0170595359" sourcemapversion="A-1.225"/><item number="EN-US_TOPIC_0170595324" projectid="896642361" sourceprojectid="" version="A-1.1" baseline="" type="topic" sourcemapnum="EN-US_BOOKMAP_0170595359" sourcemapversion="A-1.225"/><item number="EN-US_TOPIC_0170595323" projectid="896642361" sourceprojectid="" version="A-1.1" baseline="" type="topic" sourcemapnum="EN-US_BOOKMAP_0170595359" sourcemapversion="A-1.225"/><item number="EN-US_TOPIC_0170595322" projectid="896642361" sourceprojectid="" version="A-1.1" baseline="" type="topic" sourcemapnum="EN-US_BOOKMAP_0170595359" sourcemapversion="A-1.225"/><item number="EN-US_TOPIC_0170595319" projectid="896642361" sourceprojectid="" version="A-1.1" baseline="" type="topic" sourcemapnum="EN-US_BOOKMAP_0170595359" sourcemapversion="A-1.225"/><item number="EN-US_TOPIC_0170595318" projectid="896642361" sourceprojectid="" version="A-1.1" baseline="" type="topic" sourcemapnum="EN-US_BOOKMAP_0170595359" sourcemapversion="A-1.225"/><item number="EN-US_TOPIC_0170595316" projectid="896642361" sourceprojectid="" version="A-1.1" baseline="" type="topic" sourcemapnum="EN-US_BOOKMAP_0170595359" sourcemapversion="A-1.225"/><item number="EN-US_TOPIC_0170595315" projectid="896642361" sourceprojectid="" version="A-1.1" baseline="" type="topic" sourcemapnum="EN-US_BOOKMAP_0170595359" sourcemapversion="A-1.225"/><item number="EN-US_TOPIC_0170595314" projectid="896642361" sourceprojectid="" version="A-1.1" baseline="" type="topic" sourcemapnum="EN-US_BOOKMAP_0170595359" sourcemapversion="A-1.225"/><item number="EN-US_TOPIC_0170595313" projectid="896642361" sourceprojectid="" version="A-1.1" baseline="" type="topic" sourcemapnum="EN-US_BOOKMAP_0170595359" sourcemapversion="A-1.225"/><item number="EN-US_TOPIC_0170595312" projectid="896642361" sourceprojectid="" version="A-1.1" baseline="" type="topic" sourcemapnum="EN-US_BOOKMAP_0170595359" sourcemapversion="A-1.225"/><item number="EN-US_TOPIC_0170595311" projectid="896642361" sourceprojectid="" version="A-1.1" baseline="" type="topic" sourcemapnum="EN-US_BOOKMAP_0170595359" sourcemapversion="A-1.225"/><item number="EN-US_TOPIC_0170595310" projectid="896642361" sourceprojectid="" version="A-1.1" baseline="" type="topic" sourcemapnum="EN-US_BOOKMAP_0170595359" sourcemapversion="A-1.225"/><item number="EN-US_TOPIC_0170595308" projectid="896642361" sourceprojectid="" version="A-1.1" baseline="" type="topic" sourcemapnum="EN-US_BOOKMAP_0170595359" sourcemapversion="A-1.225"/><item number="EN-US_TOPIC_0170595307" projectid="896642361" sourceprojectid="" version="A-1.2" baseline="" type="topic" sourcemapnum="EN-US_BOOKMAP_0170595359" sourcemapversion="A-1.225"/><item number="EN-US_TOPIC_0170595306" projectid="896642361" sourceprojectid="" version="A-1.1" baseline="" type="topic" sourcemapnum="EN-US_BOOKMAP_0170595359" sourcemapversion="A-1.225"/><item number="EN-US_TOPIC_0170595305" projectid="896642361" sourceprojectid="" version="A-1.1" baseline="" type="topic" sourcemapnum="EN-US_BOOKMAP_0170595359" sourcemapversion="A-1.225"/><item number="EN-US_TOPIC_0170595304" projectid="896642361" sourceprojectid="" version="A-1.1" baseline="" type="topic" sourcemapnum="EN-US_BOOKMAP_0170595359" sourcemapversion="A-1.225"/><item number="EN-US_TOPIC_0170595301" projectid="896642361" sourceprojectid="" version="A-1.1" baseline="" type="topic" sourcemapnum="EN-US_BOOKMAP_0170595359" sourcemapversion="A-1.225"/><item number="EN-US_TOPIC_0170595300" projectid="896642361" sourceprojectid="" version="A-1.3" baseline="" type="topic" sourcemapnum="EN-US_BOOKMAP_0170595359" sourcemapversion="A-1.225"/><item number="EN-US_TOPIC_0170595298" projectid="896642361" sourceprojectid="" version="A-1.1" baseline="" type="topic" sourcemapnum="EN-US_BOOKMAP_0170595359" sourcemapversion="A-1.225"/><item number="EN-US_TOPIC_0170595297" projectid="896642361" sourceprojectid="" version="A-1.1" baseline="" type="topic" sourcemapnum="EN-US_BOOKMAP_0170595359" sourcemapversion="A-1.225"/><item number="EN-US_TOPIC_0170595296" projectid="896642361" sourceprojectid="" version="A-1.1" baseline="" type="topic" sourcemapnum="EN-US_BOOKMAP_0170595359" sourcemapversion="A-1.225"/><item number="EN-US_TOPIC_0170595295" projectid="896642361" sourceprojectid="" version="A-1.1" baseline="" type="topic" sourcemapnum="EN-US_BOOKMAP_0170595359" sourcemapversion="A-1.225"/><item number="EN-US_TOPIC_0170595294" projectid="896642361" sourceprojectid="" version="A-1.1" baseline="" type="topic" sourcemapnum="EN-US_BOOKMAP_0170595359" sourcemapversion="A-1.225"/><item number="EN-US_TOPIC_0170595293" projectid="896642361" sourceprojectid="" version="A-1.6" baseline="" type="topic" sourcemapnum="EN-US_BOOKMAP_0170595359" sourcemapversion="A-1.225"/><item number="EN-US_TOPIC_0170595292" projectid="896642361" sourceprojectid="" version="A-1.1" baseline="" type="topic" sourcemapnum="EN-US_BOOKMAP_0170595359" sourcemapversion="A-1.225"/><item number="EN-US_TOPIC_0170595291" projectid="896642361" sourceprojectid="" version="A-1.1" baseline="" type="topic" sourcemapnum="EN-US_BOOKMAP_0170595359" sourcemapversion="A-1.225"/><item number="EN-US_TOPIC_0170595289" projectid="896642361" sourceprojectid="" version="A-1.1" baseline="" type="topic" sourcemapnum="EN-US_BOOKMAP_0170595359" sourcemapversion="A-1.225"/><item number="EN-US_TOPIC_0170595287" projectid="896642361" sourceprojectid="" version="A-1.1" baseline="" type="topic" sourcemapnum="EN-US_BOOKMAP_0170595359" sourcemapversion="A-1.225"/><item number="EN-US_TOPIC_0170595286" projectid="896642361" sourceprojectid="" version="A-1.1" baseline="" type="topic" sourcemapnum="EN-US_BOOKMAP_0170595359" sourcemapversion="A-1.225"/><item number="EN-US_TOPIC_0170595285" projectid="896642361" sourceprojectid="" version="A-1.1" baseline="" type="topic" sourcemapnum="EN-US_BOOKMAP_0170595359" sourcemapversion="A-1.225"/><item number="EN-US_TOPIC_0170595284" projectid="896642361" sourceprojectid="" version="A-1.1" baseline="" type="topic" sourcemapnum="EN-US_BOOKMAP_0170595359" sourcemapversion="A-1.225"/><item number="EN-US_TOPIC_0170595283" projectid="896642361" sourceprojectid="" version="A-1.1" baseline="" type="topic" sourcemapnum="EN-US_BOOKMAP_0170595359" sourcemapversion="A-1.225"/><item number="EN-US_TOPIC_0170595282" projectid="896642361" sourceprojectid="" version="A-1.1" baseline="" type="topic" sourcemapnum="EN-US_BOOKMAP_0170595359" sourcemapversion="A-1.225"/><item number="EN-US_TOPIC_0170595280" projectid="896642361" sourceprojectid="" version="A-1.1" baseline="" type="topic" sourcemapnum="EN-US_BOOKMAP_0170595359" sourcemapversion="A-1.225"/><item number="EN-US_TOPIC_0170595279" projectid="896642361" sourceprojectid="" version="A-1.12" baseline="" type="topic" sourcemapnum="EN-US_BOOKMAP_0170595359" sourcemapversion="A-1.225"/><item number="EN-US_TOPIC_0170595278" projectid="896642361" sourceprojectid="" version="A-1.1" baseline="" type="topic" sourcemapnum="EN-US_BOOKMAP_0170595359" sourcemapversion="A-1.225"/><item number="EN-US_TOPIC_0170595277" projectid="896642361" sourceprojectid="" version="A-1.1" baseline="" type="topic" sourcemapnum="EN-US_BOOKMAP_0170595359" sourcemapversion="A-1.225"/><item number="EN-US_TOPIC_0170595276" projectid="896642361" sourceprojectid="" version="A-1.10" baseline="" type="topic" sourcemapnum="EN-US_BOOKMAP_0170595359" sourcemapversion="A-1.225"/><item number="EN-US_TOPIC_0170595273" projectid="896642361" sourceprojectid="" version="A-1.1" baseline="" type="topic" sourcemapnum="EN-US_BOOKMAP_0170595359" sourcemapversion="A-1.225"/><item number="EN-US_TOPIC_0170595272" projectid="896642361" sourceprojectid="" version="A-1.1" baseline="" type="topic" sourcemapnum="EN-US_BOOKMAP_0170595359" sourcemapversion="A-1.225"/><item number="EN-US_TOPIC_0170595271" projectid="896642361" sourceprojectid="" version="A-1.1" baseline="" type="topic" sourcemapnum="EN-US_BOOKMAP_0170595359" sourcemapversion="A-1.225"/><item number="EN-US_TOPIC_0170595269" projectid="896642361" sourceprojectid="" version="A-1.1" baseline="" type="topic" sourcemapnum="EN-US_BOOKMAP_0170595359" sourcemapversion="A-1.225"/><item number="EN-US_TOPIC_0170595268" projectid="896642361" sourceprojectid="" version="A-1.1" baseline="" type="topic" sourcemapnum="EN-US_BOOKMAP_0170595359" sourcemapversion="A-1.225"/><item number="EN-US_TOPIC_0170595265" projectid="896642361" sourceprojectid="" version="A-1.1" baseline="" type="topic" sourcemapnum="EN-US_BOOKMAP_0170595359" sourcemapversion="A-1.225"/><item number="EN-US_TOPIC_0170595264" projectid="896642361" sourceprojectid="" version="A-1.1" baseline="" type="topic" sourcemapnum="EN-US_BOOKMAP_0170595359" sourcemapversion="A-1.225"/><item number="EN-US_TOPIC_0170595262" projectid="896642361" sourceprojectid="" version="A-1.1" baseline="" type="topic" sourcemapnum="EN-US_BOOKMAP_0170595359" sourcemapversion="A-1.225"/><item number="EN-US_TOPIC_0170595261" projectid="896642361" sourceprojectid="" version="A-1.1" baseline="" type="topic" sourcemapnum="EN-US_BOOKMAP_0170595359" sourcemapversion="A-1.225"/><item number="EN-US_TOPIC_0170595260" projectid="896642361" sourceprojectid="" version="A-1.1" baseline="" type="topic" sourcemapnum="EN-US_BOOKMAP_0170595359" sourcemapversion="A-1.225"/><item number="EN-US_TOPIC_0170595259" projectid="896642361" sourceprojectid="" version="A-1.1" baseline="" type="topic" sourcemapnum="EN-US_BOOKMAP_0170595359" sourcemapversion="A-1.225"/><item number="EN-US_TOPIC_0170595258" projectid="896642361" sourceprojectid="" version="A-1.8" baseline="" type="topic" sourcemapnum="EN-US_BOOKMAP_0170595359" sourcemapversion="A-1.225"/><item number="EN-US_TOPIC_0170595257" projectid="896642361" sourceprojectid="" version="A-1.1" baseline="" type="topic" sourcemapnum="EN-US_BOOKMAP_0170595359" sourcemapversion="A-1.225"/><item number="EN-US_TOPIC_0170595255" projectid="896642361" sourceprojectid="" version="A-1.11" baseline="" type="topic" sourcemapnum="EN-US_BOOKMAP_0170595359" sourcemapversion="A-1.225"/><item number="EN-US_TOPIC_0170595252" projectid="896642361" sourceprojectid="" version="A-1.1" baseline="" type="topic" sourcemapnum="EN-US_BOOKMAP_0170595359" sourcemapversion="A-1.225"/><item number="EN-US_TOPIC_0170595251" projectid="896642361" sourceprojectid="" version="A-1.1" baseline="" type="topic" sourcemapnum="EN-US_BOOKMAP_0170595359" sourcemapversion="A-1.225"/><item number="EN-US_TOPIC_0170595250" projectid="896642361" sourceprojectid="" version="A-1.1" baseline="" type="topic" sourcemapnum="EN-US_BOOKMAP_0170595359" sourcemapversion="A-1.225"/><item number="EN-US_TOPIC_0170595249" projectid="896642361" sourceprojectid="" version="A-1.1" baseline="" type="topic" sourcemapnum="EN-US_BOOKMAP_0170595359" sourcemapversion="A-1.225"/><item number="EN-US_TOPIC_0170595248" projectid="896642361" sourceprojectid="" version="A-1.1" baseline="" type="topic" sourcemapnum="EN-US_BOOKMAP_0170595359" sourcemapversion="A-1.225"/><item number="EN-US_TOPIC_0170595247" projectid="896642361" sourceprojectid="" version="A-1.1" baseline="" type="topic" sourcemapnum="EN-US_BOOKMAP_0170595359" sourcemapversion="A-1.225"/><item number="EN-US_TOPIC_0170595246" projectid="896642361" sourceprojectid="" version="A-1.1" baseline="" type="topic" sourcemapnum="EN-US_BOOKMAP_0170595359" sourcemapversion="A-1.225"/><item number="EN-US_TOPIC_0170595245" projectid="896642361" sourceprojectid="" version="A-1.1" baseline="" type="topic" sourcemapnum="EN-US_BOOKMAP_0170595359" sourcemapversion="A-1.225"/><item number="EN-US_TOPIC_0170595242" projectid="896642361" sourceprojectid="" version="A-1.1" baseline="" type="topic" sourcemapnum="EN-US_BOOKMAP_0170595359" sourcemapversion="A-1.225"/><item number="EN-US_TOPIC_0170595241" projectid="896642361" sourceprojectid="" version="A-1.1" baseline="" type="topic" sourcemapnum="EN-US_BOOKMAP_0170595359" sourcemapversion="A-1.225"/><item number="EN-US_TOPIC_0170595160" projectid="896642361" sourceprojectid="" version="A-1.1" baseline="" type="topic" sourcemapnum="EN-US_BOOKMAP_0170595359" sourcemapversion="A-1.225"/><item number="EN-US_TOPIC_0170595159" projectid="896642361" sourceprojectid="" version="A-1.1" baseline="" type="topic" sourcemapnum="EN-US_BOOKMAP_0170595359" sourcemapversion="A-1.225"/><item number="EN-US_TOPIC_0170595158" projectid="896642361" sourceprojectid="" version="A-1.1" baseline="" type="topic" sourcemapnum="EN-US_BOOKMAP_0170595359" sourcemapversion="A-1.225"/><item number="EN-US_TOPIC_0170595156" projectid="896642361" sourceprojectid="" version="A-1.1" baseline="" type="topic" sourcemapnum="EN-US_BOOKMAP_0170595359" sourcemapversion="A-1.225"/><item number="EN-US_TOPIC_0170595154" projectid="896642361" sourceprojectid="" version="A-1.2" baseline="" type="topic" sourcemapnum="EN-US_BOOKMAP_0170595359" sourcemapversion="A-1.225"/><item number="EN-US_TOPIC_0170595153" projectid="896642361" sourceprojectid="" version="A-1.1" baseline="" type="topic" sourcemapnum="EN-US_BOOKMAP_0170595359" sourcemapversion="A-1.225"/><item number="EN-US_TOPIC_0170595152" projectid="896642361" sourceprojectid="" version="A-1.1" baseline="" type="topic" sourcemapnum="EN-US_BOOKMAP_0170595359" sourcemapversion="A-1.225"/><item number="EN-US_TOPIC_0170595151" projectid="896642361" sourceprojectid="" version="A-1.1" baseline="" type="topic" sourcemapnum="EN-US_BOOKMAP_0170595359" sourcemapversion="A-1.225"/><item number="EN-US_TOPIC_0170595150" projectid="896642361" sourceprojectid="" version="A-1.1" baseline="" type="topic" sourcemapnum="EN-US_BOOKMAP_0170595359" sourcemapversion="A-1.225"/><item number="EN-US_TOPIC_0170595149" projectid="896642361" sourceprojectid="" version="A-1.1" baseline="" type="topic" sourcemapnum="EN-US_BOOKMAP_0170595359" sourcemapversion="A-1.225"/><item number="EN-US_TOPIC_0134282946" projectid="896642361" sourceprojectid="" version="A-1.1" baseline="" type="topic" sourcemapnum="EN-US_BOOKMAP_0109824756" sourcemapversion="A-1.21"/><item number="EN-US_TOPIC_0133995149" projectid="896642361" sourceprojectid="" version="A-1.2" baseline="" type="topic" sourcemapnum="EN-US_BOOKMAP_0133914925" sourcemapversion="A-1.7"/><item number="EN-US_TOPIC_0133995148" projectid="896642361" sourceprojectid="" version="A-1.3" baseline="" type="topic" sourcemapnum="EN-US_BOOKMAP_0133914925" sourcemapversion="A-1.7"/><item number="EN-US_TOPIC_0133995147" projectid="896642361" sourceprojectid="" version="A-1.4" baseline="" type="topic" sourcemapnum="EN-US_BOOKMAP_0133914925" sourcemapversion="A-1.7"/><item number="EN-US_TOPIC_0133995146" projectid="896642361" sourceprojectid="" version="A-1.2" baseline="" type="topic" sourcemapnum="EN-US_BOOKMAP_0133914925" sourcemapversion="A-1.7"/><item number="EN-US_TOPIC_0133995144" projectid="896642361" sourceprojectid="" version="A-1.2" baseline="" type="topic" sourcemapnum="EN-US_BOOKMAP_0133914925" sourcemapversion="A-1.7"/><item number="EN-US_TOPIC_0133995142" projectid="896642361" sourceprojectid="" version="A-1.2" baseline="" type="topic" sourcemapnum="EN-US_BOOKMAP_0133914925" sourcemapversion="A-1.7"/><item number="EN-US_TOPIC_0133995141" projectid="896642361" sourceprojectid="" version="A-1.2" baseline="" type="topic" sourcemapnum="EN-US_BOOKMAP_0133914925" sourcemapversion="A-1.7"/><item number="EN-US_TOPIC_0133995140" projectid="896642361" sourceprojectid="" version="A-1.2" baseline="" type="topic" sourcemapnum="EN-US_BOOKMAP_0133914925" sourcemapversion="A-1.7"/><item number="EN-US_TOPIC_0133995139" projectid="896642361" sourceprojectid="" version="A-1.2" baseline="" type="topic" sourcemapnum="EN-US_BOOKMAP_0133914925" sourcemapversion="A-1.7"/><item number="EN-US_TOPIC_0133995138" projectid="896642361" sourceprojectid="" version="A-1.2" baseline="" type="topic" sourcemapnum="EN-US_BOOKMAP_0133914925" sourcemapversion="A-1.7"/><item number="EN-US_TOPIC_0133995137" projectid="896642361" sourceprojectid="" version="A-1.3" baseline="" type="topic" sourcemapnum="EN-US_BOOKMAP_0133914925" sourcemapversion="A-1.7"/><item number="EN-US_TOPIC_0133995136" projectid="896642361" sourceprojectid="" version="A-1.2" baseline="" type="topic" sourcemapnum="EN-US_BOOKMAP_0133914925" sourcemapversion="A-1.7"/><item number="EN-US_TOPIC_0133995130" projectid="896642361" sourceprojectid="" version="A-1.2" baseline="" type="topic" sourcemapnum="EN-US_BOOKMAP_0133914925" sourcemapversion="A-1.7"/><item number="EN-US_TOPIC_0133995121" projectid="896642361" sourceprojectid="" version="A-1.2" baseline="" type="topic" sourcemapnum="EN-US_BOOKMAP_0133914925" sourcemapversion="A-1.7"/><item number="EN-US_TOPIC_0133915009" projectid="896642361" sourceprojectid="" version="A-1.1" baseline="" type="topic" sourcemapnum="EN-US_BOOKMAP_0133914925" sourcemapversion="A-1.7"/><item number="EN-US_TOPIC_0133914996" projectid="896642361" sourceprojectid="" version="A-1.1" baseline="" type="topic" sourcemapnum="EN-US_BOOKMAP_0133914925" sourcemapversion="A-1.7"/><item number="EN-US_TOPIC_0133914980" projectid="896642361" sourceprojectid="" version="A-1.1" baseline="" type="topic" sourcemapnum="EN-US_BOOKMAP_0133914925" sourcemapversion="A-1.7"/><item number="EN-US_TOPIC_0133914977" projectid="896642361" sourceprojectid="" version="A-1.1" baseline="" type="topic" sourcemapnum="EN-US_BOOKMAP_0133914925" sourcemapversion="A-1.7"/><item number="EN-US_TOPIC_0133914959" projectid="896642361" sourceprojectid="" version="A-1.1" baseline="" type="topic" sourcemapnum="EN-US_BOOKMAP_0133914925" sourcemapversion="A-1.7"/><item number="EN-US_TOPIC_0133914958" projectid="896642361" sourceprojectid="" version="A-1.1" baseline="" type="topic" sourcemapnum="EN-US_BOOKMAP_0133914925" sourcemapversion="A-1.7"/><item number="EN-US_TOPIC_0133914946" projectid="896642361" sourceprojectid="" version="A-1.4" baseline="" type="topic" sourcemapnum="EN-US_BOOKMAP_0133914925" sourcemapversion="A-1.7"/><item number="EN-US_TOPIC_0133914931" projectid="896642361" sourceprojectid="" version="A-1.1" baseline="" type="topic" sourcemapnum="EN-US_BOOKMAP_0133914925" sourcemapversion="A-1.7"/><item number="EN-US_BOOKMAP_0170595359" projectid="896642361" sourceprojectid="" version="A-1.225" baseline="" type="startmap" sourcemapnum="" sourcemapversion=""/></root>